<sweep jobNum="297" runs="1">
		
		<parameter constant_type="double" name="ab_prob_acute" type="constant" value="0.0168992959132" />
		<parameter constant_type="double" name="ab_prob_chronic" type="constant" value="0.600255825576" />
		<parameter constant_type="double" name="attrition_rate" type="constant" value="0.0443960518253" />
		<parameter constant_type="double" name="burn_in_days" type="constant" value="365.0" value_nob="0" />
		<parameter constant_type="number" name="dump_network_distances" type="constant" value="-1" />
		<parameter constant_type="double" name="homophily_strength" type="constant" value="0.668393892515" />
		<parameter constant_type="number" name="initial_pwid_count" type="constant" value="31343" />
		<parameter constant_type="double" name="interaction_home_cutoff" type="constant" value="1.72564912893" />
		<parameter constant_type="double" name="interaction_rate_constant" type="constant" value="0.0144955981364" />
		<parameter constant_type="double" name="interaction_rate_at_drug_sites" type="constant" value="0.000112242581814" />
		<parameter constant_type="double" name="interaction_rate_exzone" type="constant" value="0.0886252395328" />
		<parameter constant_type="double" name="mean_career_duration" type="constant" value="27.0652861042" />
        <parameter constant_type="double" name="mean_days_acute_naive" type="constant" value="87.4587736247" />
		<parameter constant_type="double" name="mean_days_acute_rechallenged" type="constant" value="32.6622554488" />
		<parameter constant_type="double" name="mean_days_naive_to_infectious" type="constant" value="2.16107051089" />
		<parameter constant_type="double" name="mean_enrichment_ChicagoNonNEP" type="constant" value="0.425895920593" />
		<parameter constant_type="double" name="mean_enrichment_suburbs" type="constant" value="1.88344361378" />
		<parameter constant_type="double" name="mean_tie_lifetime" type="constant" value="304.610043168" />
		<parameter constant_type="double" name="net_inflow" type="constant" value="0.0" />
		<parameter constant_type="double" name="nonNEP_age_boost" type="constant" value="2.35146487862" />
		<parameter constant_type="double" name="nonNEP_age_started_boost" type="constant" value="1.46688722756" />
		<parameter constant_type="double" name="nonNEP_degree_boost" type="constant" value="0.279507203223" />
		<parameter constant_type="double" name="nonNEP_hcv_ab_boost" type="constant" value="0.0125884568765" />
		<parameter constant_type="double" name="nonNEP_injection_ratio" type="constant" value="0.818170580314" />
		<parameter constant_type="double" name="nonNEP_sharing_boost" type="constant" value="0.359812214412" />
		<parameter constant_type="string" name="output_directory" type="constant" value="output" />
		<parameter constant_type="double" name="prob_cessation" type="constant" value="0.272040226654" />
		<parameter constant_type="double" name="prob_infected_when_arrive" type="constant" value="0.0306786652103" />
		<parameter constant_type="double" name="prob_self_limiting_female" type="constant" value="0.370260677548" />
		<parameter constant_type="double" name="prob_self_limiting_male" type="constant" value="0.116304314928" />
		<parameter constant_type="double" name="prob_clearing" type="constant" value="0.782808320975" />
		<parameter constant_type="double" name="pwid_maturity_threshold" type="constant" value="4.62707974305" />
        <parameter comment="365*5 + 365 burnin" constant_type="number" name="run_length" shortvalue="4015" type="constant" value="4040" />
        <parameter constant_type="double" name="status_report_frequency" type="constant" value="365.0" />
        <parameter constant_type="double" name="transmissibility" type="constant" value="0.028063703634" />
        <parameter constant_type="string" name="NEP_data" simulated_value="datagen/NEP_mock_2014.csv" type="constant" value="data/NEP_Risk_Base_Merge.csv" />
        <parameter constant_type="string" name="NHBS_data" simulated_value="datagen/NHBS_mock_2014.csv" type="constant" value="data/IDU2_HCV_model_012913_cleaned.csv" value2012="data/IDU3_2012-2014-04-17.csv" />
</sweep>