<sweep jobNum="107" runs="1">
		
		<parameter constant_type="double" name="ab_prob_acute" type="constant" value="0.0237663682354" />
		<parameter constant_type="double" name="ab_prob_chronic" type="constant" value="0.738835064478" />
		<parameter constant_type="double" name="attrition_rate" type="constant" value="0.0282026888043" />
		<parameter constant_type="double" name="burn_in_days" type="constant" value="365.0" value_nob="0" />
		<parameter constant_type="number" name="dump_network_distances" type="constant" value="-1" />
		<parameter constant_type="double" name="homophily_strength" type="constant" value="0.662947960296" />
		<parameter constant_type="number" name="initial_pwid_count" type="constant" value="30401" />
		<parameter constant_type="double" name="interaction_home_cutoff" type="constant" value="1.94007043853" />
		<parameter constant_type="double" name="interaction_rate_constant" type="constant" value="0.014985550643" />
		<parameter constant_type="double" name="interaction_rate_at_drug_sites" type="constant" value="0.000147031576403" />
		<parameter constant_type="double" name="interaction_rate_exzone" type="constant" value="0.0776915313149" />
		<parameter constant_type="double" name="mean_career_duration" type="constant" value="13.6035371966" />
        <parameter constant_type="double" name="mean_days_acute_naive" type="constant" value="96.9024522838" />
		<parameter constant_type="double" name="mean_days_acute_rechallenged" type="constant" value="27.6006820882" />
		<parameter constant_type="double" name="mean_days_naive_to_infectious" type="constant" value="2.2918954823" />
		<parameter constant_type="double" name="mean_enrichment_ChicagoNonNEP" type="constant" value="0.412274339409" />
		<parameter constant_type="double" name="mean_enrichment_suburbs" type="constant" value="2.29760690007" />
		<parameter constant_type="double" name="mean_tie_lifetime" type="constant" value="661.33659973" />
		<parameter constant_type="double" name="net_inflow" type="constant" value="0.0" />
		<parameter constant_type="double" name="nonNEP_age_boost" type="constant" value="2.80695292069" />
		<parameter constant_type="double" name="nonNEP_age_started_boost" type="constant" value="1.36589769575" />
		<parameter constant_type="double" name="nonNEP_degree_boost" type="constant" value="0.302267895688" />
		<parameter constant_type="double" name="nonNEP_hcv_ab_boost" type="constant" value="0.00375259962532" />
		<parameter constant_type="double" name="nonNEP_injection_ratio" type="constant" value="0.893175685142" />
		<parameter constant_type="double" name="nonNEP_sharing_boost" type="constant" value="0.313092510716" />
		<parameter constant_type="string" name="output_directory" type="constant" value="output" />
		<parameter constant_type="double" name="prob_cessation" type="constant" value="0.167562485965" />
		<parameter constant_type="double" name="prob_infected_when_arrive" type="constant" value="0.0738085520053" />
		<parameter constant_type="double" name="prob_self_limiting_female" type="constant" value="0.302339441292" />
		<parameter constant_type="double" name="prob_self_limiting_male" type="constant" value="0.138867018992" />
		<parameter constant_type="double" name="prob_clearing" type="constant" value="0.783521486862" />
		<parameter constant_type="double" name="pwid_maturity_threshold" type="constant" value="5.64412621092" />
        <parameter comment="365*5 + 365 burnin" constant_type="number" name="run_length" shortvalue="4015" type="constant" value="4040" />
        <parameter constant_type="double" name="status_report_frequency" type="constant" value="365.0" />
        <parameter constant_type="double" name="transmissibility" type="constant" value="0.0151711998938" />
        <parameter constant_type="string" name="NEP_data" simulated_value="datagen/NEP_mock_2014.csv" type="constant" value="data/NEP_Risk_Base_Merge.csv" />
        <parameter constant_type="string" name="NHBS_data" simulated_value="datagen/NHBS_mock_2014.csv" type="constant" value="data/IDU2_HCV_model_012913_cleaned.csv" value2012="data/IDU3_2012-2014-04-17.csv" />
</sweep>