<sweep jobNum="11" runs="1">
		
		<parameter constant_type="double" name="ab_prob_acute" type="constant" value="0.0117718183489" />
		<parameter constant_type="double" name="ab_prob_chronic" type="constant" value="0.701904028426" />
		<parameter constant_type="double" name="attrition_rate" type="constant" value="0.0326716703383" />
		<parameter constant_type="double" name="burn_in_days" type="constant" value="365.0" value_nob="0" />
		<parameter constant_type="number" name="dump_network_distances" type="constant" value="-1" />
		<parameter constant_type="double" name="homophily_strength" type="constant" value="0.701996589559" />
		<parameter constant_type="number" name="initial_pwid_count" type="constant" value="31914" />
		<parameter constant_type="double" name="interaction_home_cutoff" type="constant" value="2.22725546563" />
		<parameter constant_type="double" name="interaction_rate_constant" type="constant" value="0.0142827022584" />
		<parameter constant_type="double" name="interaction_rate_at_drug_sites" type="constant" value="5.07004371068e-05" />
		<parameter constant_type="double" name="interaction_rate_exzone" type="constant" value="0.0907025258443" />
		<parameter constant_type="double" name="mean_career_duration" type="constant" value="25.8279915837" />
        <parameter constant_type="double" name="mean_days_acute_naive" type="constant" value="112.652553801" />
		<parameter constant_type="double" name="mean_days_acute_rechallenged" type="constant" value="34.5615352156" />
		<parameter constant_type="double" name="mean_days_naive_to_infectious" type="constant" value="3.29216404039" />
		<parameter constant_type="double" name="mean_enrichment_ChicagoNonNEP" type="constant" value="0.407221797546" />
		<parameter constant_type="double" name="mean_enrichment_suburbs" type="constant" value="2.25441813817" />
		<parameter constant_type="double" name="mean_tie_lifetime" type="constant" value="547.727050462" />
		<parameter constant_type="double" name="net_inflow" type="constant" value="0.0" />
		<parameter constant_type="double" name="nonNEP_age_boost" type="constant" value="2.62389953411" />
		<parameter constant_type="double" name="nonNEP_age_started_boost" type="constant" value="1.38992959132" />
		<parameter constant_type="double" name="nonNEP_degree_boost" type="constant" value="0.156915313149" />
		<parameter constant_type="double" name="nonNEP_hcv_ab_boost" type="constant" value="0.00793024063496" />
		<parameter constant_type="double" name="nonNEP_injection_ratio" type="constant" value="0.873831662242" />
		<parameter constant_type="double" name="nonNEP_sharing_boost" type="constant" value="0.300187785588" />
		<parameter constant_type="string" name="output_directory" type="constant" value="output" />
		<parameter constant_type="double" name="prob_cessation" type="constant" value="0.22821952909" />
		<parameter constant_type="double" name="prob_infected_when_arrive" type="constant" value="0.0633640921699" />
		<parameter constant_type="double" name="prob_self_limiting_female" type="constant" value="0.332764540899" />
		<parameter constant_type="double" name="prob_self_limiting_male" type="constant" value="0.129349423248" />
		<parameter constant_type="double" name="prob_clearing" type="constant" value="0.752324137915" />
		<parameter constant_type="double" name="pwid_maturity_threshold" type="constant" value="3.27297259432" />
        <parameter comment="365*5 + 365 burnin" constant_type="number" name="run_length" shortvalue="4015" type="constant" value="4040" />
        <parameter constant_type="double" name="status_report_frequency" type="constant" value="365.0" />
        <parameter constant_type="double" name="transmissibility" type="constant" value="0.0122334371461" />
        <parameter constant_type="string" name="NEP_data" simulated_value="datagen/NEP_mock_2014.csv" type="constant" value="data/NEP_Risk_Base_Merge.csv" />
        <parameter constant_type="string" name="NHBS_data" simulated_value="datagen/NHBS_mock_2014.csv" type="constant" value="data/IDU2_HCV_model_012913_cleaned.csv" value2012="data/IDU3_2012-2014-04-17.csv" />
</sweep>