<sweep jobNum="132" runs="1">
		
		<parameter constant_type="double" name="ab_prob_acute" type="constant" value="0.0141158210633" />
		<parameter constant_type="double" name="ab_prob_chronic" type="constant" value="0.551514815327" />
		<parameter constant_type="double" name="attrition_rate" type="constant" value="0.0183317543734" />
		<parameter constant_type="double" name="burn_in_days" type="constant" value="365.0" value_nob="0" />
		<parameter constant_type="number" name="dump_network_distances" type="constant" value="-1" />
		<parameter constant_type="double" name="homophily_strength" type="constant" value="0.726843271872" />
		<parameter constant_type="number" name="initial_pwid_count" type="constant" value="32142" />
		<parameter constant_type="double" name="interaction_home_cutoff" type="constant" value="2.02567155119" />
		<parameter constant_type="double" name="interaction_rate_constant" type="constant" value="0.0193689986537" />
		<parameter constant_type="double" name="interaction_rate_at_drug_sites" type="constant" value="0.000142353364561" />
		<parameter constant_type="double" name="interaction_rate_exzone" type="constant" value="0.0959530871691" />
		<parameter constant_type="double" name="mean_career_duration" type="constant" value="18.5705333153" />
        <parameter constant_type="double" name="mean_days_acute_naive" type="constant" value="114.236333551" />
		<parameter constant_type="double" name="mean_days_acute_rechallenged" type="constant" value="19.9750650244" />
		<parameter constant_type="double" name="mean_days_naive_to_infectious" type="constant" value="3.20972938423" />
		<parameter constant_type="double" name="mean_enrichment_ChicagoNonNEP" type="constant" value="0.445129825787" />
		<parameter constant_type="double" name="mean_enrichment_suburbs" type="constant" value="2.31480922422" />
		<parameter constant_type="double" name="mean_tie_lifetime" type="constant" value="694.220464232" />
		<parameter constant_type="double" name="net_inflow" type="constant" value="0.0" />
		<parameter constant_type="double" name="nonNEP_age_boost" type="constant" value="2.39812987683" />
		<parameter constant_type="double" name="nonNEP_age_started_boost" type="constant" value="1.56554818728" />
		<parameter constant_type="double" name="nonNEP_degree_boost" type="constant" value="0.255751338511" />
		<parameter constant_type="double" name="nonNEP_hcv_ab_boost" type="constant" value="0.00192803466278" />
		<parameter constant_type="double" name="nonNEP_injection_ratio" type="constant" value="0.886886766273" />
		<parameter constant_type="double" name="nonNEP_sharing_boost" type="constant" value="0.317705144945" />
		<parameter constant_type="string" name="output_directory" type="constant" value="output" />
		<parameter constant_type="double" name="prob_cessation" type="constant" value="0.291425478834" />
		<parameter constant_type="double" name="prob_infected_when_arrive" type="constant" value="0.0478313562624" />
		<parameter constant_type="double" name="prob_self_limiting_female" type="constant" value="0.36867216093" />
		<parameter constant_type="double" name="prob_self_limiting_male" type="constant" value="0.107242220815" />
		<parameter constant_type="double" name="prob_clearing" type="constant" value="0.818992959132" />
		<parameter constant_type="double" name="pwid_maturity_threshold" type="constant" value="3.94317539235" />
        <parameter comment="365*5 + 365 burnin" constant_type="number" name="run_length" shortvalue="4015" type="constant" value="4040" />
        <parameter constant_type="double" name="status_report_frequency" type="constant" value="365.0" />
        <parameter constant_type="double" name="transmissibility" type="constant" value="0.00694508801601" />
        <parameter constant_type="string" name="NEP_data" simulated_value="datagen/NEP_mock_2014.csv" type="constant" value="data/NEP_Risk_Base_Merge.csv" />
        <parameter constant_type="string" name="NHBS_data" simulated_value="datagen/NHBS_mock_2014.csv" type="constant" value="data/IDU2_HCV_model_012913_cleaned.csv" value2012="data/IDU3_2012-2014-04-17.csv" />
</sweep>