<sweep jobNum="233" runs="1">
		
		<parameter constant_type="double" name="ab_prob_acute" type="constant" value="0.019857391101" />
		<parameter constant_type="double" name="ab_prob_chronic" type="constant" value="0.684955551264" />
		<parameter constant_type="double" name="attrition_rate" type="constant" value="0.0161842078224" />
		<parameter constant_type="double" name="burn_in_days" type="constant" value="365.0" value_nob="0" />
		<parameter constant_type="number" name="dump_network_distances" type="constant" value="-1" />
		<parameter constant_type="double" name="homophily_strength" type="constant" value="0.669590915019" />
		<parameter constant_type="number" name="initial_pwid_count" type="constant" value="33899" />
		<parameter constant_type="double" name="interaction_home_cutoff" type="constant" value="1.32091721177" />
		<parameter constant_type="double" name="interaction_rate_constant" type="constant" value="0.0130246386911" />
		<parameter constant_type="double" name="interaction_rate_at_drug_sites" type="constant" value="0.000118526019852" />
		<parameter constant_type="double" name="interaction_rate_exzone" type="constant" value="0.0919521380013" />
		<parameter constant_type="double" name="mean_career_duration" type="constant" value="19.6813840713" />
        <parameter constant_type="double" name="mean_days_acute_naive" type="constant" value="99.9298778003" />
		<parameter constant_type="double" name="mean_days_acute_rechallenged" type="constant" value="46.2864462755" />
		<parameter constant_type="double" name="mean_days_naive_to_infectious" type="constant" value="2.64774705194" />
		<parameter constant_type="double" name="mean_enrichment_ChicagoNonNEP" type="constant" value="0.564412621092" />
		<parameter constant_type="double" name="mean_enrichment_suburbs" type="constant" value="2.04140244399" />
		<parameter constant_type="double" name="mean_tie_lifetime" type="constant" value="352.321936075" />
		<parameter constant_type="double" name="net_inflow" type="constant" value="0.0" />
		<parameter constant_type="double" name="nonNEP_age_boost" type="constant" value="3.02139133485" />
		<parameter constant_type="double" name="nonNEP_age_started_boost" type="constant" value="2.19589355149" />
		<parameter constant_type="double" name="nonNEP_degree_boost" type="constant" value="0.331432231377" />
		<parameter constant_type="double" name="nonNEP_hcv_ab_boost" type="constant" value="0.00875481548311" />
		<parameter constant_type="double" name="nonNEP_injection_ratio" type="constant" value="0.860195095432" />
		<parameter constant_type="double" name="nonNEP_sharing_boost" type="constant" value="0.373862830295" />
		<parameter constant_type="string" name="output_directory" type="constant" value="output" />
		<parameter constant_type="double" name="prob_cessation" type="constant" value="0.164728673784" />
		<parameter constant_type="double" name="prob_infected_when_arrive" type="constant" value="0.040440876484" />
		<parameter constant_type="double" name="prob_self_limiting_female" type="constant" value="0.333353053392" />
		<parameter constant_type="double" name="prob_self_limiting_male" type="constant" value="0.119537299974" />
		<parameter constant_type="double" name="prob_clearing" type="constant" value="0.755936847193" />
		<parameter constant_type="double" name="pwid_maturity_threshold" type="constant" value="4.20985593554" />
        <parameter comment="365*5 + 365 burnin" constant_type="number" name="run_length" shortvalue="4015" type="constant" value="4040" />
        <parameter constant_type="double" name="status_report_frequency" type="constant" value="365.0" />
        <parameter constant_type="double" name="transmissibility" type="constant" value="0.0380210131774" />
        <parameter constant_type="string" name="NEP_data" simulated_value="datagen/NEP_mock_2014.csv" type="constant" value="data/NEP_Risk_Base_Merge.csv" />
        <parameter constant_type="string" name="NHBS_data" simulated_value="datagen/NHBS_mock_2014.csv" type="constant" value="data/IDU2_HCV_model_012913_cleaned.csv" value2012="data/IDU3_2012-2014-04-17.csv" />
</sweep>