<sweep jobNum="43" runs="1">
		
		<parameter constant_type="double" name="ab_prob_acute" type="constant" value="0.0116915313149" />
		<parameter constant_type="double" name="ab_prob_chronic" type="constant" value="0.70535499483" />
		<parameter constant_type="double" name="attrition_rate" type="constant" value="0.050559344087" />
		<parameter constant_type="double" name="burn_in_days" type="constant" value="365.0" value_nob="0" />
		<parameter constant_type="number" name="dump_network_distances" type="constant" value="-1" />
		<parameter constant_type="double" name="homophily_strength" type="constant" value="0.6653809874" />
		<parameter constant_type="number" name="initial_pwid_count" type="constant" value="30153" />
		<parameter constant_type="double" name="interaction_home_cutoff" type="constant" value="1.88853846489" />
		<parameter constant_type="double" name="interaction_rate_constant" type="constant" value="0.013922859244" />
		<parameter constant_type="double" name="interaction_rate_at_drug_sites" type="constant" value="0.000108164570529" />
		<parameter constant_type="double" name="interaction_rate_exzone" type="constant" value="0.0788454686738" />
		<parameter constant_type="double" name="mean_career_duration" type="constant" value="27.8299596742" />
        <parameter constant_type="double" name="mean_days_acute_naive" type="constant" value="116.204762555" />
		<parameter constant_type="double" name="mean_days_acute_rechallenged" type="constant" value="29.7706005598" />
		<parameter constant_type="double" name="mean_days_naive_to_infectious" type="constant" value="2.95149560531" />
		<parameter constant_type="double" name="mean_enrichment_ChicagoNonNEP" type="constant" value="0.394317539235" />
		<parameter constant_type="double" name="mean_enrichment_suburbs" type="constant" value="1.72258295437" />
		<parameter constant_type="double" name="mean_tie_lifetime" type="constant" value="360.033173935" />
		<parameter constant_type="double" name="net_inflow" type="constant" value="0.0" />
		<parameter constant_type="double" name="nonNEP_age_boost" type="constant" value="4.33294685183" />
		<parameter constant_type="double" name="nonNEP_age_started_boost" type="constant" value="1.53670858941" />
		<parameter constant_type="double" name="nonNEP_degree_boost" type="constant" value="0.241996589559" />
		<parameter constant_type="double" name="nonNEP_hcv_ab_boost" type="constant" value="0.0086380787947" />
		<parameter constant_type="double" name="nonNEP_injection_ratio" type="constant" value="0.869138368648" />
		<parameter constant_type="double" name="nonNEP_sharing_boost" type="constant" value="0.384819296838" />
		<parameter constant_type="string" name="output_directory" type="constant" value="output" />
		<parameter constant_type="double" name="prob_cessation" type="constant" value="0.250569684121" />
		<parameter constant_type="double" name="prob_infected_when_arrive" type="constant" value="0.0593245108977" />
		<parameter constant_type="double" name="prob_self_limiting_female" type="constant" value="0.328890050874" />
		<parameter constant_type="double" name="prob_self_limiting_male" type="constant" value="0.105453122789" />
		<parameter constant_type="double" name="prob_clearing" type="constant" value="0.786341160627" />
		<parameter constant_type="double" name="pwid_maturity_threshold" type="constant" value="3.56909373476" />
        <parameter comment="365*5 + 365 burnin" constant_type="number" name="run_length" shortvalue="4015" type="constant" value="4040" />
        <parameter constant_type="double" name="status_report_frequency" type="constant" value="365.0" />
        <parameter constant_type="double" name="transmissibility" type="constant" value="0.00964381544766" />
        <parameter constant_type="string" name="NEP_data" simulated_value="datagen/NEP_mock_2014.csv" type="constant" value="data/NEP_Risk_Base_Merge.csv" />
        <parameter constant_type="string" name="NHBS_data" simulated_value="datagen/NHBS_mock_2014.csv" type="constant" value="data/IDU2_HCV_model_012913_cleaned.csv" value2012="data/IDU3_2012-2014-04-17.csv" />
</sweep>