<sweep jobNum="151" runs="1">
		
		<parameter constant_type="double" name="ab_prob_acute" type="constant" value="0.0137732104312" />
		<parameter constant_type="double" name="ab_prob_chronic" type="constant" value="0.592334747831" />
		<parameter constant_type="double" name="attrition_rate" type="constant" value="0.0423486368103" />
		<parameter constant_type="double" name="burn_in_days" type="constant" value="365.0" value_nob="0" />
		<parameter constant_type="number" name="dump_network_distances" type="constant" value="-1" />
		<parameter constant_type="double" name="homophily_strength" type="constant" value="0.767908278823" />
		<parameter constant_type="number" name="initial_pwid_count" type="constant" value="33204" />
		<parameter constant_type="double" name="interaction_home_cutoff" type="constant" value="2.97675862085" />
		<parameter constant_type="double" name="interaction_rate_constant" type="constant" value="0.0108684305205" />
		<parameter constant_type="double" name="interaction_rate_at_drug_sites" type="constant" value="9.47138183683e-05" />
		<parameter constant_type="double" name="interaction_rate_exzone" type="constant" value="0.0920203730816" />
		<parameter constant_type="double" name="mean_career_duration" type="constant" value="26.4838866273" />
        <parameter constant_type="double" name="mean_days_acute_naive" type="constant" value="84.84290427" />
		<parameter constant_type="double" name="mean_days_acute_rechallenged" type="constant" value="17.1684812825" />
		<parameter constant_type="double" name="mean_days_naive_to_infectious" type="constant" value="3.62961844844" />
		<parameter constant_type="double" name="mean_enrichment_ChicagoNonNEP" type="constant" value="0.697198251573" />
		<parameter constant_type="double" name="mean_enrichment_suburbs" type="constant" value="1.68170580314" />
		<parameter constant_type="double" name="mean_tie_lifetime" type="constant" value="420.739868436" />
		<parameter constant_type="double" name="net_inflow" type="constant" value="0.0" />
		<parameter constant_type="double" name="nonNEP_age_boost" type="constant" value="4.24627030277" />
		<parameter constant_type="double" name="nonNEP_age_started_boost" type="constant" value="1.57705144945" />
		<parameter constant_type="double" name="nonNEP_degree_boost" type="constant" value="0.30576871248" />
		<parameter constant_type="double" name="nonNEP_hcv_ab_boost" type="constant" value="0.0101366198689" />
		<parameter constant_type="double" name="nonNEP_injection_ratio" type="constant" value="0.87224585792" />
		<parameter constant_type="double" name="nonNEP_sharing_boost" type="constant" value="0.386149977562" />
		<parameter constant_type="string" name="output_directory" type="constant" value="output" />
		<parameter constant_type="double" name="prob_cessation" type="constant" value="0.256407036368" />
		<parameter constant_type="double" name="prob_infected_when_arrive" type="constant" value="0.0394990418689" />
		<parameter constant_type="double" name="prob_self_limiting_female" type="constant" value="0.386834972026" />
		<parameter constant_type="double" name="prob_self_limiting_male" type="constant" value="0.114285367199" />
		<parameter constant_type="double" name="prob_clearing" type="constant" value="0.852567155119" />
		<parameter constant_type="double" name="pwid_maturity_threshold" type="constant" value="3.33830626297" />
        <parameter comment="365*5 + 365 burnin" constant_type="number" name="run_length" shortvalue="4015" type="constant" value="4040" />
        <parameter constant_type="double" name="status_report_frequency" type="constant" value="365.0" />
        <parameter constant_type="double" name="transmissibility" type="constant" value="0.0293797866943" />
        <parameter constant_type="string" name="NEP_data" simulated_value="datagen/NEP_mock_2014.csv" type="constant" value="data/NEP_Risk_Base_Merge.csv" />
        <parameter constant_type="string" name="NHBS_data" simulated_value="datagen/NHBS_mock_2014.csv" type="constant" value="data/IDU2_HCV_model_012913_cleaned.csv" value2012="data/IDU3_2012-2014-04-17.csv" />
</sweep>