<sweep jobNum="216" runs="1">
		
		<parameter constant_type="double" name="ab_prob_acute" type="constant" value="0.0219808134931" />
		<parameter constant_type="double" name="ab_prob_chronic" type="constant" value="0.71588374003" />
		<parameter constant_type="double" name="attrition_rate" type="constant" value="0.0382361333919" />
		<parameter constant_type="double" name="burn_in_days" type="constant" value="365.0" value_nob="0" />
		<parameter constant_type="number" name="dump_network_distances" type="constant" value="-1" />
		<parameter constant_type="double" name="homophily_strength" type="constant" value="0.652974741557" />
		<parameter constant_type="number" name="initial_pwid_count" type="constant" value="33645" />
		<parameter constant_type="double" name="interaction_home_cutoff" type="constant" value="2.08853002799" />
		<parameter constant_type="double" name="interaction_rate_constant" type="constant" value="0.0188215155066" />
		<parameter constant_type="double" name="interaction_rate_at_drug_sites" type="constant" value="0.000102996478074" />
		<parameter constant_type="double" name="interaction_rate_exzone" type="constant" value="0.0914819296838" />
		<parameter constant_type="double" name="mean_career_duration" type="constant" value="12.8132090785" />
        <parameter constant_type="double" name="mean_days_acute_naive" type="constant" value="116.880345003" />
		<parameter constant_type="double" name="mean_days_acute_rechallenged" type="constant" value="47.1707737581" />
		<parameter constant_type="double" name="mean_days_naive_to_infectious" type="constant" value="3.54819296838" />
		<parameter constant_type="double" name="mean_enrichment_ChicagoNonNEP" type="constant" value="0.346394298293" />
		<parameter constant_type="double" name="mean_enrichment_suburbs" type="constant" value="1.96431872163" />
		<parameter constant_type="double" name="mean_tie_lifetime" type="constant" value="579.164375542" />
		<parameter constant_type="double" name="net_inflow" type="constant" value="0.0" />
		<parameter constant_type="double" name="nonNEP_age_boost" type="constant" value="3.01283452248" />
		<parameter constant_type="double" name="nonNEP_age_started_boost" type="constant" value="1.86907489284" />
		<parameter constant_type="double" name="nonNEP_degree_boost" type="constant" value="0.219027061577" />
		<parameter constant_type="double" name="nonNEP_hcv_ab_boost" type="constant" value="0.0189031317579" />
		<parameter constant_type="double" name="nonNEP_injection_ratio" type="constant" value="0.85729864472" />
		<parameter constant_type="double" name="nonNEP_sharing_boost" type="constant" value="0.381533960744" />
		<parameter constant_type="string" name="output_directory" type="constant" value="output" />
		<parameter constant_type="double" name="prob_cessation" type="constant" value="0.153571083832" />
		<parameter constant_type="double" name="prob_infected_when_arrive" type="constant" value="0.0583891753692" />
		<parameter constant_type="double" name="prob_self_limiting_female" type="constant" value="0.397276051649" />
		<parameter constant_type="double" name="prob_self_limiting_male" type="constant" value="0.105606852347" />
		<parameter constant_type="double" name="prob_clearing" type="constant" value="0.89449171584" />
		<parameter constant_type="double" name="pwid_maturity_threshold" type="constant" value="5.63212214969" />
        <parameter comment="365*5 + 365 burnin" constant_type="number" name="run_length" shortvalue="4015" type="constant" value="4040" />
        <parameter constant_type="double" name="status_report_frequency" type="constant" value="365.0" />
        <parameter constant_type="double" name="transmissibility" type="constant" value="0.00922992889884" />
        <parameter constant_type="string" name="NEP_data" simulated_value="datagen/NEP_mock_2014.csv" type="constant" value="data/NEP_Risk_Base_Merge.csv" />
        <parameter constant_type="string" name="NHBS_data" simulated_value="datagen/NHBS_mock_2014.csv" type="constant" value="data/IDU2_HCV_model_012913_cleaned.csv" value2012="data/IDU3_2012-2014-04-17.csv" />
</sweep>