<sweep jobNum="37" runs="1">
		
		<parameter constant_type="double" name="ab_prob_acute" type="constant" value="0.0129920605542" />
		<parameter constant_type="double" name="ab_prob_chronic" type="constant" value="0.654929626671" />
		<parameter constant_type="double" name="attrition_rate" type="constant" value="0.0252068682133" />
		<parameter constant_type="double" name="burn_in_days" type="constant" value="365.0" value_nob="0" />
		<parameter constant_type="number" name="dump_network_distances" type="constant" value="-1" />
		<parameter constant_type="double" name="homophily_strength" type="constant" value="0.69857391101" />
		<parameter constant_type="number" name="initial_pwid_count" type="constant" value="32303" />
		<parameter constant_type="double" name="interaction_home_cutoff" type="constant" value="1.9857391101" />
		<parameter constant_type="double" name="interaction_rate_constant" type="constant" value="0.0215907409419" />
		<parameter constant_type="double" name="interaction_rate_at_drug_sites" type="constant" value="0.000140742107678" />
		<parameter constant_type="double" name="interaction_rate_exzone" type="constant" value="0.0818013581854" />
		<parameter constant_type="double" name="mean_career_duration" type="constant" value="18.0794143348" />
        <parameter constant_type="double" name="mean_days_acute_naive" type="constant" value="119.519848615" />
		<parameter constant_type="double" name="mean_days_acute_rechallenged" type="constant" value="35.0450589611" />
		<parameter constant_type="double" name="mean_days_naive_to_infectious" type="constant" value="3.28621629026" />
		<parameter constant_type="double" name="mean_enrichment_ChicagoNonNEP" type="constant" value="0.476559378065" />
		<parameter constant_type="double" name="mean_enrichment_suburbs" type="constant" value="1.64227343369" />
		<parameter constant_type="double" name="mean_tie_lifetime" type="constant" value="888.608693145" />
		<parameter constant_type="double" name="net_inflow" type="constant" value="0.0" />
		<parameter constant_type="double" name="nonNEP_age_boost" type="constant" value="2.51690534181" />
		<parameter constant_type="double" name="nonNEP_age_started_boost" type="constant" value="2.44524431439" />
		<parameter constant_type="double" name="nonNEP_degree_boost" type="constant" value="0.295483409125" />
		<parameter constant_type="double" name="nonNEP_hcv_ab_boost" type="constant" value="0.00389964053635" />
		<parameter constant_type="double" name="nonNEP_injection_ratio" type="constant" value="0.871305107602" />
		<parameter constant_type="double" name="nonNEP_sharing_boost" type="constant" value="0.282974741557" />
		<parameter constant_type="string" name="output_directory" type="constant" value="output" />
		<parameter constant_type="double" name="prob_cessation" type="constant" value="0.142195546049" />
		<parameter constant_type="double" name="prob_infected_when_arrive" type="constant" value="0.0147921173234" />
		<parameter constant_type="double" name="prob_self_limiting_female" type="constant" value="0.386045641542" />
		<parameter constant_type="double" name="prob_self_limiting_male" type="constant" value="0.103362407517" />
		<parameter constant_type="double" name="prob_clearing" type="constant" value="0.868065904557" />
		<parameter constant_type="double" name="pwid_maturity_threshold" type="constant" value="5.37292025695" />
        <parameter comment="365*5 + 365 burnin" constant_type="number" name="run_length" shortvalue="4015" type="constant" value="4040" />
        <parameter constant_type="double" name="status_report_frequency" type="constant" value="365.0" />
        <parameter constant_type="double" name="transmissibility" type="constant" value="0.0206864609807" />
        <parameter constant_type="string" name="NEP_data" simulated_value="datagen/NEP_mock_2014.csv" type="constant" value="data/NEP_Risk_Base_Merge.csv" />
        <parameter constant_type="string" name="NHBS_data" simulated_value="datagen/NHBS_mock_2014.csv" type="constant" value="data/IDU2_HCV_model_012913_cleaned.csv" value2012="data/IDU3_2012-2014-04-17.csv" />
</sweep>