<sweep jobNum="114" runs="1">
		
		<parameter constant_type="double" name="ab_prob_acute" type="constant" value="0.028069176459" />
		<parameter constant_type="double" name="ab_prob_chronic" type="constant" value="0.591525755521" />
		<parameter constant_type="double" name="attrition_rate" type="constant" value="0.0527186821261" />
		<parameter constant_type="double" name="burn_in_days" type="constant" value="365.0" value_nob="0" />
		<parameter constant_type="number" name="dump_network_distances" type="constant" value="-1" />
		<parameter constant_type="double" name="homophily_strength" type="constant" value="0.751533960744" />
		<parameter constant_type="number" name="initial_pwid_count" type="constant" value="32085" />
		<parameter constant_type="double" name="interaction_home_cutoff" type="constant" value="1.43180949779" />
		<parameter constant_type="double" name="interaction_rate_constant" type="constant" value="0.0129469823419" />
		<parameter constant_type="double" name="interaction_rate_at_drug_sites" type="constant" value="5.51435453027e-05" />
		<parameter constant_type="double" name="interaction_rate_exzone" type="constant" value="0.0844825938643" />
		<parameter constant_type="double" name="mean_career_duration" type="constant" value="28.2086809273" />
        <parameter constant_type="double" name="mean_days_acute_naive" type="constant" value="96.7567653943" />
		<parameter constant_type="double" name="mean_days_acute_rechallenged" type="constant" value="37.5326648968" />
		<parameter constant_type="double" name="mean_days_naive_to_infectious" type="constant" value="2.11980293308" />
		<parameter constant_type="double" name="mean_enrichment_ChicagoNonNEP" type="constant" value="0.322273753089" />
		<parameter constant_type="double" name="mean_enrichment_suburbs" type="constant" value="2.13421635936" />
		<parameter constant_type="double" name="mean_tie_lifetime" type="constant" value="726.12288278" />
		<parameter constant_type="double" name="net_inflow" type="constant" value="0.0" />
		<parameter constant_type="double" name="nonNEP_age_boost" type="constant" value="2.91867585984" />
		<parameter constant_type="double" name="nonNEP_age_started_boost" type="constant" value="2.4912185676" />
		<parameter constant_type="double" name="nonNEP_degree_boost" type="constant" value="0.204774705194" />
		<parameter constant_type="double" name="nonNEP_hcv_ab_boost" type="constant" value="0.0192976953208" />
		<parameter constant_type="double" name="nonNEP_injection_ratio" type="constant" value="0.88288435624" />
		<parameter constant_type="double" name="nonNEP_sharing_boost" type="constant" value="0.299590915019" />
		<parameter constant_type="string" name="output_directory" type="constant" value="output" />
		<parameter constant_type="double" name="prob_cessation" type="constant" value="0.172401691598" />
		<parameter constant_type="double" name="prob_infected_when_arrive" type="constant" value="0.010929655166" />
		<parameter constant_type="double" name="prob_self_limiting_female" type="constant" value="0.371225572363" />
		<parameter constant_type="double" name="prob_self_limiting_male" type="constant" value="0.126444022318" />
		<parameter constant_type="double" name="prob_clearing" type="constant" value="0.771655820606" />
		<parameter constant_type="double" name="pwid_maturity_threshold" type="constant" value="6.20407461632" />
        <parameter comment="365*5 + 365 burnin" constant_type="number" name="run_length" shortvalue="4015" type="constant" value="4040" />
        <parameter constant_type="double" name="status_report_frequency" type="constant" value="365.0" />
        <parameter constant_type="double" name="transmissibility" type="constant" value="0.0314076737431" />
        <parameter constant_type="string" name="NEP_data" simulated_value="datagen/NEP_mock_2014.csv" type="constant" value="data/NEP_Risk_Base_Merge.csv" />
        <parameter constant_type="string" name="NHBS_data" simulated_value="datagen/NHBS_mock_2014.csv" type="constant" value="data/IDU2_HCV_model_012913_cleaned.csv" value2012="data/IDU3_2012-2014-04-17.csv" />
</sweep>