<sweep jobNum="193" runs="1">
		
		<parameter constant_type="double" name="ab_prob_acute" type="constant" value="0.012918954823" />
		<parameter constant_type="double" name="ab_prob_chronic" type="constant" value="0.636600523843" />
		<parameter constant_type="double" name="attrition_rate" type="constant" value="0.0222198797793" />
		<parameter constant_type="double" name="burn_in_days" type="constant" value="365.0" value_nob="0" />
		<parameter constant_type="number" name="dump_network_distances" type="constant" value="-1" />
		<parameter constant_type="double" name="homophily_strength" type="constant" value="0.603239149757" />
		<parameter constant_type="number" name="initial_pwid_count" type="constant" value="31059" />
		<parameter constant_type="double" name="interaction_home_cutoff" type="constant" value="1.45180703162" />
		<parameter constant_type="double" name="interaction_rate_constant" type="constant" value="0.0151241626336" />
		<parameter constant_type="double" name="interaction_rate_at_drug_sites" type="constant" value="8.65783640639e-05" />
		<parameter constant_type="double" name="interaction_rate_exzone" type="constant" value="0.0916149977562" />
		<parameter constant_type="double" name="mean_career_duration" type="constant" value="14.1908478368" />
        <parameter constant_type="double" name="mean_days_acute_naive" type="constant" value="95.1412282233" />
		<parameter constant_type="double" name="mean_days_acute_rechallenged" type="constant" value="21.317953915" />
		<parameter constant_type="double" name="mean_days_naive_to_infectious" type="constant" value="2.71972135187" />
		<parameter constant_type="double" name="mean_enrichment_ChicagoNonNEP" type="constant" value="0.65824371352" />
		<parameter constant_type="double" name="mean_enrichment_suburbs" type="constant" value="2.06434902644" />
		<parameter constant_type="double" name="mean_tie_lifetime" type="constant" value="504.323115669" />
		<parameter constant_type="double" name="net_inflow" type="constant" value="0.0" />
		<parameter constant_type="double" name="nonNEP_age_boost" type="constant" value="4.45141275364" />
		<parameter constant_type="double" name="nonNEP_age_started_boost" type="constant" value="1.4610219121" />
		<parameter constant_type="double" name="nonNEP_degree_boost" type="constant" value="0.173521486862" />
		<parameter constant_type="double" name="nonNEP_hcv_ab_boost" type="constant" value="0.00921888207529" />
		<parameter constant_type="double" name="nonNEP_injection_ratio" type="constant" value="0.833294884788" />
		<parameter constant_type="double" name="nonNEP_sharing_boost" type="constant" value="0.287389784796" />
		<parameter constant_type="string" name="output_directory" type="constant" value="output" />
		<parameter constant_type="double" name="prob_cessation" type="constant" value="0.251731470906" />
		<parameter constant_type="double" name="prob_infected_when_arrive" type="constant" value="0.0234085947447" />
		<parameter constant_type="double" name="prob_self_limiting_female" type="constant" value="0.315471270003" />
		<parameter constant_type="double" name="prob_self_limiting_male" type="constant" value="0.112819095123" />
		<parameter constant_type="double" name="prob_clearing" type="constant" value="0.879216404039" />
		<parameter constant_type="double" name="pwid_maturity_threshold" type="constant" value="5.32658282118" />
        <parameter comment="365*5 + 365 burnin" constant_type="number" name="run_length" shortvalue="4015" type="constant" value="4040" />
        <parameter constant_type="double" name="status_report_frequency" type="constant" value="365.0" />
        <parameter constant_type="double" name="transmissibility" type="constant" value="0.0336263720457" />
        <parameter constant_type="string" name="NEP_data" simulated_value="datagen/NEP_mock_2014.csv" type="constant" value="data/NEP_Risk_Base_Merge.csv" />
        <parameter constant_type="string" name="NHBS_data" simulated_value="datagen/NHBS_mock_2014.csv" type="constant" value="data/IDU2_HCV_model_012913_cleaned.csv" value2012="data/IDU3_2012-2014-04-17.csv" />
</sweep>