<sweep jobNum="130" runs="1">
		
		<parameter constant_type="double" name="ab_prob_acute" type="constant" value="0.0203137804265" />
		<parameter constant_type="double" name="ab_prob_chronic" type="constant" value="0.588256159072" />
		<parameter constant_type="double" name="attrition_rate" type="constant" value="0.0274958310295" />
		<parameter constant_type="double" name="burn_in_days" type="constant" value="365.0" value_nob="0" />
		<parameter constant_type="number" name="dump_network_distances" type="constant" value="-1" />
		<parameter constant_type="double" name="homophily_strength" type="constant" value="0.659875325122" />
		<parameter constant_type="number" name="initial_pwid_count" type="constant" value="32349" />
		<parameter constant_type="double" name="interaction_home_cutoff" type="constant" value="1.17718183489" />
		<parameter constant_type="double" name="interaction_rate_constant" type="constant" value="0.0168067108763" />
		<parameter constant_type="double" name="interaction_rate_at_drug_sites" type="constant" value="0.000109323006424" />
		<parameter constant_type="double" name="interaction_rate_exzone" type="constant" value="0.092935206347" />
		<parameter constant_type="double" name="mean_career_duration" type="constant" value="29.5836763163" />
        <parameter constant_type="double" name="mean_days_acute_naive" type="constant" value="108.563098832" />
		<parameter constant_type="double" name="mean_days_acute_rechallenged" type="constant" value="36.0249349756" />
		<parameter constant_type="double" name="mean_days_naive_to_infectious" type="constant" value="3.54157593588" />
		<parameter constant_type="double" name="mean_enrichment_ChicagoNonNEP" type="constant" value="0.60176725527" />
		<parameter constant_type="double" name="mean_enrichment_suburbs" type="constant" value="2.05286181632" />
		<parameter constant_type="double" name="mean_tie_lifetime" type="constant" value="374.948856053" />
		<parameter constant_type="double" name="net_inflow" type="constant" value="0.0" />
		<parameter constant_type="double" name="nonNEP_age_boost" type="constant" value="2.04511740941" />
		<parameter constant_type="double" name="nonNEP_age_started_boost" type="constant" value="1.10478619987" />
		<parameter constant_type="double" name="nonNEP_degree_boost" type="constant" value="0.18250932383" />
		<parameter constant_type="double" name="nonNEP_hcv_ab_boost" type="constant" value="0.00291364400529" />
		<parameter constant_type="double" name="nonNEP_injection_ratio" type="constant" value="0.838051095605" />
		<parameter constant_type="double" name="nonNEP_sharing_boost" type="constant" value="0.39088889632" />
		<parameter constant_type="string" name="output_directory" type="constant" value="output" />
		<parameter constant_type="double" name="prob_cessation" type="constant" value="0.136949968961" />
		<parameter constant_type="double" name="prob_infected_when_arrive" type="constant" value="0.0825936861426" />
		<parameter constant_type="double" name="prob_self_limiting_female" type="constant" value="0.357198173411" />
		<parameter constant_type="double" name="prob_self_limiting_male" type="constant" value="0.134378635721" />
		<parameter constant_type="double" name="prob_clearing" type="constant" value="0.837705144945" />
		<parameter constant_type="double" name="pwid_maturity_threshold" type="constant" value="4.37985918265" />
        <parameter comment="365*5 + 365 burnin" constant_type="number" name="run_length" shortvalue="4015" type="constant" value="4040" />
        <parameter constant_type="double" name="status_report_frequency" type="constant" value="365.0" />
        <parameter constant_type="double" name="transmissibility" type="constant" value="0.0295301106952" />
        <parameter constant_type="string" name="NEP_data" simulated_value="datagen/NEP_mock_2014.csv" type="constant" value="data/NEP_Risk_Base_Merge.csv" />
        <parameter constant_type="string" name="NHBS_data" simulated_value="datagen/NHBS_mock_2014.csv" type="constant" value="data/IDU2_HCV_model_012913_cleaned.csv" value2012="data/IDU3_2012-2014-04-17.csv" />
</sweep>