<sweep jobNum="204" runs="1">
		
		<parameter constant_type="double" name="ab_prob_acute" type="constant" value="0.012087814324" />
		<parameter constant_type="double" name="ab_prob_chronic" type="constant" value="0.553584860739" />
		<parameter constant_type="double" name="attrition_rate" type="constant" value="0.0456584036981" />
		<parameter constant_type="double" name="burn_in_days" type="constant" value="365.0" value_nob="0" />
		<parameter constant_type="number" name="dump_network_distances" type="constant" value="-1" />
		<parameter constant_type="double" name="homophily_strength" type="constant" value="0.641835094499" />
		<parameter constant_type="number" name="initial_pwid_count" type="constant" value="30768" />
		<parameter constant_type="double" name="interaction_home_cutoff" type="constant" value="2.73773532547" />
		<parameter constant_type="double" name="interaction_rate_constant" type="constant" value="0.0161197953735" />
		<parameter constant_type="double" name="interaction_rate_at_drug_sites" type="constant" value="0.000143591252611" />
		<parameter constant_type="double" name="interaction_rate_exzone" type="constant" value="0.0953179015699" />
		<parameter constant_type="double" name="mean_career_duration" type="constant" value="20.1201101283" />
        <parameter constant_type="double" name="mean_days_acute_naive" type="constant" value="85.2020802438" />
		<parameter constant_type="double" name="mean_days_acute_rechallenged" type="constant" value="16.0957239973" />
		<parameter constant_type="double" name="mean_days_naive_to_infectious" type="constant" value="3.32206310546" />
		<parameter constant_type="double" name="mean_enrichment_ChicagoNonNEP" type="constant" value="0.517706005598" />
		<parameter constant_type="double" name="mean_enrichment_suburbs" type="constant" value="1.58457656574" />
		<parameter constant_type="double" name="mean_tie_lifetime" type="constant" value="545.957735017" />
		<parameter constant_type="double" name="net_inflow" type="constant" value="0.0" />
		<parameter constant_type="double" name="nonNEP_age_boost" type="constant" value="2.67665401367" />
		<parameter constant_type="double" name="nonNEP_age_started_boost" type="constant" value="1.0423128752" />
		<parameter constant_type="double" name="nonNEP_degree_boost" type="constant" value="0.29749067617" />
		<parameter constant_type="double" name="nonNEP_hcv_ab_boost" type="constant" value="0.0173629643544" />
		<parameter constant_type="double" name="nonNEP_injection_ratio" type="constant" value="0.885772656631" />
		<parameter constant_type="double" name="nonNEP_sharing_boost" type="constant" value="0.401545313262" />
		<parameter constant_type="string" name="output_directory" type="constant" value="output" />
		<parameter constant_type="double" name="prob_cessation" type="constant" value="0.262328832308" />
		<parameter constant_type="double" name="prob_infected_when_arrive" type="constant" value="0.0732659622005" />
		<parameter constant_type="double" name="prob_self_limiting_female" type="constant" value="0.382982720878" />
		<parameter constant_type="double" name="prob_self_limiting_male" type="constant" value="0.124688606916" />
		<parameter constant_type="double" name="prob_clearing" type="constant" value="0.879812214412" />
		<parameter constant_type="double" name="pwid_maturity_threshold" type="constant" value="3.76846135446" />
        <parameter comment="365*5 + 365 burnin" constant_type="number" name="run_length" shortvalue="4015" type="constant" value="4040" />
        <parameter constant_type="double" name="status_report_frequency" type="constant" value="365.0" />
        <parameter constant_type="double" name="transmissibility" type="constant" value="0.0132756873847" />
        <parameter constant_type="string" name="NEP_data" simulated_value="datagen/NEP_mock_2014.csv" type="constant" value="data/NEP_Risk_Base_Merge.csv" />
        <parameter constant_type="string" name="NHBS_data" simulated_value="datagen/NHBS_mock_2014.csv" type="constant" value="data/IDU2_HCV_model_012913_cleaned.csv" value2012="data/IDU3_2012-2014-04-17.csv" />
</sweep>