<sweep jobNum="208" runs="1">
		
		<parameter constant_type="double" name="ab_prob_acute" type="constant" value="0.026088889632" />
		<parameter constant_type="double" name="ab_prob_chronic" type="constant" value="0.700530568216" />
		<parameter constant_type="double" name="attrition_rate" type="constant" value="0.0197511903296" />
		<parameter constant_type="double" name="burn_in_days" type="constant" value="365.0" value_nob="0" />
		<parameter constant_type="number" name="dump_network_distances" type="constant" value="-1" />
		<parameter constant_type="double" name="homophily_strength" type="constant" value="0.63064793653" />
		<parameter constant_type="number" name="initial_pwid_count" type="constant" value="33056" />
		<parameter constant_type="double" name="interaction_home_cutoff" type="constant" value="2.62267895688" />
		<parameter constant_type="double" name="interaction_rate_constant" type="constant" value="0.0202927187957" />
		<parameter constant_type="double" name="interaction_rate_at_drug_sites" type="constant" value="0.00012224585792" />
		<parameter constant_type="double" name="interaction_rate_exzone" type="constant" value="0.0885073364393" />
		<parameter constant_type="double" name="mean_career_duration" type="constant" value="12.9768603095" />
        <parameter constant_type="double" name="mean_days_acute_naive" type="constant" value="85.0229302943" />
		<parameter constant_type="double" name="mean_days_acute_rechallenged" type="constant" value="22.1567191922" />
		<parameter constant_type="double" name="mean_days_naive_to_infectious" type="constant" value="2.87705144945" />
		<parameter constant_type="double" name="mean_enrichment_ChicagoNonNEP" type="constant" value="0.689909409341" />
		<parameter constant_type="double" name="mean_enrichment_suburbs" type="constant" value="2.33595839512" />
		<parameter constant_type="double" name="mean_tie_lifetime" type="constant" value="537.066951164" />
		<parameter constant_type="double" name="net_inflow" type="constant" value="0.0" />
		<parameter constant_type="double" name="nonNEP_age_boost" type="constant" value="2.5884736934" />
		<parameter constant_type="double" name="nonNEP_age_started_boost" type="constant" value="1.31723262705" />
		<parameter constant_type="double" name="nonNEP_degree_boost" type="constant" value="0.324706729122" />
		<parameter constant_type="double" name="nonNEP_hcv_ab_boost" type="constant" value="0.00440271317234" />
		<parameter constant_type="double" name="nonNEP_injection_ratio" type="constant" value="0.891946474456" />
		<parameter constant_type="double" name="nonNEP_sharing_boost" type="constant" value="0.349226749308" />
		<parameter constant_type="string" name="output_directory" type="constant" value="output" />
		<parameter constant_type="double" name="prob_cessation" type="constant" value="0.20151953747" />
		<parameter constant_type="double" name="prob_infected_when_arrive" type="constant" value="0.045311875613" />
		<parameter constant_type="double" name="prob_self_limiting_female" type="constant" value="0.394015019117" />
		<parameter constant_type="double" name="prob_self_limiting_male" type="constant" value="0.100870230684" />
		<parameter constant_type="double" name="prob_clearing" type="constant" value="0.858853002799" />
		<parameter constant_type="double" name="pwid_maturity_threshold" type="constant" value="5.6682046085" />
        <parameter comment="365*5 + 365 burnin" constant_type="number" name="run_length" shortvalue="4015" type="constant" value="4040" />
        <parameter constant_type="double" name="status_report_frequency" type="constant" value="365.0" />
        <parameter constant_type="double" name="transmissibility" type="constant" value="0.0213864466853" />
        <parameter constant_type="string" name="NEP_data" simulated_value="datagen/NEP_mock_2014.csv" type="constant" value="data/NEP_Risk_Base_Merge.csv" />
        <parameter constant_type="string" name="NHBS_data" simulated_value="datagen/NHBS_mock_2014.csv" type="constant" value="data/IDU2_HCV_model_012913_cleaned.csv" value2012="data/IDU3_2012-2014-04-17.csv" />
</sweep>