<sweep jobNum="111" runs="1">
		
		<parameter constant_type="double" name="ab_prob_acute" type="constant" value="0.0232206310546" />
		<parameter constant_type="double" name="ab_prob_chronic" type="constant" value="0.597122685061" />
		<parameter constant_type="double" name="attrition_rate" type="constant" value="0.0471678017054" />
		<parameter constant_type="double" name="burn_in_days" type="constant" value="365.0" value_nob="0" />
		<parameter constant_type="number" name="dump_network_distances" type="constant" value="-1" />
		<parameter constant_type="double" name="homophily_strength" type="constant" value="0.791432231377" />
		<parameter constant_type="number" name="initial_pwid_count" type="constant" value="30239" />
		<parameter constant_type="double" name="interaction_home_cutoff" type="constant" value="2.33410230425" />
		<parameter constant_type="double" name="interaction_rate_constant" type="constant" value="0.0201177029752" />
		<parameter constant_type="double" name="interaction_rate_at_drug_sites" type="constant" value="7.25903515811e-05" />
		<parameter constant_type="double" name="interaction_rate_exzone" type="constant" value="0.085857391101" />
		<parameter constant_type="double" name="mean_career_duration" type="constant" value="34.8338538959" />
        <parameter constant_type="double" name="mean_days_acute_naive" type="constant" value="93.7980809805" />
		<parameter constant_type="double" name="mean_days_acute_rechallenged" type="constant" value="16.501864766" />
		<parameter constant_type="double" name="mean_days_naive_to_infectious" type="constant" value="2.97432844881" />
		<parameter constant_type="double" name="mean_enrichment_ChicagoNonNEP" type="constant" value="0.408490368289" />
		<parameter constant_type="double" name="mean_enrichment_suburbs" type="constant" value="1.87757418186" />
		<parameter constant_type="double" name="mean_tie_lifetime" type="constant" value="837.538193925" />
		<parameter constant_type="double" name="net_inflow" type="constant" value="0.0" />
		<parameter constant_type="double" name="nonNEP_age_boost" type="constant" value="2.83280769733" />
		<parameter constant_type="double" name="nonNEP_age_started_boost" type="constant" value="2.47571211535" />
		<parameter constant_type="double" name="nonNEP_degree_boost" type="constant" value="0.228279689033" />
		<parameter constant_type="double" name="nonNEP_hcv_ab_boost" type="constant" value="0.00810850747774" />
		<parameter constant_type="double" name="nonNEP_injection_ratio" type="constant" value="0.889952174495" />
		<parameter constant_type="double" name="nonNEP_sharing_boost" type="constant" value="0.346329141059" />
		<parameter constant_type="string" name="output_directory" type="constant" value="output" />
		<parameter constant_type="double" name="prob_cessation" type="constant" value="0.211538823885" />
		<parameter constant_type="double" name="prob_infected_when_arrive" type="constant" value="0.0161173083511" />
		<parameter constant_type="double" name="prob_self_limiting_female" type="constant" value="0.317837737482" />
		<parameter constant_type="double" name="prob_self_limiting_male" type="constant" value="0.111817059841" />
		<parameter constant_type="double" name="prob_clearing" type="constant" value="0.908164905501" />
		<parameter constant_type="double" name="pwid_maturity_threshold" type="constant" value="5.10843218688" />
        <parameter comment="365*5 + 365 burnin" constant_type="number" name="run_length" shortvalue="4015" type="constant" value="4040" />
        <parameter constant_type="double" name="status_report_frequency" type="constant" value="365.0" />
        <parameter constant_type="double" name="transmissibility" type="constant" value="0.0312455791065" />
        <parameter constant_type="string" name="NEP_data" simulated_value="datagen/NEP_mock_2014.csv" type="constant" value="data/NEP_Risk_Base_Merge.csv" />
        <parameter constant_type="string" name="NHBS_data" simulated_value="datagen/NHBS_mock_2014.csv" type="constant" value="data/IDU2_HCV_model_012913_cleaned.csv" value2012="data/IDU3_2012-2014-04-17.csv" />
</sweep>