<sweep jobNum="282" runs="1">
		
		<parameter constant_type="double" name="ab_prob_acute" type="constant" value="0.0231606107485" />
		<parameter constant_type="double" name="ab_prob_chronic" type="constant" value="0.632442342053" />
		<parameter constant_type="double" name="attrition_rate" type="constant" value="0.017439998013" />
		<parameter constant_type="double" name="burn_in_days" type="constant" value="365.0" value_nob="0" />
		<parameter constant_type="number" name="dump_network_distances" type="constant" value="-1" />
		<parameter constant_type="double" name="homophily_strength" type="constant" value="0.616915313149" />
		<parameter constant_type="number" name="initial_pwid_count" type="constant" value="31222" />
		<parameter constant_type="double" name="interaction_home_cutoff" type="constant" value="2.42610215204" />
		<parameter constant_type="double" name="interaction_rate_constant" type="constant" value="0.0176816718888" />
		<parameter constant_type="double" name="interaction_rate_at_drug_sites" type="constant" value="9.44269232444e-05" />
		<parameter constant_type="double" name="interaction_rate_exzone" type="constant" value="0.0819256319814" />
		<parameter constant_type="double" name="mean_career_duration" type="constant" value="24.4067611154" />
        <parameter constant_type="double" name="mean_days_acute_naive" type="constant" value="110.95821865" />
		<parameter constant_type="double" name="mean_days_acute_rechallenged" type="constant" value="36.1487360372" />
		<parameter constant_type="double" name="mean_days_naive_to_infectious" type="constant" value="2.99144365168" />
		<parameter constant_type="double" name="mean_enrichment_ChicagoNonNEP" type="constant" value="0.428334250801" />
		<parameter constant_type="double" name="mean_enrichment_suburbs" type="constant" value="2.45716115689" />
		<parameter constant_type="double" name="mean_tie_lifetime" type="constant" value="418.569553911" />
		<parameter constant_type="double" name="net_inflow" type="constant" value="0.0" />
		<parameter constant_type="double" name="nonNEP_age_boost" type="constant" value="4.05119091687" />
		<parameter constant_type="double" name="nonNEP_age_started_boost" type="constant" value="1.78853002799" />
		<parameter constant_type="double" name="nonNEP_degree_boost" type="constant" value="0.201108765786" />
		<parameter constant_type="double" name="nonNEP_hcv_ab_boost" type="constant" value="0.000653034630085" />
		<parameter constant_type="double" name="nonNEP_injection_ratio" type="constant" value="0.807236921004" />
		<parameter constant_type="double" name="nonNEP_sharing_boost" type="constant" value="0.257715941163" />
		<parameter constant_type="string" name="output_directory" type="constant" value="output" />
		<parameter constant_type="double" name="prob_cessation" type="constant" value="0.292107340659" />
		<parameter constant_type="double" name="prob_infected_when_arrive" type="constant" value="0.0354232879704" />
		<parameter constant_type="double" name="prob_self_limiting_female" type="constant" value="0.391374308577" />
		<parameter constant_type="double" name="prob_self_limiting_male" type="constant" value="0.130228235969" />
		<parameter constant_type="double" name="prob_clearing" type="constant" value="0.905483409125" />
		<parameter constant_type="double" name="pwid_maturity_threshold" type="constant" value="6.77726246911" />
        <parameter comment="365*5 + 365 burnin" constant_type="number" name="run_length" shortvalue="4015" type="constant" value="4040" />
        <parameter constant_type="double" name="status_report_frequency" type="constant" value="365.0" />
        <parameter constant_type="double" name="transmissibility" type="constant" value="0.0426323393548" />
        <parameter constant_type="string" name="NEP_data" simulated_value="datagen/NEP_mock_2014.csv" type="constant" value="data/NEP_Risk_Base_Merge.csv" />
        <parameter constant_type="string" name="NHBS_data" simulated_value="datagen/NHBS_mock_2014.csv" type="constant" value="data/IDU2_HCV_model_012913_cleaned.csv" value2012="data/IDU3_2012-2014-04-17.csv" />
</sweep>