<sweep jobNum="44" runs="1">
		
		<parameter constant_type="double" name="ab_prob_acute" type="constant" value="0.0110287090605" />
		<parameter constant_type="double" name="ab_prob_chronic" type="constant" value="0.738061755224" />
		<parameter constant_type="double" name="attrition_rate" type="constant" value="0.0250311322272" />
		<parameter constant_type="double" name="burn_in_days" type="constant" value="365.0" value_nob="0" />
		<parameter constant_type="number" name="dump_network_distances" type="constant" value="-1" />
		<parameter constant_type="double" name="homophily_strength" type="constant" value="0.612817494777" />
		<parameter constant_type="number" name="initial_pwid_count" type="constant" value="31307" />
		<parameter constant_type="double" name="interaction_home_cutoff" type="constant" value="2.88863123456" />
		<parameter constant_type="double" name="interaction_rate_constant" type="constant" value="0.0123466662208" />
		<parameter constant_type="double" name="interaction_rate_at_drug_sites" type="constant" value="7.55273328979e-05" />
		<parameter constant_type="double" name="interaction_rate_exzone" type="constant" value="0.0845402710561" />
		<parameter constant_type="double" name="mean_career_duration" type="constant" value="32.5762331285" />
        <parameter constant_type="double" name="mean_days_acute_naive" type="constant" value="81.0267627722" />
		<parameter constant_type="double" name="mean_days_acute_rechallenged" type="constant" value="21.6787785031" />
		<parameter constant_type="double" name="mean_days_naive_to_infectious" type="constant" value="3.24485163628" />
		<parameter constant_type="double" name="mean_enrichment_ChicagoNonNEP" type="constant" value="0.65514242307" />
		<parameter constant_type="double" name="mean_enrichment_suburbs" type="constant" value="2.19753601612" />
		<parameter constant_type="double" name="mean_tie_lifetime" type="constant" value="717.16461593" />
		<parameter constant_type="double" name="net_inflow" type="constant" value="0.0" />
		<parameter constant_type="double" name="nonNEP_age_boost" type="constant" value="3.84224966342" />
		<parameter constant_type="double" name="nonNEP_age_started_boost" type="constant" value="0.802870906055" />
		<parameter constant_type="double" name="nonNEP_degree_boost" type="constant" value="0.259226749308" />
		<parameter constant_type="double" name="nonNEP_hcv_ab_boost" type="constant" value="0.0183705154328" />
		<parameter constant_type="double" name="nonNEP_injection_ratio" type="constant" value="0.842412969321" />
		<parameter constant_type="double" name="nonNEP_sharing_boost" type="constant" value="0.340572363263" />
		<parameter constant_type="string" name="output_directory" type="constant" value="output" />
		<parameter constant_type="double" name="prob_cessation" type="constant" value="0.246522043512" />
		<parameter constant_type="double" name="prob_infected_when_arrive" type="constant" value="0.0792107082084" />
		<parameter constant_type="double" name="prob_self_limiting_female" type="constant" value="0.385654699705" />
		<parameter constant_type="double" name="prob_self_limiting_male" type="constant" value="0.125386613384" />
		<parameter constant_type="double" name="prob_clearing" type="constant" value="0.831353987153" />
		<parameter constant_type="double" name="pwid_maturity_threshold" type="constant" value="3.86361899558" />
        <parameter comment="365*5 + 365 burnin" constant_type="number" name="run_length" shortvalue="4015" type="constant" value="4040" />
        <parameter constant_type="double" name="status_report_frequency" type="constant" value="365.0" />
        <parameter constant_type="double" name="transmissibility" type="constant" value="0.034731955439" />
        <parameter constant_type="string" name="NEP_data" simulated_value="datagen/NEP_mock_2014.csv" type="constant" value="data/NEP_Risk_Base_Merge.csv" />
        <parameter constant_type="string" name="NHBS_data" simulated_value="datagen/NHBS_mock_2014.csv" type="constant" value="data/IDU2_HCV_model_012913_cleaned.csv" value2012="data/IDU3_2012-2014-04-17.csv" />
</sweep>