<sweep jobNum="142" runs="1">
		
		<parameter constant_type="double" name="ab_prob_acute" type="constant" value="0.0207708246084" />
		<parameter constant_type="double" name="ab_prob_chronic" type="constant" value="0.520827267077" />
		<parameter constant_type="double" name="attrition_rate" type="constant" value="0.059991161592" />
		<parameter constant_type="double" name="burn_in_days" type="constant" value="365.0" value_nob="0" />
		<parameter constant_type="number" name="dump_network_distances" type="constant" value="-1" />
		<parameter constant_type="double" name="homophily_strength" type="constant" value="0.662336317646" />
		<parameter constant_type="number" name="initial_pwid_count" type="constant" value="33315" />
		<parameter constant_type="double" name="interaction_home_cutoff" type="constant" value="2.41986418146" />
		<parameter constant_type="double" name="interaction_rate_constant" type="constant" value="0.0136665259472" />
		<parameter constant_type="double" name="interaction_rate_at_drug_sites" type="constant" value="0.000119753601612" />
		<parameter constant_type="double" name="interaction_rate_exzone" type="constant" value="0.0843092510716" />
		<parameter constant_type="double" name="mean_career_duration" type="constant" value="34.1768836209" />
        <parameter constant_type="double" name="mean_days_acute_naive" type="constant" value="101.643477753" />
		<parameter constant_type="double" name="mean_days_acute_rechallenged" type="constant" value="11.7031569287" />
		<parameter constant_type="double" name="mean_days_naive_to_infectious" type="constant" value="2.28454686738" />
		<parameter constant_type="double" name="mean_enrichment_ChicagoNonNEP" type="constant" value="0.369875579975" />
		<parameter constant_type="double" name="mean_enrichment_suburbs" type="constant" value="2.46151051521" />
		<parameter constant_type="double" name="mean_tie_lifetime" type="constant" value="458.153608632" />
		<parameter constant_type="double" name="net_inflow" type="constant" value="0.0" />
		<parameter constant_type="double" name="nonNEP_age_boost" type="constant" value="3.36727745442" />
		<parameter constant_type="double" name="nonNEP_age_started_boost" type="constant" value="1.0137161708" />
		<parameter constant_type="double" name="nonNEP_degree_boost" type="constant" value="0.155293270878" />
		<parameter constant_type="double" name="nonNEP_hcv_ab_boost" type="constant" value="0.0144690143046" />
		<parameter constant_type="double" name="nonNEP_injection_ratio" type="constant" value="0.831779109963" />
		<parameter constant_type="double" name="nonNEP_sharing_boost" type="constant" value="0.364014000261" />
		<parameter constant_type="string" name="output_directory" type="constant" value="output" />
		<parameter constant_type="double" name="prob_cessation" type="constant" value="0.160373222405" />
		<parameter constant_type="double" name="prob_infected_when_arrive" type="constant" value="0.0685556404908" />
		<parameter constant_type="double" name="prob_self_limiting_female" type="constant" value="0.341733746409" />
		<parameter constant_type="double" name="prob_self_limiting_male" type="constant" value="0.111943529818" />
		<parameter constant_type="double" name="prob_clearing" type="constant" value="0.897663324484" />
		<parameter constant_type="double" name="pwid_maturity_threshold" type="constant" value="5.82728501247" />
        <parameter comment="365*5 + 365 burnin" constant_type="number" name="run_length" shortvalue="4015" type="constant" value="4040" />
        <parameter constant_type="double" name="status_report_frequency" type="constant" value="365.0" />
        <parameter constant_type="double" name="transmissibility" type="constant" value="0.0341718682719" />
        <parameter constant_type="string" name="NEP_data" simulated_value="datagen/NEP_mock_2014.csv" type="constant" value="data/NEP_Risk_Base_Merge.csv" />
        <parameter constant_type="string" name="NHBS_data" simulated_value="datagen/NHBS_mock_2014.csv" type="constant" value="data/IDU2_HCV_model_012913_cleaned.csv" value2012="data/IDU3_2012-2014-04-17.csv" />
</sweep>