<sweep jobNum="237" runs="1">
		
		<parameter constant_type="double" name="ab_prob_acute" type="constant" value="0.0180773250692" />
		<parameter constant_type="double" name="ab_prob_chronic" type="constant" value="0.563491403271" />
		<parameter constant_type="double" name="attrition_rate" type="constant" value="0.0215159791439" />
		<parameter constant_type="double" name="burn_in_days" type="constant" value="365.0" value_nob="0" />
		<parameter constant_type="number" name="dump_network_distances" type="constant" value="-1" />
		<parameter constant_type="double" name="homophily_strength" type="constant" value="0.679609809135" />
		<parameter constant_type="number" name="initial_pwid_count" type="constant" value="31367" />
		<parameter constant_type="double" name="interaction_home_cutoff" type="constant" value="2.56149977562" />
		<parameter constant_type="double" name="interaction_rate_constant" type="constant" value="0.013140200531" />
		<parameter constant_type="double" name="interaction_rate_at_drug_sites" type="constant" value="0.000105860155484" />
		<parameter constant_type="double" name="interaction_rate_exzone" type="constant" value="0.0812974741557" />
		<parameter constant_type="double" name="mean_career_duration" type="constant" value="24.8880961236" />
        <parameter constant_type="double" name="mean_days_acute_naive" type="constant" value="105.64932236" />
		<parameter constant_type="double" name="mean_days_acute_rechallenged" type="constant" value="27.0299121063" />
		<parameter constant_type="double" name="mean_days_naive_to_infectious" type="constant" value="2.56764325241" />
		<parameter constant_type="double" name="mean_enrichment_ChicagoNonNEP" type="constant" value="0.577782468428" />
		<parameter constant_type="double" name="mean_enrichment_suburbs" type="constant" value="1.90095932534" />
		<parameter constant_type="double" name="mean_tie_lifetime" type="constant" value="803.959118757" />
		<parameter constant_type="double" name="net_inflow" type="constant" value="0.0" />
		<parameter constant_type="double" name="nonNEP_age_boost" type="constant" value="3.38493650903" />
		<parameter constant_type="double" name="nonNEP_age_started_boost" type="constant" value="2.56351370284" />
		<parameter constant_type="double" name="nonNEP_degree_boost" type="constant" value="0.313026770521" />
		<parameter constant_type="double" name="nonNEP_hcv_ab_boost" type="constant" value="0.00804919002948" />
		<parameter constant_type="double" name="nonNEP_injection_ratio" type="constant" value="0.888401425427" />
		<parameter constant_type="double" name="nonNEP_sharing_boost" type="constant" value="0.378945334204" />
		<parameter constant_type="string" name="output_directory" type="constant" value="output" />
		<parameter constant_type="double" name="prob_cessation" type="constant" value="0.1696542702" />
		<parameter constant_type="double" name="prob_infected_when_arrive" type="constant" value="0.0457710546946" />
		<parameter constant_type="double" name="prob_self_limiting_female" type="constant" value="0.394468250123" />
		<parameter constant_type="double" name="prob_self_limiting_male" type="constant" value="0.136142592492" />
		<parameter constant_type="double" name="prob_clearing" type="constant" value="0.808013581854" />
		<parameter constant_type="double" name="pwid_maturity_threshold" type="constant" value="4.45129825787" />
        <parameter comment="365*5 + 365 burnin" constant_type="number" name="run_length" shortvalue="4015" type="constant" value="4040" />
        <parameter constant_type="double" name="status_report_frequency" type="constant" value="365.0" />
        <parameter constant_type="double" name="transmissibility" type="constant" value="0.0253380775876" />
        <parameter constant_type="string" name="NEP_data" simulated_value="datagen/NEP_mock_2014.csv" type="constant" value="data/NEP_Risk_Base_Merge.csv" />
        <parameter constant_type="string" name="NHBS_data" simulated_value="datagen/NHBS_mock_2014.csv" type="constant" value="data/IDU2_HCV_model_012913_cleaned.csv" value2012="data/IDU3_2012-2014-04-17.csv" />
</sweep>