<sweep jobNum="203" runs="1">
		
		<parameter constant_type="double" name="ab_prob_acute" type="constant" value="0.0243862830295" />
		<parameter constant_type="double" name="ab_prob_chronic" type="constant" value="0.67293866128" />
		<parameter constant_type="double" name="attrition_rate" type="constant" value="0.0218680372537" />
		<parameter constant_type="double" name="burn_in_days" type="constant" value="365.0" value_nob="0" />
		<parameter constant_type="number" name="dump_network_distances" type="constant" value="-1" />
		<parameter constant_type="double" name="homophily_strength" type="constant" value="0.646501746805" />
		<parameter constant_type="number" name="initial_pwid_count" type="constant" value="30726" />
		<parameter constant_type="double" name="interaction_home_cutoff" type="constant" value="1.95149560531" />
		<parameter constant_type="double" name="interaction_rate_constant" type="constant" value="0.0182598209412" />
		<parameter constant_type="double" name="interaction_rate_at_drug_sites" type="constant" value="0.000148380425121" />
		<parameter constant_type="double" name="interaction_rate_exzone" type="constant" value="0.0921576932277" />
		<parameter constant_type="double" name="mean_career_duration" type="constant" value="29.8943769407" />
        <parameter constant_type="double" name="mean_days_acute_naive" type="constant" value="116.710447342" />
		<parameter constant_type="double" name="mean_days_acute_rechallenged" type="constant" value="19.7271498753" />
		<parameter constant_type="double" name="mean_days_naive_to_infectious" type="constant" value="3.62267895688" />
		<parameter constant_type="double" name="mean_enrichment_ChicagoNonNEP" type="constant" value="0.513128997304" />
		<parameter constant_type="double" name="mean_enrichment_suburbs" type="constant" value="1.98431097868" />
		<parameter constant_type="double" name="mean_tie_lifetime" type="constant" value="411.991653288" />
		<parameter constant_type="double" name="net_inflow" type="constant" value="0.0" />
		<parameter constant_type="double" name="nonNEP_age_boost" type="constant" value="2.25615967277" />
		<parameter constant_type="double" name="nonNEP_age_started_boost" type="constant" value="0.939610020783" />
		<parameter constant_type="double" name="nonNEP_degree_boost" type="constant" value="0.196137169705" />
		<parameter constant_type="double" name="nonNEP_hcv_ab_boost" type="constant" value="0.00696117530724" />
		<parameter constant_type="double" name="nonNEP_injection_ratio" type="constant" value="0.8412567982" />
		<parameter constant_type="double" name="nonNEP_sharing_boost" type="constant" value="0.371364250623" />
		<parameter constant_type="string" name="output_directory" type="constant" value="output" />
		<parameter constant_type="double" name="prob_cessation" type="constant" value="0.233353489289" />
		<parameter constant_type="double" name="prob_infected_when_arrive" type="constant" value="0.0151269979108" />
		<parameter constant_type="double" name="prob_self_limiting_female" type="constant" value="0.342304679803" />
		<parameter constant_type="double" name="prob_self_limiting_male" type="constant" value="0.107097452409" />
		<parameter constant_type="double" name="prob_clearing" type="constant" value="0.763648629716" />
		<parameter constant_type="double" name="pwid_maturity_threshold" type="constant" value="3.7822220736" />
        <parameter comment="365*5 + 365 burnin" constant_type="number" name="run_length" shortvalue="4015" type="constant" value="4040" />
        <parameter constant_type="double" name="status_report_frequency" type="constant" value="365.0" />
        <parameter constant_type="double" name="transmissibility" type="constant" value="0.0166706055489" />
        <parameter constant_type="string" name="NEP_data" simulated_value="datagen/NEP_mock_2014.csv" type="constant" value="data/NEP_Risk_Base_Merge.csv" />
        <parameter constant_type="string" name="NHBS_data" simulated_value="datagen/NHBS_mock_2014.csv" type="constant" value="data/IDU2_HCV_model_012913_cleaned.csv" value2012="data/IDU3_2012-2014-04-17.csv" />
</sweep>