<sweep jobNum="217" runs="1">
		
		<parameter constant_type="double" name="ab_prob_acute" type="constant" value="0.0267191679025" />
		<parameter constant_type="double" name="ab_prob_chronic" type="constant" value="0.627537661069" />
		<parameter constant_type="double" name="attrition_rate" type="constant" value="0.0232744710434" />
		<parameter constant_type="double" name="burn_in_days" type="constant" value="365.0" value_nob="0" />
		<parameter constant_type="number" name="dump_network_distances" type="constant" value="-1" />
		<parameter constant_type="double" name="homophily_strength" type="constant" value="0.712294855055" />
		<parameter constant_type="number" name="initial_pwid_count" type="constant" value="31474" />
		<parameter constant_type="double" name="interaction_home_cutoff" type="constant" value="1.51696663026" />
		<parameter constant_type="double" name="interaction_rate_constant" type="constant" value="0.019530507362" />
		<parameter constant_type="double" name="interaction_rate_at_drug_sites" type="constant" value="0.000134676031735" />
		<parameter constant_type="double" name="interaction_rate_exzone" type="constant" value="0.092862838292" />
		<parameter constant_type="double" name="mean_career_duration" type="constant" value="28.6481330856" />
        <parameter constant_type="double" name="mean_days_acute_naive" type="constant" value="111.876800806" />
		<parameter constant_type="double" name="mean_days_acute_rechallenged" type="constant" value="44.4563633021" />
		<parameter constant_type="double" name="mean_days_naive_to_infectious" type="constant" value="2.47158769617" />
		<parameter constant_type="double" name="mean_enrichment_ChicagoNonNEP" type="constant" value="0.376846135446" />
		<parameter constant_type="double" name="mean_enrichment_suburbs" type="constant" value="2.39952174495" />
		<parameter constant_type="double" name="mean_tie_lifetime" type="constant" value="468.071366683" />
		<parameter constant_type="double" name="net_inflow" type="constant" value="0.0" />
		<parameter constant_type="double" name="nonNEP_age_boost" type="constant" value="3.92365398416" />
		<parameter constant_type="double" name="nonNEP_age_started_boost" type="constant" value="2.05225294806" />
		<parameter constant_type="double" name="nonNEP_degree_boost" type="constant" value="0.162428788465" />
		<parameter constant_type="double" name="nonNEP_hcv_ab_boost" type="constant" value="0.01978895115" />
		<parameter constant_type="double" name="nonNEP_injection_ratio" type="constant" value="0.849572182584" />
		<parameter constant_type="double" name="nonNEP_sharing_boost" type="constant" value="0.373235674759" />
		<parameter constant_type="string" name="output_directory" type="constant" value="output" />
		<parameter constant_type="double" name="prob_cessation" type="constant" value="0.197309226059" />
		<parameter constant_type="double" name="prob_infected_when_arrive" type="constant" value="0.0719277187351" />
		<parameter constant_type="double" name="prob_self_limiting_female" type="constant" value="0.322075412616" />
		<parameter constant_type="double" name="prob_self_limiting_male" type="constant" value="0.139382600547" />
		<parameter constant_type="double" name="prob_clearing" type="constant" value="0.795180703162" />
		<parameter constant_type="double" name="pwid_maturity_threshold" type="constant" value="4.78855273473" />
        <parameter comment="365*5 + 365 burnin" constant_type="number" name="run_length" shortvalue="4015" type="constant" value="4040" />
        <parameter constant_type="double" name="status_report_frequency" type="constant" value="365.0" />
        <parameter constant_type="double" name="transmissibility" type="constant" value="0.0353078024979" />
        <parameter constant_type="string" name="NEP_data" simulated_value="datagen/NEP_mock_2014.csv" type="constant" value="data/NEP_Risk_Base_Merge.csv" />
        <parameter constant_type="string" name="NHBS_data" simulated_value="datagen/NHBS_mock_2014.csv" type="constant" value="data/IDU2_HCV_model_012913_cleaned.csv" value2012="data/IDU3_2012-2014-04-17.csv" />
</sweep>