<sweep jobNum="109" runs="1">
		
		<parameter constant_type="double" name="ab_prob_acute" type="constant" value="0.0212869805287" />
		<parameter constant_type="double" name="ab_prob_chronic" type="constant" value="0.670941473473" />
		<parameter constant_type="double" name="attrition_rate" type="constant" value="0.0365352338796" />
		<parameter constant_type="double" name="burn_in_days" type="constant" value="365.0" value_nob="0" />
		<parameter constant_type="number" name="dump_network_distances" type="constant" value="-1" />
		<parameter constant_type="double" name="homophily_strength" type="constant" value="0.710572363263" />
		<parameter constant_type="number" name="initial_pwid_count" type="constant" value="31638" />
		<parameter constant_type="double" name="interaction_home_cutoff" type="constant" value="1.3137161708" />
		<parameter constant_type="double" name="interaction_rate_constant" type="constant" value="0.0194494405702" />
		<parameter constant_type="double" name="interaction_rate_at_drug_sites" type="constant" value="9.35650973563e-05" />
		<parameter constant_type="double" name="interaction_rate_exzone" type="constant" value="0.0819875325122" />
		<parameter constant_type="double" name="mean_career_duration" type="constant" value="16.3625254274" />
        <parameter constant_type="double" name="mean_days_acute_naive" type="constant" value="125.738676168" />
		<parameter constant_type="double" name="mean_days_acute_rechallenged" type="constant" value="26.1148385749" />
		<parameter constant_type="double" name="mean_days_naive_to_infectious" type="constant" value="3.5749067617" />
		<parameter constant_type="double" name="mean_enrichment_ChicagoNonNEP" type="constant" value="0.54779561758" />
		<parameter constant_type="double" name="mean_enrichment_suburbs" type="constant" value="1.81168158823" />
		<parameter constant_type="double" name="mean_tie_lifetime" type="constant" value="573.970989635" />
		<parameter constant_type="double" name="net_inflow" type="constant" value="0.0" />
		<parameter constant_type="double" name="nonNEP_age_boost" type="constant" value="3.08132414016" />
		<parameter constant_type="double" name="nonNEP_age_started_boost" type="constant" value="0.819802933084" />
		<parameter constant_type="double" name="nonNEP_degree_boost" type="constant" value="0.210187785588" />
		<parameter constant_type="double" name="nonNEP_hcv_ab_boost" type="constant" value="0.0130508056301" />
		<parameter constant_type="double" name="nonNEP_injection_ratio" type="constant" value="0.898380425121" />
		<parameter constant_type="double" name="nonNEP_sharing_boost" type="constant" value="0.26911110368" />
		<parameter constant_type="string" name="output_directory" type="constant" value="output" />
		<parameter constant_type="double" name="prob_cessation" type="constant" value="0.22936079384" />
		<parameter constant_type="double" name="prob_infected_when_arrive" type="constant" value="0.0614486516106" />
		<parameter constant_type="double" name="prob_self_limiting_female" type="constant" value="0.375523942036" />
		<parameter constant_type="double" name="prob_self_limiting_male" type="constant" value="0.138197491327" />
		<parameter constant_type="double" name="prob_clearing" type="constant" value="0.857136255675" />
		<parameter constant_type="double" name="pwid_maturity_threshold" type="constant" value="5.76553474591" />
        <parameter comment="365*5 + 365 burnin" constant_type="number" name="run_length" shortvalue="4015" type="constant" value="4040" />
        <parameter constant_type="double" name="status_report_frequency" type="constant" value="365.0" />
        <parameter constant_type="double" name="transmissibility" type="constant" value="0.0334475984283" />
        <parameter constant_type="string" name="NEP_data" simulated_value="datagen/NEP_mock_2014.csv" type="constant" value="data/NEP_Risk_Base_Merge.csv" />
        <parameter constant_type="string" name="NHBS_data" simulated_value="datagen/NHBS_mock_2014.csv" type="constant" value="data/IDU2_HCV_model_012913_cleaned.csv" value2012="data/IDU3_2012-2014-04-17.csv" />
</sweep>