<sweep jobNum="236" runs="1">
		
		<parameter constant_type="double" name="ab_prob_acute" type="constant" value="0.0245754815855" />
		<parameter constant_type="double" name="ab_prob_chronic" type="constant" value="0.720183804469" />
		<parameter constant_type="double" name="attrition_rate" type="constant" value="0.0260860936122" />
		<parameter constant_type="double" name="burn_in_days" type="constant" value="365.0" value_nob="0" />
		<parameter constant_type="number" name="dump_network_distances" type="constant" value="-1" />
		<parameter constant_type="double" name="homophily_strength" type="constant" value="0.602324137915" />
		<parameter constant_type="number" name="initial_pwid_count" type="constant" value="32396" />
		<parameter constant_type="double" name="interaction_home_cutoff" type="constant" value="1.68393892515" />
		<parameter constant_type="double" name="interaction_rate_constant" type="constant" value="0.0137768776178" />
		<parameter constant_type="double" name="interaction_rate_at_drug_sites" type="constant" value="7.93178746883e-05" />
		<parameter constant_type="double" name="interaction_rate_exzone" type="constant" value="0.0914157593588" />
		<parameter constant_type="double" name="mean_career_duration" type="constant" value="25.6288814565" />
        <parameter constant_type="double" name="mean_days_acute_naive" type="constant" value="88.2951757905" />
		<parameter constant_type="double" name="mean_days_acute_rechallenged" type="constant" value="23.5718810957" />
		<parameter constant_type="double" name="mean_days_naive_to_infectious" type="constant" value="3.03137804265" />
		<parameter constant_type="double" name="mean_enrichment_ChicagoNonNEP" type="constant" value="0.530348122715" />
		<parameter constant_type="double" name="mean_enrichment_suburbs" type="constant" value="1.97289195328" />
		<parameter constant_type="double" name="mean_tie_lifetime" type="constant" value="744.315264977" />
		<parameter constant_type="double" name="net_inflow" type="constant" value="0.0" />
		<parameter constant_type="double" name="nonNEP_age_boost" type="constant" value="3.00427812776" />
		<parameter constant_type="double" name="nonNEP_age_started_boost" type="constant" value="1.84021002719" />
		<parameter constant_type="double" name="nonNEP_degree_boost" type="constant" value="0.328863123456" />
		<parameter constant_type="double" name="nonNEP_hcv_ab_boost" type="constant" value="0.012761387026" />
		<parameter constant_type="double" name="nonNEP_injection_ratio" type="constant" value="0.85128357756" />
		<parameter constant_type="double" name="nonNEP_sharing_boost" type="constant" value="0.248515784644" />
		<parameter constant_type="string" name="output_directory" type="constant" value="output" />
		<parameter constant_type="double" name="prob_cessation" type="constant" value="0.265328779177" />
		<parameter constant_type="double" name="prob_infected_when_arrive" type="constant" value="0.0425415948611" />
		<parameter constant_type="double" name="prob_self_limiting_female" type="constant" value="0.354009196906" />
		<parameter constant_type="double" name="prob_self_limiting_male" type="constant" value="0.119651564164" />
		<parameter constant_type="double" name="prob_clearing" type="constant" value="0.800410644851" />
		<parameter constant_type="double" name="pwid_maturity_threshold" type="constant" value="4.650271928" />
        <parameter comment="365*5 + 365 burnin" constant_type="number" name="run_length" shortvalue="4015" type="constant" value="4040" />
        <parameter constant_type="double" name="status_report_frequency" type="constant" value="365.0" />
        <parameter constant_type="double" name="transmissibility" type="constant" value="0.0367204269111" />
        <parameter constant_type="string" name="NEP_data" simulated_value="datagen/NEP_mock_2014.csv" type="constant" value="data/NEP_Risk_Base_Merge.csv" />
        <parameter constant_type="string" name="NHBS_data" simulated_value="datagen/NHBS_mock_2014.csv" type="constant" value="data/IDU2_HCV_model_012913_cleaned.csv" value2012="data/IDU3_2012-2014-04-17.csv" />
</sweep>