<sweep jobNum="1" runs="1">
		
		<parameter constant_type="double" name="ab_prob_acute" type="constant" value="0.0148466039256" />
		<parameter constant_type="double" name="ab_prob_chronic" type="constant" value="0.524821038285" />
		<parameter constant_type="double" name="attrition_rate" type="constant" value="0.0773247967005" />
		<parameter constant_type="double" name="burn_in_days" type="constant" value="365.0" value_nob="0" />
		<parameter constant_type="number" name="dump_network_distances" type="constant" value="-1" />
		<parameter constant_type="double" name="homophily_strength" type="constant" value="0.76088889632" />
		<parameter constant_type="number" name="initial_pwid_count" type="constant" value="33387" />
		<parameter constant_type="double" name="interaction_home_cutoff" type="constant" value="1.80191865069" />
		<parameter constant_type="double" name="interaction_rate_constant" type="constant" value="0.0166687692107" />
		<parameter constant_type="double" name="interaction_rate_at_drug_sites" type="constant" value="7.32508734027e-05" />
		<parameter constant_type="double" name="interaction_rate_exzone" type="constant" value="0.0773648629716" />
		<parameter constant_type="double" name="mean_career_duration" type="constant" value="28.3973024498" />
        <parameter constant_type="double" name="mean_days_acute_naive" type="constant" value="106.661503212" />
		<parameter constant_type="double" name="mean_days_acute_rechallenged" type="constant" value="27.7147822021" />
		<parameter constant_type="double" name="mean_days_naive_to_infectious" type="constant" value="2.10287090605" />
		<parameter constant_type="double" name="mean_enrichment_ChicagoNonNEP" type="constant" value="0.328947684018" />
		<parameter constant_type="double" name="mean_enrichment_suburbs" type="constant" value="1.77122592072" />
		<parameter constant_type="double" name="mean_tie_lifetime" type="constant" value="551.257408651" />
		<parameter constant_type="double" name="net_inflow" type="constant" value="0.0" />
		<parameter constant_type="double" name="nonNEP_age_boost" type="constant" value="3.60187012317" />
		<parameter constant_type="double" name="nonNEP_age_started_boost" type="constant" value="1.81146153511" />
		<parameter constant_type="double" name="nonNEP_degree_boost" type="constant" value="0.298164905501" />
		<parameter constant_type="double" name="nonNEP_hcv_ab_boost" type="constant" value="0.00916110347256" />
		<parameter constant_type="double" name="nonNEP_injection_ratio" type="constant" value="0.878074988781" />
		<parameter constant_type="double" name="nonNEP_sharing_boost" type="constant" value="0.276501746805" />
		<parameter constant_type="string" name="output_directory" type="constant" value="output" />
		<parameter constant_type="double" name="prob_cessation" type="constant" value="0.236206365038" />
		<parameter constant_type="double" name="prob_infected_when_arrive" type="constant" value="0.074355558528" />
		<parameter constant_type="double" name="prob_self_limiting_female" type="constant" value="0.370581288638" />
		<parameter constant_type="double" name="prob_self_limiting_male" type="constant" value="0.127757753639" />
		<parameter constant_type="double" name="prob_clearing" type="constant" value="0.77918954823" />
		<parameter constant_type="double" name="pwid_maturity_threshold" type="constant" value="5.44281189043" />
        <parameter comment="365*5 + 365 burnin" constant_type="number" name="run_length" shortvalue="4015" type="constant" value="4040" />
        <parameter constant_type="double" name="status_report_frequency" type="constant" value="365.0" />
        <parameter constant_type="double" name="transmissibility" type="constant" value="0.0391811135008" />
        <parameter constant_type="string" name="NEP_data" simulated_value="datagen/NEP_mock_2014.csv" type="constant" value="data/NEP_Risk_Base_Merge.csv" />
        <parameter constant_type="string" name="NHBS_data" simulated_value="datagen/NHBS_mock_2014.csv" type="constant" value="data/IDU2_HCV_model_012913_cleaned.csv" value2012="data/IDU3_2012-2014-04-17.csv" />
</sweep>