<sweep jobNum="124" runs="1">
		
		<parameter constant_type="double" name="ab_prob_acute" type="constant" value="0.0233410230425" />
		<parameter constant_type="double" name="ab_prob_chronic" type="constant" value="0.562531297996" />
		<parameter constant_type="double" name="attrition_rate" type="constant" value="0.0343118364605" />
		<parameter constant_type="double" name="burn_in_days" type="constant" value="365.0" value_nob="0" />
		<parameter constant_type="number" name="dump_network_distances" type="constant" value="-1" />
		<parameter constant_type="double" name="homophily_strength" type="constant" value="0.667192323922" />
		<parameter constant_type="number" name="initial_pwid_count" type="constant" value="32991" />
		<parameter constant_type="double" name="interaction_home_cutoff" type="constant" value="1.48466039256" />
		<parameter constant_type="double" name="interaction_rate_constant" type="constant" value="0.0185941404855" />
		<parameter constant_type="double" name="interaction_rate_at_drug_sites" type="constant" value="8.02463983884e-05" />
		<parameter constant_type="double" name="interaction_rate_exzone" type="constant" value="0.0786226467453" />
		<parameter constant_type="double" name="mean_career_duration" type="constant" value="27.89322813" />
        <parameter constant_type="double" name="mean_days_acute_naive" type="constant" value="107.53514863" />
		<parameter constant_type="double" name="mean_days_acute_rechallenged" type="constant" value="31.2658282118" />
		<parameter constant_type="double" name="mean_days_naive_to_infectious" type="constant" value="3.76802850853" />
		<parameter constant_type="double" name="mean_enrichment_ChicagoNonNEP" type="constant" value="0.34175628648" />
		<parameter constant_type="double" name="mean_enrichment_suburbs" type="constant" value="2.42353364561" />
		<parameter constant_type="double" name="mean_tie_lifetime" type="constant" value="680.300152261" />
		<parameter constant_type="double" name="net_inflow" type="constant" value="0.0" />
		<parameter constant_type="double" name="nonNEP_age_boost" type="constant" value="1.72939906317" />
		<parameter constant_type="double" name="nonNEP_age_started_boost" type="constant" value="1.82294855055" />
		<parameter constant_type="double" name="nonNEP_degree_boost" type="constant" value="0.31081045177" />
		<parameter constant_type="double" name="nonNEP_hcv_ab_boost" type="constant" value="0.0100224570862" />
		<parameter constant_type="double" name="nonNEP_injection_ratio" type="constant" value="0.84270135528" />
		<parameter constant_type="double" name="nonNEP_sharing_boost" type="constant" value="0.30610219121" />
		<parameter constant_type="string" name="output_directory" type="constant" value="output" />
		<parameter constant_type="double" name="prob_cessation" type="constant" value="0.323305093395" />
		<parameter constant_type="double" name="prob_infected_when_arrive" type="constant" value="0.0771633115292" />
		<parameter constant_type="double" name="prob_self_limiting_female" type="constant" value="0.310516430646" />
		<parameter constant_type="double" name="prob_self_limiting_male" type="constant" value="0.133953947912" />
		<parameter constant_type="double" name="prob_clearing" type="constant" value="0.842291753916" />
		<parameter constant_type="double" name="pwid_maturity_threshold" type="constant" value="4.12274339409" />
        <parameter comment="365*5 + 365 burnin" constant_type="number" name="run_length" shortvalue="4015" type="constant" value="4040" />
        <parameter constant_type="double" name="status_report_frequency" type="constant" value="365.0" />
        <parameter constant_type="double" name="transmissibility" type="constant" value="0.0129623756295" />
        <parameter constant_type="string" name="NEP_data" simulated_value="datagen/NEP_mock_2014.csv" type="constant" value="data/NEP_Risk_Base_Merge.csv" />
        <parameter constant_type="string" name="NHBS_data" simulated_value="datagen/NHBS_mock_2014.csv" type="constant" value="data/IDU2_HCV_model_012913_cleaned.csv" value2012="data/IDU3_2012-2014-04-17.csv" />
</sweep>