<sweep jobNum="14" runs="1">
		
		<parameter constant_type="double" name="ab_prob_acute" type="constant" value="0.0179609809135" />
		<parameter constant_type="double" name="ab_prob_chronic" type="constant" value="0.665615429535" />
		<parameter constant_type="double" name="attrition_rate" type="constant" value="0.046949583974" />
		<parameter constant_type="double" name="burn_in_days" type="constant" value="365.0" value_nob="0" />
		<parameter constant_type="number" name="dump_network_distances" type="constant" value="-1" />
		<parameter constant_type="double" name="homophily_strength" type="constant" value="0.774524431439" />
		<parameter constant_type="number" name="initial_pwid_count" type="constant" value="30009" />
		<parameter constant_type="double" name="interaction_home_cutoff" type="constant" value="2.7081045177" />
		<parameter constant_type="double" name="interaction_rate_constant" type="constant" value="0.0155031706721" />
		<parameter constant_type="double" name="interaction_rate_at_drug_sites" type="constant" value="0.000111070297261" />
		<parameter constant_type="double" name="interaction_rate_exzone" type="constant" value="0.0834926635607" />
		<parameter constant_type="double" name="mean_career_duration" type="constant" value="19.8584167622" />
        <parameter constant_type="double" name="mean_days_acute_naive" type="constant" value="90.2436853892" />
		<parameter constant_type="double" name="mean_days_acute_rechallenged" type="constant" value="20.9549410389" />
		<parameter constant_type="double" name="mean_days_naive_to_infectious" type="constant" value="3.33410230425" />
		<parameter constant_type="double" name="mean_enrichment_ChicagoNonNEP" type="constant" value="0.531502677022" />
		<parameter constant_type="double" name="mean_enrichment_suburbs" type="constant" value="1.82387352597" />
		<parameter constant_type="double" name="mean_tie_lifetime" type="constant" value="738.815491453" />
		<parameter constant_type="double" name="net_inflow" type="constant" value="0.0" />
		<parameter constant_type="double" name="nonNEP_age_boost" type="constant" value="2.05557232734" />
		<parameter constant_type="double" name="nonNEP_age_started_boost" type="constant" value="1.93311277244" />
		<parameter constant_type="double" name="nonNEP_degree_boost" type="constant" value="0.269812214412" />
		<parameter constant_type="double" name="nonNEP_hcv_ab_boost" type="constant" value="0.00996532881348" />
		<parameter constant_type="double" name="nonNEP_injection_ratio" type="constant" value="0.81955555184" />
		<parameter constant_type="double" name="nonNEP_sharing_boost" type="constant" value="0.424063152807" />
		<parameter constant_type="string" name="output_directory" type="constant" value="output" />
		<parameter constant_type="double" name="prob_cessation" type="constant" value="0.319896873805" />
		<parameter constant_type="double" name="prob_infected_when_arrive" type="constant" value="0.0586225596354" />
		<parameter constant_type="double" name="prob_self_limiting_female" type="constant" value="0.388445047489" />
		<parameter constant_type="double" name="prob_self_limiting_male" type="constant" value="0.106062693308" />
		<parameter constant_type="double" name="prob_clearing" type="constant" value="0.821972135187" />
		<parameter constant_type="double" name="pwid_maturity_threshold" type="constant" value="3.3861647082" />
        <parameter comment="365*5 + 365 burnin" constant_type="number" name="run_length" shortvalue="4015" type="constant" value="4040" />
        <parameter constant_type="double" name="status_report_frequency" type="constant" value="365.0" />
        <parameter constant_type="double" name="transmissibility" type="constant" value="0.0110923882158" />
        <parameter constant_type="string" name="NEP_data" simulated_value="datagen/NEP_mock_2014.csv" type="constant" value="data/NEP_Risk_Base_Merge.csv" />
        <parameter constant_type="string" name="NHBS_data" simulated_value="datagen/NHBS_mock_2014.csv" type="constant" value="data/IDU2_HCV_model_012913_cleaned.csv" value2012="data/IDU3_2012-2014-04-17.csv" />
</sweep>