<sweep jobNum="213" runs="1">
		
		<parameter constant_type="double" name="ab_prob_acute" type="constant" value="0.0102324137915" />
		<parameter constant_type="double" name="ab_prob_chronic" type="constant" value="0.727487959474" />
		<parameter constant_type="double" name="attrition_rate" type="constant" value="0.0156430115275" />
		<parameter constant_type="double" name="burn_in_days" type="constant" value="365.0" value_nob="0" />
		<parameter constant_type="number" name="dump_network_distances" type="constant" value="-1" />
		<parameter constant_type="double" name="homophily_strength" type="constant" value="0.720972938423" />
		<parameter constant_type="number" name="initial_pwid_count" type="constant" value="30479" />
		<parameter constant_type="double" name="interaction_home_cutoff" type="constant" value="1.62947960296" />
		<parameter constant_type="double" name="interaction_rate_constant" type="constant" value="0.0110630910094" />
		<parameter constant_type="double" name="interaction_rate_at_drug_sites" type="constant" value="0.000132531105006" />
		<parameter constant_type="double" name="interaction_rate_exzone" type="constant" value="0.0813610898773" />
		<parameter constant_type="double" name="mean_career_duration" type="constant" value="22.9785384594" />
        <parameter constant_type="double" name="mean_days_acute_naive" type="constant" value="100.930143053" />
		<parameter constant_type="double" name="mean_days_acute_rechallenged" type="constant" value="27.4865689762" />
		<parameter constant_type="double" name="mean_days_naive_to_infectious" type="constant" value="3.94063152807" />
		<parameter constant_type="double" name="mean_enrichment_ChicagoNonNEP" type="constant" value="0.684604206085" />
		<parameter constant_type="double" name="mean_enrichment_suburbs" type="constant" value="2.02139713895" />
		<parameter constant_type="double" name="mean_tie_lifetime" type="constant" value="772.457304395" />
		<parameter constant_type="double" name="net_inflow" type="constant" value="0.0" />
		<parameter constant_type="double" name="nonNEP_age_boost" type="constant" value="2.40739195165" />
		<parameter constant_type="double" name="nonNEP_age_started_boost" type="constant" value="1.353809874" />
		<parameter constant_type="double" name="nonNEP_degree_boost" type="constant" value="0.177038155156" />
		<parameter constant_type="double" name="nonNEP_hcv_ab_boost" type="constant" value="0.00360397477051" />
		<parameter constant_type="double" name="nonNEP_injection_ratio" type="constant" value="0.81043907162" />
		<parameter constant_type="double" name="nonNEP_sharing_boost" type="constant" value="0.41069176459" />
		<parameter constant_type="string" name="output_directory" type="constant" value="output" />
		<parameter constant_type="double" name="prob_cessation" type="constant" value="0.132370123962" />
		<parameter constant_type="double" name="prob_infected_when_arrive" type="constant" value="0.077451353168" />
		<parameter constant_type="double" name="prob_self_limiting_female" type="constant" value="0.359841074606" />
		<parameter constant_type="double" name="prob_self_limiting_male" type="constant" value="0.109738179066" />
		<parameter constant_type="double" name="prob_clearing" type="constant" value="0.764473842009" />
		<parameter constant_type="double" name="pwid_maturity_threshold" type="constant" value="4.16027163709" />
        <parameter comment="365*5 + 365 burnin" constant_type="number" name="run_length" shortvalue="4015" type="constant" value="4040" />
        <parameter constant_type="double" name="status_report_frequency" type="constant" value="365.0" />
        <parameter constant_type="double" name="transmissibility" type="constant" value="0.036306210101" />
        <parameter constant_type="string" name="NEP_data" simulated_value="datagen/NEP_mock_2014.csv" type="constant" value="data/NEP_Risk_Base_Merge.csv" />
        <parameter constant_type="string" name="NHBS_data" simulated_value="datagen/NHBS_mock_2014.csv" type="constant" value="data/IDU2_HCV_model_012913_cleaned.csv" value2012="data/IDU3_2012-2014-04-17.csv" />
</sweep>