<sweep jobNum="148" runs="1">
		
		<parameter constant_type="double" name="ab_prob_acute" type="constant" value="0.0263658839373" />
		<parameter constant_type="double" name="ab_prob_chronic" type="constant" value="0.528671862357" />
		<parameter constant_type="double" name="attrition_rate" type="constant" value="0.0796863869066" />
		<parameter constant_type="double" name="burn_in_days" type="constant" value="365.0" value_nob="0" />
		<parameter constant_type="number" name="dump_network_distances" type="constant" value="-1" />
		<parameter constant_type="double" name="homophily_strength" type="constant" value="0.70142608899" />
		<parameter constant_type="number" name="initial_pwid_count" type="constant" value="30100" />
		<parameter constant_type="double" name="interaction_home_cutoff" type="constant" value="2.26252395328" />
		<parameter constant_type="double" name="interaction_rate_constant" type="constant" value="0.0129858736306" />
		<parameter constant_type="double" name="interaction_rate_at_drug_sites" type="constant" value="0.000135772656631" />
		<parameter constant_type="double" name="interaction_rate_exzone" type="constant" value="0.0807158769617" />
		<parameter constant_type="double" name="mean_career_duration" type="constant" value="33.3382806804" />
        <parameter constant_type="double" name="mean_days_acute_naive" type="constant" value="107.827819311" />
		<parameter constant_type="double" name="mean_days_acute_rechallenged" type="constant" value="23.220438242" />
		<parameter constant_type="double" name="mean_days_naive_to_infectious" type="constant" value="2.53610898773" />
		<parameter constant_type="double" name="mean_enrichment_ChicagoNonNEP" type="constant" value="0.434384647844" />
		<parameter constant_type="double" name="mean_enrichment_suburbs" type="constant" value="2.02710804672" />
		<parameter constant_type="double" name="mean_tie_lifetime" type="constant" value="768.636215364" />
		<parameter constant_type="double" name="net_inflow" type="constant" value="0.0" />
		<parameter constant_type="double" name="nonNEP_age_boost" type="constant" value="1.8933970118" />
		<parameter constant_type="double" name="nonNEP_age_started_boost" type="constant" value="1.64578390656" />
		<parameter constant_type="double" name="nonNEP_degree_boost" type="constant" value="0.15930823541" />
		<parameter constant_type="double" name="nonNEP_hcv_ab_boost" type="constant" value="0.0137529803104" />
		<parameter constant_type="double" name="nonNEP_injection_ratio" type="constant" value="0.865503520434" />
		<parameter constant_type="double" name="nonNEP_sharing_boost" type="constant" value="0.345174061357" />
		<parameter constant_type="string" name="output_directory" type="constant" value="output" />
		<parameter constant_type="double" name="prob_cessation" type="constant" value="0.176440863504" />
		<parameter constant_type="double" name="prob_infected_when_arrive" type="constant" value="0.0665457002494" />
		<parameter constant_type="double" name="prob_self_limiting_female" type="constant" value="0.352284211674" />
		<parameter constant_type="double" name="prob_self_limiting_male" type="constant" value="0.137227805487" />
		<parameter constant_type="double" name="prob_clearing" type="constant" value="0.802974741557" />
		<parameter constant_type="double" name="pwid_maturity_threshold" type="constant" value="4.14779569592" />
        <parameter comment="365*5 + 365 burnin" constant_type="number" name="run_length" shortvalue="4015" type="constant" value="4040" />
        <parameter constant_type="double" name="status_report_frequency" type="constant" value="365.0" />
        <parameter constant_type="double" name="transmissibility" type="constant" value="0.0111959599134" />
        <parameter constant_type="string" name="NEP_data" simulated_value="datagen/NEP_mock_2014.csv" type="constant" value="data/NEP_Risk_Base_Merge.csv" />
        <parameter constant_type="string" name="NHBS_data" simulated_value="datagen/NHBS_mock_2014.csv" type="constant" value="data/IDU2_HCV_model_012913_cleaned.csv" value2012="data/IDU3_2012-2014-04-17.csv" />
</sweep>