<sweep jobNum="279" runs="1">
		
		<parameter constant_type="double" name="ab_prob_acute" type="constant" value="0.0211720310967" />
		<parameter constant_type="double" name="ab_prob_chronic" type="constant" value="0.6749365996" />
		<parameter constant_type="double" name="attrition_rate" type="constant" value="0.0160040229964" />
		<parameter constant_type="double" name="burn_in_days" type="constant" value="365.0" value_nob="0" />
		<parameter constant_type="number" name="dump_network_distances" type="constant" value="-1" />
		<parameter constant_type="double" name="homophily_strength" type="constant" value="0.716907489284" />
		<parameter constant_type="number" name="initial_pwid_count" type="constant" value="31673" />
		<parameter constant_type="double" name="interaction_home_cutoff" type="constant" value="2.98599125786" />
		<parameter constant_type="double" name="interaction_rate_constant" type="constant" value="0.0135925195073" />
		<parameter constant_type="double" name="interaction_rate_at_drug_sites" type="constant" value="0.00013956092838" />
		<parameter constant_type="double" name="interaction_rate_exzone" type="constant" value="0.0938344179394" />
		<parameter constant_type="double" name="mean_career_duration" type="constant" value="32.5131480748" />
        <parameter constant_type="double" name="mean_days_acute_naive" type="constant" value="121.200712713" />
		<parameter constant_type="double" name="mean_days_acute_rechallenged" type="constant" value="23.1029672744" />
		<parameter constant_type="double" name="mean_days_naive_to_infectious" type="constant" value="2.21655820606" />
		<parameter constant_type="double" name="mean_enrichment_ChicagoNonNEP" type="constant" value="0.52458971011" />
		<parameter constant_type="double" name="mean_enrichment_suburbs" type="constant" value="2.2224585792" />
		<parameter constant_type="double" name="mean_tie_lifetime" type="constant" value="848.573076335" />
		<parameter constant_type="double" name="net_inflow" type="constant" value="0.0" />
		<parameter constant_type="double" name="nonNEP_age_boost" type="constant" value="3.4115263066" />
		<parameter constant_type="double" name="nonNEP_age_started_boost" type="constant" value="1.28013581854" />
		<parameter constant_type="double" name="nonNEP_degree_boost" type="constant" value="0.204167125401" />
		<parameter constant_type="double" name="nonNEP_hcv_ab_boost" type="constant" value="0.00910326341491" />
		<parameter constant_type="double" name="nonNEP_injection_ratio" type="constant" value="0.830861631352" />
		<parameter constant_type="double" name="nonNEP_sharing_boost" type="constant" value="0.332567155119" />
		<parameter constant_type="string" name="output_directory" type="constant" value="output" />
		<parameter constant_type="double" name="prob_cessation" type="constant" value="0.208617697727" />
		<parameter constant_type="double" name="prob_infected_when_arrive" type="constant" value="0.0371174757815" />
		<parameter constant_type="double" name="prob_self_limiting_female" type="constant" value="0.356033953268" />
		<parameter constant_type="double" name="prob_self_limiting_male" type="constant" value="0.125737577046" />
		<parameter constant_type="double" name="prob_clearing" type="constant" value="0.893862830295" />
		<parameter constant_type="double" name="pwid_maturity_threshold" type="constant" value="4.08490368289" />
        <parameter comment="365*5 + 365 burnin" constant_type="number" name="run_length" shortvalue="4015" type="constant" value="4040" />
        <parameter constant_type="double" name="status_report_frequency" type="constant" value="365.0" />
        <parameter constant_type="double" name="transmissibility" type="constant" value="0.03206748629" />
        <parameter constant_type="string" name="NEP_data" simulated_value="datagen/NEP_mock_2014.csv" type="constant" value="data/NEP_Risk_Base_Merge.csv" />
        <parameter constant_type="string" name="NHBS_data" simulated_value="datagen/NHBS_mock_2014.csv" type="constant" value="data/IDU2_HCV_model_012913_cleaned.csv" value2012="data/IDU3_2012-2014-04-17.csv" />
</sweep>