<sweep jobNum="59" runs="1">
		
		<parameter constant_type="double" name="ab_prob_acute" type="constant" value="0.012009565101" />
		<parameter constant_type="double" name="ab_prob_chronic" type="constant" value="0.494571609249" />
		<parameter constant_type="double" name="attrition_rate" type="constant" value="0.0138237068366" />
		<parameter constant_type="double" name="burn_in_days" type="constant" value="365.0" value_nob="0" />
		<parameter constant_type="number" name="dump_network_distances" type="constant" value="-1" />
		<parameter constant_type="double" name="homophily_strength" type="constant" value="0.745754815855" />
		<parameter constant_type="number" name="initial_pwid_count" type="constant" value="32927" />
		<parameter constant_type="double" name="interaction_home_cutoff" type="constant" value="2.9585386879" />
		<parameter constant_type="double" name="interaction_rate_constant" type="constant" value="0.0216437891684" />
		<parameter constant_type="double" name="interaction_rate_at_drug_sites" type="constant" value="8.08616313523e-05" />
		<parameter constant_type="double" name="interaction_rate_exzone" type="constant" value="0.0865421609344" />
		<parameter constant_type="double" name="mean_career_duration" type="constant" value="31.3233377441" />
        <parameter constant_type="double" name="mean_days_acute_naive" type="constant" value="97.6283991001" />
		<parameter constant_type="double" name="mean_days_acute_rechallenged" type="constant" value="25.8855273473" />
		<parameter constant_type="double" name="mean_days_naive_to_infectious" type="constant" value="2.94578390656" />
		<parameter constant_type="double" name="mean_enrichment_ChicagoNonNEP" type="constant" value="0.546622554488" />
		<parameter constant_type="double" name="mean_enrichment_suburbs" type="constant" value="2.09323006424" />
		<parameter constant_type="double" name="mean_tie_lifetime" type="constant" value="460.151698164" />
		<parameter constant_type="double" name="net_inflow" type="constant" value="0.0" />
		<parameter constant_type="double" name="nonNEP_age_boost" type="constant" value="1.5210131132" />
		<parameter constant_type="double" name="nonNEP_age_started_boost" type="constant" value="0.82817494777" />
		<parameter constant_type="double" name="nonNEP_degree_boost" type="constant" value="0.192974741557" />
		<parameter constant_type="double" name="nonNEP_hcv_ab_boost" type="constant" value="0.0135175827278" />
		<parameter constant_type="double" name="nonNEP_injection_ratio" type="constant" value="0.823250873403" />
		<parameter constant_type="double" name="nonNEP_sharing_boost" type="constant" value="0.388841789367" />
		<parameter constant_type="string" name="output_directory" type="constant" value="output" />
		<parameter constant_type="double" name="prob_cessation" type="constant" value="0.301248458987" />
		<parameter constant_type="double" name="prob_infected_when_arrive" type="constant" value="0.077740825388" />
		<parameter constant_type="double" name="prob_self_limiting_female" type="constant" value="0.389682071208" />
		<parameter constant_type="double" name="prob_self_limiting_male" type="constant" value="0.114646064041" />
		<parameter constant_type="double" name="prob_clearing" type="constant" value="0.809875325122" />
		<parameter constant_type="double" name="pwid_maturity_threshold" type="constant" value="5.03993179118" />
        <parameter comment="365*5 + 365 burnin" constant_type="number" name="run_length" shortvalue="4015" type="constant" value="4040" />
        <parameter constant_type="double" name="status_report_frequency" type="constant" value="365.0" />
        <parameter constant_type="double" name="transmissibility" type="constant" value="0.0246918875751" />
        <parameter constant_type="string" name="NEP_data" simulated_value="datagen/NEP_mock_2014.csv" type="constant" value="data/NEP_Risk_Base_Merge.csv" />
        <parameter constant_type="string" name="NHBS_data" simulated_value="datagen/NHBS_mock_2014.csv" type="constant" value="data/IDU2_HCV_model_012913_cleaned.csv" value2012="data/IDU3_2012-2014-04-17.csv" />
</sweep>