<sweep jobNum="258" runs="1">
		
		<parameter constant_type="double" name="ab_prob_acute" type="constant" value="0.0208280488799" />
		<parameter constant_type="double" name="ab_prob_chronic" type="constant" value="0.720906152172" />
		<parameter constant_type="double" name="attrition_rate" type="constant" value="0.0310503392651" />
		<parameter constant_type="double" name="burn_in_days" type="constant" value="365.0" value_nob="0" />
		<parameter constant_type="number" name="dump_network_distances" type="constant" value="-1" />
		<parameter constant_type="double" name="homophily_strength" type="constant" value="0.74449171584" />
		<parameter constant_type="number" name="initial_pwid_count" type="constant" value="33096" />
		<parameter constant_type="double" name="interaction_home_cutoff" type="constant" value="1.05936847193" />
		<parameter constant_type="double" name="interaction_rate_constant" type="constant" value="0.0207473114056" />
		<parameter constant_type="double" name="interaction_rate_at_drug_sites" type="constant" value="0.000121617837379" />
		<parameter constant_type="double" name="interaction_rate_exzone" type="constant" value="0.0778515784644" />
		<parameter constant_type="double" name="mean_career_duration" type="constant" value="12.1265444134" />
        <parameter constant_type="double" name="mean_days_acute_naive" type="constant" value="120.819889026" />
		<parameter constant_type="double" name="mean_days_acute_rechallenged" type="constant" value="45.6039413383" />
		<parameter constant_type="double" name="mean_days_naive_to_infectious" type="constant" value="3.10572363263" />
		<parameter constant_type="double" name="mean_enrichment_ChicagoNonNEP" type="constant" value="0.613638100442" />
		<parameter constant_type="double" name="mean_enrichment_suburbs" type="constant" value="2.27409648419" />
		<parameter constant_type="double" name="mean_tie_lifetime" type="constant" value="663.053899699" />
		<parameter constant_type="double" name="net_inflow" type="constant" value="0.0" />
		<parameter constant_type="double" name="nonNEP_age_boost" type="constant" value="4.1868278514" />
		<parameter constant_type="double" name="nonNEP_age_started_boost" type="constant" value="1.76564498652" />
		<parameter constant_type="double" name="nonNEP_degree_boost" type="constant" value="0.280743680186" />
		<parameter constant_type="double" name="nonNEP_hcv_ab_boost" type="constant" value="0.0136939928566" />
		<parameter constant_type="double" name="nonNEP_injection_ratio" type="constant" value="0.88431419146" />
		<parameter constant_type="double" name="nonNEP_sharing_boost" type="constant" value="0.420569223748" />
		<parameter constant_type="string" name="output_directory" type="constant" value="output" />
		<parameter constant_type="double" name="prob_cessation" type="constant" value="0.182980570371" />
		<parameter constant_type="double" name="prob_infected_when_arrive" type="constant" value="0.0727276200883" />
		<parameter constant_type="double" name="prob_self_limiting_female" type="constant" value="0.373514872818" />
		<parameter constant_type="double" name="prob_self_limiting_male" type="constant" value="0.115479934874" />
		<parameter constant_type="double" name="prob_clearing" type="constant" value="0.78137161708" />
		<parameter constant_type="double" name="pwid_maturity_threshold" type="constant" value="4.7541028989" />
        <parameter comment="365*5 + 365 burnin" constant_type="number" name="run_length" shortvalue="4015" type="constant" value="4040" />
        <parameter constant_type="double" name="status_report_frequency" type="constant" value="365.0" />
        <parameter constant_type="double" name="transmissibility" type="constant" value="0.0202255262742" />
        <parameter constant_type="string" name="NEP_data" simulated_value="datagen/NEP_mock_2014.csv" type="constant" value="data/NEP_Risk_Base_Merge.csv" />
        <parameter constant_type="string" name="NHBS_data" simulated_value="datagen/NHBS_mock_2014.csv" type="constant" value="data/IDU2_HCV_model_012913_cleaned.csv" value2012="data/IDU3_2012-2014-04-17.csv" />
</sweep>