<sweep jobNum="197" runs="1">
		
		<parameter constant_type="double" name="ab_prob_acute" type="constant" value="0.0234014000261" />
		<parameter constant_type="double" name="ab_prob_chronic" type="constant" value="0.646846635873" />
		<parameter constant_type="double" name="attrition_rate" type="constant" value="0.0450238089672" />
		<parameter constant_type="double" name="burn_in_days" type="constant" value="365.0" value_nob="0" />
		<parameter constant_type="number" name="dump_network_distances" type="constant" value="-1" />
		<parameter constant_type="double" name="homophily_strength" type="constant" value="0.688853846489" />
		<parameter constant_type="number" name="initial_pwid_count" type="constant" value="31246" />
		<parameter constant_type="double" name="interaction_home_cutoff" type="constant" value="2.6935206347" />
		<parameter constant_type="double" name="interaction_rate_constant" type="constant" value="0.0162567656674" />
		<parameter constant_type="double" name="interaction_rate_at_drug_sites" type="constant" value="9.50005395565e-05" />
		<parameter constant_type="double" name="interaction_rate_exzone" type="constant" value="0.0865992956147" />
		<parameter constant_type="double" name="mean_career_duration" type="constant" value="22.8306401556" />
        <parameter constant_type="double" name="mean_days_acute_naive" type="constant" value="119.15709573" />
		<parameter constant_type="double" name="mean_days_acute_rechallenged" type="constant" value="12.0191302021" />
		<parameter constant_type="double" name="mean_days_naive_to_infectious" type="constant" value="3.19808134931" />
		<parameter constant_type="double" name="mean_enrichment_ChicagoNonNEP" type="constant" value="0.462707974305" />
		<parameter constant_type="double" name="mean_enrichment_suburbs" type="constant" value="2.22877407928" />
		<parameter constant_type="double" name="mean_tie_lifetime" type="constant" value="511.71368078" />
		<parameter constant_type="double" name="net_inflow" type="constant" value="0.0" />
		<parameter constant_type="double" name="nonNEP_age_boost" type="constant" value="2.29462112335" />
		<parameter constant_type="double" name="nonNEP_age_started_boost" type="constant" value="2.69530871691" />
		<parameter constant_type="double" name="nonNEP_degree_boost" type="constant" value="0.205985999739" />
		<parameter constant_type="double" name="nonNEP_hcv_ab_boost" type="constant" value="0.0152033127348" />
		<parameter constant_type="double" name="nonNEP_injection_ratio" type="constant" value="0.857010501359" />
		<parameter constant_type="double" name="nonNEP_sharing_boost" type="constant" value="0.292336317646" />
		<parameter constant_type="string" name="output_directory" type="constant" value="output" />
		<parameter constant_type="double" name="prob_cessation" type="constant" value="0.238491021792" />
		<parameter constant_type="double" name="prob_infected_when_arrive" type="constant" value="0.0521686437376" />
		<parameter constant_type="double" name="prob_self_limiting_female" type="constant" value="0.378279719937" />
		<parameter constant_type="double" name="prob_self_limiting_male" type="constant" value="0.116538333452" />
		<parameter constant_type="double" name="prob_clearing" type="constant" value="0.8674864036" />
		<parameter constant_type="double" name="pwid_maturity_threshold" type="constant" value="6.5824371352" />
        <parameter comment="365*5 + 365 burnin" constant_type="number" name="run_length" shortvalue="4015" type="constant" value="4040" />
        <parameter constant_type="double" name="status_report_frequency" type="constant" value="365.0" />
        <parameter constant_type="double" name="transmissibility" type="constant" value="0.0377977646637" />
        <parameter constant_type="string" name="NEP_data" simulated_value="datagen/NEP_mock_2014.csv" type="constant" value="data/NEP_Risk_Base_Merge.csv" />
        <parameter constant_type="string" name="NHBS_data" simulated_value="datagen/NHBS_mock_2014.csv" type="constant" value="data/IDU2_HCV_model_012913_cleaned.csv" value2012="data/IDU3_2012-2014-04-17.csv" />
</sweep>