<sweep jobNum="261" runs="1">
		
		<parameter constant_type="double" name="ab_prob_acute" type="constant" value="0.0159875325122" />
		<parameter constant_type="double" name="ab_prob_chronic" type="constant" value="0.717310820021" />
		<parameter constant_type="double" name="attrition_rate" type="constant" value="0.0487215789183" />
		<parameter constant_type="double" name="burn_in_days" type="constant" value="365.0" value_nob="0" />
		<parameter constant_type="number" name="dump_network_distances" type="constant" value="-1" />
		<parameter constant_type="double" name="homophily_strength" type="constant" value="0.776802850853" />
		<parameter constant_type="number" name="initial_pwid_count" type="constant" value="30082" />
		<parameter constant_type="double" name="interaction_home_cutoff" type="constant" value="1.4976456051" />
		<parameter constant_type="double" name="interaction_rate_constant" type="constant" value="0.0217512321274" />
		<parameter constant_type="double" name="interaction_rate_at_drug_sites" type="constant" value="0.000108453744642" />
		<parameter constant_type="double" name="interaction_rate_exzone" type="constant" value="0.0793521486862" />
		<parameter constant_type="double" name="mean_career_duration" type="constant" value="30.8878805347" />
        <parameter constant_type="double" name="mean_days_acute_naive" type="constant" value="88.9533798125" />
		<parameter constant_type="double" name="mean_days_acute_rechallenged" type="constant" value="41.0124420025" />
		<parameter constant_type="double" name="mean_days_naive_to_infectious" type="constant" value="2.77274453437" />
		<parameter constant_type="double" name="mean_enrichment_ChicagoNonNEP" type="constant" value="0.382316421266" />
		<parameter constant_type="double" name="mean_enrichment_suburbs" type="constant" value="2.04999460443" />
		<parameter constant_type="double" name="mean_tie_lifetime" type="constant" value="859.915101434" />
		<parameter constant_type="double" name="net_inflow" type="constant" value="0.0" />
		<parameter constant_type="double" name="nonNEP_age_boost" type="constant" value="4.23422724766" />
		<parameter constant_type="double" name="nonNEP_age_started_boost" type="constant" value="1.15180703162" />
		<parameter constant_type="double" name="nonNEP_degree_boost" type="constant" value="0.199875325122" />
		<parameter constant_type="double" name="nonNEP_hcv_ab_boost" type="constant" value="0.0192177623985" />
		<parameter constant_type="double" name="nonNEP_injection_ratio" type="constant" value="0.805568438272" />
		<parameter constant_type="double" name="nonNEP_sharing_boost" type="constant" value="0.246915313149" />
		<parameter constant_type="string" name="output_directory" type="constant" value="output" />
		<parameter constant_type="double" name="prob_cessation" type="constant" value="0.311790709268" />
		<parameter constant_type="double" name="prob_infected_when_arrive" type="constant" value="0.0643331498397" />
		<parameter constant_type="double" name="prob_self_limiting_female" type="constant" value="0.364642373226" />
		<parameter constant_type="double" name="prob_self_limiting_male" type="constant" value="0.130995889663" />
		<parameter constant_type="double" name="prob_clearing" type="constant" value="0.751400874214" />
		<parameter constant_type="double" name="pwid_maturity_threshold" type="constant" value="5.15416492167" />
        <parameter comment="365*5 + 365 burnin" constant_type="number" name="run_length" shortvalue="4015" type="constant" value="4040" />
        <parameter constant_type="double" name="status_report_frequency" type="constant" value="365.0" />
        <parameter constant_type="double" name="transmissibility" type="constant" value="0.0497512995515" />
        <parameter constant_type="string" name="NEP_data" simulated_value="datagen/NEP_mock_2014.csv" type="constant" value="data/NEP_Risk_Base_Merge.csv" />
        <parameter constant_type="string" name="NHBS_data" simulated_value="datagen/NHBS_mock_2014.csv" type="constant" value="data/IDU2_HCV_model_012913_cleaned.csv" value2012="data/IDU3_2012-2014-04-17.csv" />
</sweep>