<sweep jobNum="115" runs="1">
		
		<parameter constant_type="double" name="ab_prob_acute" type="constant" value="0.0218065904557" />
		<parameter constant_type="double" name="ab_prob_chronic" type="constant" value="0.708833125818" />
		<parameter constant_type="double" name="attrition_rate" type="constant" value="0.0529653410923" />
		<parameter constant_type="double" name="burn_in_days" type="constant" value="365.0" value_nob="0" />
		<parameter constant_type="number" name="dump_network_distances" type="constant" value="-1" />
		<parameter constant_type="double" name="homophily_strength" type="constant" value="0.765062210012" />
		<parameter constant_type="number" name="initial_pwid_count" type="constant" value="30417" />
		<parameter constant_type="double" name="interaction_home_cutoff" type="constant" value="2.2389780879" />
		<parameter constant_type="double" name="interaction_rate_constant" type="constant" value="0.0125101056699" />
		<parameter constant_type="double" name="interaction_rate_at_drug_sites" type="constant" value="0.000110778199544" />
		<parameter constant_type="double" name="interaction_rate_exzone" type="constant" value="0.0868853002799" />
		<parameter constant_type="double" name="mean_career_duration" type="constant" value="29.5214891989" />
        <parameter constant_type="double" name="mean_days_acute_naive" type="constant" value="126.649781447" />
		<parameter constant_type="double" name="mean_days_acute_rechallenged" type="constant" value="20.7116439852" />
		<parameter constant_type="double" name="mean_days_naive_to_infectious" type="constant" value="3.92302103043" />
		<parameter constant_type="double" name="mean_enrichment_ChicagoNonNEP" type="constant" value="0.325634989554" />
		<parameter constant_type="double" name="mean_enrichment_suburbs" type="constant" value="1.74558186183" />
		<parameter constant_type="double" name="mean_tie_lifetime" type="constant" value="639.090923488" />
		<parameter constant_type="double" name="net_inflow" type="constant" value="0.0" />
		<parameter constant_type="double" name="nonNEP_age_boost" type="constant" value="4.04028095205" />
		<parameter constant_type="double" name="nonNEP_age_started_boost" type="constant" value="1.70855634832" />
		<parameter constant_type="double" name="nonNEP_degree_boost" type="constant" value="0.21610219121" />
		<parameter constant_type="double" name="nonNEP_hcv_ab_boost" type="constant" value="0.00881306829989" />
		<parameter constant_type="double" name="nonNEP_injection_ratio" type="constant" value="0.827438817012" />
		<parameter constant_type="double" name="nonNEP_sharing_boost" type="constant" value="0.258454686738" />
		<parameter constant_type="string" name="output_directory" type="constant" value="output" />
		<parameter constant_type="double" name="prob_cessation" type="constant" value="0.252313354727" />
		<parameter constant_type="double" name="prob_infected_when_arrive" type="constant" value="0.0768766716099" />
		<parameter constant_type="double" name="prob_self_limiting_female" type="constant" value="0.374849103504" />
		<parameter constant_type="double" name="prob_self_limiting_male" type="constant" value="0.137707738606" />
		<parameter constant_type="double" name="prob_clearing" type="constant" value="0.806137169705" />
		<parameter constant_type="double" name="pwid_maturity_threshold" type="constant" value="3.93003493611" />
        <parameter comment="365*5 + 365 burnin" constant_type="number" name="run_length" shortvalue="4015" type="constant" value="4040" />
        <parameter constant_type="double" name="status_report_frequency" type="constant" value="365.0" />
        <parameter constant_type="double" name="transmissibility" type="constant" value="0.0185327962201" />
        <parameter constant_type="string" name="NEP_data" simulated_value="datagen/NEP_mock_2014.csv" type="constant" value="data/NEP_Risk_Base_Merge.csv" />
        <parameter constant_type="string" name="NHBS_data" simulated_value="datagen/NHBS_mock_2014.csv" type="constant" value="data/IDU2_HCV_model_012913_cleaned.csv" value2012="data/IDU3_2012-2014-04-17.csv" />
</sweep>