<sweep jobNum="227" runs="1">
		
		<parameter constant_type="double" name="ab_prob_acute" type="constant" value="0.027081045177" />
		<parameter constant_type="double" name="ab_prob_chronic" type="constant" value="0.52217531085" />
		<parameter constant_type="double" name="attrition_rate" type="constant" value="0.0539667486087" />
		<parameter constant_type="double" name="burn_in_days" type="constant" value="365.0" value_nob="0" />
		<parameter constant_type="number" name="dump_network_distances" type="constant" value="-1" />
		<parameter constant_type="double" name="homophily_strength" type="constant" value="0.702567155119" />
		<parameter constant_type="number" name="initial_pwid_count" type="constant" value="31891" />
		<parameter constant_type="double" name="interaction_home_cutoff" type="constant" value="1.36341160627" />
		<parameter constant_type="double" name="interaction_rate_constant" type="constant" value="0.0184818550374" />
		<parameter constant_type="double" name="interaction_rate_at_drug_sites" type="constant" value="0.000138019498961" />
		<parameter constant_type="double" name="interaction_rate_exzone" type="constant" value="0.0922961844844" />
		<parameter constant_type="double" name="mean_career_duration" type="constant" value="27.5762348041" />
        <parameter constant_type="double" name="mean_days_acute_naive" type="constant" value="89.4411401276" />
		<parameter constant_type="double" name="mean_days_acute_rechallenged" type="constant" value="42.6053541042" />
		<parameter constant_type="double" name="mean_days_naive_to_infectious" type="constant" value="2.45842406412" />
		<parameter constant_type="double" name="mean_enrichment_ChicagoNonNEP" type="constant" value="0.587725660591" />
		<parameter constant_type="double" name="mean_enrichment_suburbs" type="constant" value="2.12831216968" />
		<parameter constant_type="double" name="mean_tie_lifetime" type="constant" value="828.910886865" />
		<parameter constant_type="double" name="net_inflow" type="constant" value="0.0" />
		<parameter constant_type="double" name="nonNEP_age_boost" type="constant" value="3.8928207002" />
		<parameter constant_type="double" name="nonNEP_age_started_boost" type="constant" value="1.68003410441" />
		<parameter constant_type="double" name="nonNEP_degree_boost" type="constant" value="0.302961844844" />
		<parameter constant_type="double" name="nonNEP_hcv_ab_boost" type="constant" value="0.0128769639244" />
		<parameter constant_type="double" name="nonNEP_injection_ratio" type="constant" value="0.867007000131" />
		<parameter constant_type="double" name="nonNEP_sharing_boost" type="constant" value="0.394358940283" />
		<parameter constant_type="string" name="output_directory" type="constant" value="output" />
		<parameter constant_type="double" name="prob_cessation" type="constant" value="0.29486341118" />
		<parameter constant_type="double" name="prob_infected_when_arrive" type="constant" value="0.0198881775589" />
		<parameter constant_type="double" name="prob_self_limiting_female" type="constant" value="0.3775818605" />
		<parameter constant_type="double" name="prob_self_limiting_male" type="constant" value="0.10124500086" />
		<parameter constant_type="double" name="prob_clearing" type="constant" value="0.926802850853" />
		<parameter constant_type="double" name="pwid_maturity_threshold" type="constant" value="4.89156781312" />
        <parameter comment="365*5 + 365 burnin" constant_type="number" name="run_length" shortvalue="4015" type="constant" value="4040" />
        <parameter constant_type="double" name="status_report_frequency" type="constant" value="365.0" />
        <parameter constant_type="double" name="transmissibility" type="constant" value="0.0158106055964" />
        <parameter constant_type="string" name="NEP_data" simulated_value="datagen/NEP_mock_2014.csv" type="constant" value="data/NEP_Risk_Base_Merge.csv" />
        <parameter constant_type="string" name="NHBS_data" simulated_value="datagen/NHBS_mock_2014.csv" type="constant" value="data/IDU2_HCV_model_012913_cleaned.csv" value2012="data/IDU3_2012-2014-04-17.csv" />
</sweep>