<sweep jobNum="84" runs="1">
		
		<parameter constant_type="double" name="ab_prob_acute" type="constant" value="0.0265062210012" />
		<parameter constant_type="double" name="ab_prob_chronic" type="constant" value="0.509352397237" />
		<parameter constant_type="double" name="attrition_rate" type="constant" value="0.020104869344" />
		<parameter constant_type="double" name="burn_in_days" type="constant" value="365.0" value_nob="0" />
		<parameter constant_type="number" name="dump_network_distances" type="constant" value="-1" />
		<parameter constant_type="double" name="homophily_strength" type="constant" value="0.770079394458" />
		<parameter constant_type="number" name="initial_pwid_count" type="constant" value="30256" />
		<parameter constant_type="double" name="interaction_home_cutoff" type="constant" value="2.20390190865" />
		<parameter constant_type="double" name="interaction_rate_constant" type="constant" value="0.0148115119041" />
		<parameter constant_type="double" name="interaction_rate_at_drug_sites" type="constant" value="8.41969462577e-05" />
		<parameter constant_type="double" name="interaction_rate_exzone" type="constant" value="0.0781655820606" />
		<parameter constant_type="double" name="mean_career_duration" type="constant" value="30.9500327327" />
        <parameter constant_type="double" name="mean_days_acute_naive" type="constant" value="92.2771914465" />
		<parameter constant_type="double" name="mean_days_acute_rechallenged" type="constant" value="19.101656832" />
		<parameter constant_type="double" name="mean_days_naive_to_infectious" type="constant" value="3.70079394458" />
		<parameter constant_type="double" name="mean_enrichment_ChicagoNonNEP" type="constant" value="0.451029672744" />
		<parameter constant_type="double" name="mean_enrichment_suburbs" type="constant" value="1.74233019628" />
		<parameter constant_type="double" name="mean_tie_lifetime" type="constant" value="427.186977918" />
		<parameter constant_type="double" name="net_inflow" type="constant" value="0.0" />
		<parameter constant_type="double" name="nonNEP_age_boost" type="constant" value="1.76577275234" />
		<parameter constant_type="double" name="nonNEP_age_started_boost" type="constant" value="1.40187785588" />
		<parameter constant_type="double" name="nonNEP_degree_boost" type="constant" value="0.294819296838" />
		<parameter constant_type="double" name="nonNEP_hcv_ab_boost" type="constant" value="0.00927660127839" />
		<parameter constant_type="double" name="nonNEP_injection_ratio" type="constant" value="0.88956092838" />
		<parameter constant_type="double" name="nonNEP_sharing_boost" type="constant" value="0.427675862085" />
		<parameter constant_type="string" name="output_directory" type="constant" value="output" />
		<parameter constant_type="double" name="prob_cessation" type="constant" value="0.258764335878" />
		<parameter constant_type="double" name="prob_infected_when_arrive" type="constant" value="0.0567629957135" />
		<parameter constant_type="double" name="prob_self_limiting_female" type="constant" value="0.343730070898" />
		<parameter constant_type="double" name="prob_self_limiting_male" type="constant" value="0.113922472894" />
		<parameter constant_type="double" name="prob_clearing" type="constant" value="0.883410230425" />
		<parameter constant_type="double" name="pwid_maturity_threshold" type="constant" value="6.05682460765" />
        <parameter comment="365*5 + 365 burnin" constant_type="number" name="run_length" shortvalue="4015" type="constant" value="4040" />
        <parameter constant_type="double" name="status_report_frequency" type="constant" value="365.0" />
        <parameter constant_type="double" name="transmissibility" type="constant" value="0.0324046118039" />
        <parameter constant_type="string" name="NEP_data" simulated_value="datagen/NEP_mock_2014.csv" type="constant" value="data/NEP_Risk_Base_Merge.csv" />
        <parameter constant_type="string" name="NHBS_data" simulated_value="datagen/NHBS_mock_2014.csv" type="constant" value="data/IDU2_HCV_model_012913_cleaned.csv" value2012="data/IDU3_2012-2014-04-17.csv" />
</sweep>