<sweep jobNum="145" runs="1">
		
		<parameter constant_type="double" name="ab_prob_acute" type="constant" value="0.0222725546563" />
		<parameter constant_type="double" name="ab_prob_chronic" type="constant" value="0.645490929953" />
		<parameter constant_type="double" name="attrition_rate" type="constant" value="0.0213398580222" />
		<parameter constant_type="double" name="burn_in_days" type="constant" value="365.0" value_nob="0" />
		<parameter constant_type="number" name="dump_network_distances" type="constant" value="-1" />
		<parameter constant_type="double" name="homophily_strength" type="constant" value="0.648466039256" />
		<parameter constant_type="number" name="initial_pwid_count" type="constant" value="32915" />
		<parameter constant_type="double" name="interaction_home_cutoff" type="constant" value="1.3911110368" />
		<parameter constant_type="double" name="interaction_rate_constant" type="constant" value="0.0151932891237" />
		<parameter constant_type="double" name="interaction_rate_at_drug_sites" type="constant" value="0.000133954139411" />
		<parameter constant_type="double" name="interaction_rate_exzone" type="constant" value="0.0834337566065" />
		<parameter constant_type="double" name="mean_career_duration" type="constant" value="16.4775160552" />
        <parameter constant_type="double" name="mean_days_acute_naive" type="constant" value="84.4801513855" />
		<parameter constant_type="double" name="mean_days_acute_rechallenged" type="constant" value="47.9061743383" />
		<parameter constant_type="double" name="mean_days_naive_to_infectious" type="constant" value="2.69590915019" />
		<parameter constant_type="double" name="mean_enrichment_ChicagoNonNEP" type="constant" value="0.653605701707" />
		<parameter constant_type="double" name="mean_enrichment_suburbs" type="constant" value="1.89513530789" />
		<parameter constant_type="double" name="mean_tie_lifetime" type="constant" value="687.244307781" />
		<parameter constant_type="double" name="net_inflow" type="constant" value="0.0" />
		<parameter constant_type="double" name="nonNEP_age_boost" type="constant" value="2.5795820278" />
		<parameter constant_type="double" name="nonNEP_age_started_boost" type="constant" value="1.86329141059" />
		<parameter constant_type="double" name="nonNEP_degree_boost" type="constant" value="0.176341160627" />
		<parameter constant_type="double" name="nonNEP_hcv_ab_boost" type="constant" value="0.0179301210044" />
		<parameter constant_type="double" name="nonNEP_injection_ratio" type="constant" value="0.879420894684" />
		<parameter constant_type="double" name="nonNEP_sharing_boost" type="constant" value="0.237697896957" />
		<parameter constant_type="string" name="output_directory" type="constant" value="output" />
		<parameter constant_type="double" name="prob_cessation" type="constant" value="0.299805898266" />
		<parameter constant_type="double" name="prob_infected_when_arrive" type="constant" value="0.0361523949598" />
		<parameter constant_type="double" name="prob_self_limiting_female" type="constant" value="0.339156554134" />
		<parameter constant_type="double" name="prob_self_limiting_male" type="constant" value="0.133121526187" />
		<parameter constant_type="double" name="prob_clearing" type="constant" value="0.877435087107" />
		<parameter constant_type="double" name="pwid_maturity_threshold" type="constant" value="4.71957994563" />
        <parameter comment="365*5 + 365 burnin" constant_type="number" name="run_length" shortvalue="4015" type="constant" value="4040" />
        <parameter constant_type="double" name="status_report_frequency" type="constant" value="365.0" />
        <parameter constant_type="double" name="transmissibility" type="constant" value="0.04520864596" />
        <parameter constant_type="string" name="NEP_data" simulated_value="datagen/NEP_mock_2014.csv" type="constant" value="data/NEP_Risk_Base_Merge.csv" />
        <parameter constant_type="string" name="NHBS_data" simulated_value="datagen/NHBS_mock_2014.csv" type="constant" value="data/IDU2_HCV_model_012913_cleaned.csv" value2012="data/IDU3_2012-2014-04-17.csv" />
</sweep>