<sweep jobNum="232" runs="1">
		
		<parameter constant_type="double" name="ab_prob_acute" type="constant" value="0.010414613121" />
		<parameter constant_type="double" name="ab_prob_chronic" type="constant" value="0.702592195252" />
		<parameter constant_type="double" name="attrition_rate" type="constant" value="0.0419467999403" />
		<parameter constant_type="double" name="burn_in_days" type="constant" value="365.0" value_nob="0" />
		<parameter constant_type="number" name="dump_network_distances" type="constant" value="-1" />
		<parameter constant_type="double" name="homophily_strength" type="constant" value="0.738276737295" />
		<parameter constant_type="number" name="initial_pwid_count" type="constant" value="31258" />
		<parameter constant_type="double" name="interaction_home_cutoff" type="constant" value="2.71545313262" />
		<parameter constant_type="double" name="interaction_rate_constant" type="constant" value="0.0127505443847" />
		<parameter constant_type="double" name="interaction_rate_at_drug_sites" type="constant" value="0.000132179470141" />
		<parameter constant_type="double" name="interaction_rate_exzone" type="constant" value="0.0893410230425" />
		<parameter constant_type="double" name="mean_career_duration" type="constant" value="33.5304579831" />
        <parameter constant_type="double" name="mean_days_acute_naive" type="constant" value="115.374563299" />
		<parameter constant_type="double" name="mean_days_acute_rechallenged" type="constant" value="43.0559112206" />
		<parameter constant_type="double" name="mean_days_naive_to_infectious" type="constant" value="3.11720310967" />
		<parameter constant_type="double" name="mean_enrichment_ChicagoNonNEP" type="constant" value="0.539616269862" />
		<parameter constant_type="double" name="mean_enrichment_suburbs" type="constant" value="1.54715388126" />
		<parameter constant_type="double" name="mean_tie_lifetime" type="constant" value="483.58948263" />
		<parameter constant_type="double" name="net_inflow" type="constant" value="0.0" />
		<parameter constant_type="double" name="nonNEP_age_boost" type="constant" value="3.90305596224" />
		<parameter constant_type="double" name="nonNEP_age_started_boost" type="constant" value="1.47274453437" />
		<parameter constant_type="double" name="nonNEP_degree_boost" type="constant" value="0.268621629026" />
		<parameter constant_type="double" name="nonNEP_hcv_ab_boost" type="constant" value="0.000555462249436" />
		<parameter constant_type="double" name="nonNEP_injection_ratio" type="constant" value="0.898837931042" />
		<parameter constant_type="double" name="nonNEP_sharing_boost" type="constant" value="0.256973229479" />
		<parameter constant_type="string" name="output_directory" type="constant" value="output" />
		<parameter constant_type="double" name="prob_cessation" type="constant" value="0.19548625111" />
		<parameter constant_type="double" name="prob_infected_when_arrive" type="constant" value="0.0810284846141" />
		<parameter constant_type="double" name="prob_self_limiting_female" type="constant" value="0.347430349561" />
		<parameter constant_type="double" name="prob_self_limiting_male" type="constant" value="0.129849517486" />
		<parameter constant_type="double" name="prob_clearing" type="constant" value="0.80550828416" />
		<parameter constant_type="double" name="pwid_maturity_threshold" type="constant" value="4.31971999478" />
        <parameter comment="365*5 + 365 burnin" constant_type="number" name="run_length" shortvalue="4015" type="constant" value="4040" />
        <parameter constant_type="double" name="status_report_frequency" type="constant" value="365.0" />
        <parameter constant_type="double" name="transmissibility" type="constant" value="0.0211519251217" />
        <parameter constant_type="string" name="NEP_data" simulated_value="datagen/NEP_mock_2014.csv" type="constant" value="data/NEP_Risk_Base_Merge.csv" />
        <parameter constant_type="string" name="NHBS_data" simulated_value="datagen/NHBS_mock_2014.csv" type="constant" value="data/IDU2_HCV_model_012913_cleaned.csv" value2012="data/IDU3_2012-2014-04-17.csv" />
</sweep>