<sweep jobNum="240" runs="1">
		
		<parameter constant_type="double" name="ab_prob_acute" type="constant" value="0.0226252395328" />
		<parameter constant_type="double" name="ab_prob_chronic" type="constant" value="0.680940045176" />
		<parameter constant_type="double" name="attrition_rate" type="constant" value="0.0673307090169" />
		<parameter constant_type="double" name="burn_in_days" type="constant" value="365.0" value_nob="0" />
		<parameter constant_type="number" name="dump_network_distances" type="constant" value="-1" />
		<parameter constant_type="double" name="homophily_strength" type="constant" value="0.611136876544" />
		<parameter constant_type="number" name="initial_pwid_count" type="constant" value="31719" />
		<parameter constant_type="double" name="interaction_home_cutoff" type="constant" value="1.40478619987" />
		<parameter constant_type="double" name="interaction_rate_constant" type="constant" value="0.0192098951917" />
		<parameter constant_type="double" name="interaction_rate_at_drug_sites" type="constant" value="0.000106434902644" />
		<parameter constant_type="double" name="interaction_rate_exzone" type="constant" value="0.0923658839373" />
		<parameter constant_type="double" name="mean_career_duration" type="constant" value="25.2943488366" />
        <parameter constant_type="double" name="mean_days_acute_naive" type="constant" value="108.858771777" />
		<parameter constant_type="double" name="mean_days_acute_rechallenged" type="constant" value="32.3112798177" />
		<parameter constant_type="double" name="mean_days_naive_to_infectious" type="constant" value="2.4781351925" />
		<parameter constant_type="double" name="mean_enrichment_ChicagoNonNEP" type="constant" value="0.586471349517" />
		<parameter constant_type="double" name="mean_enrichment_suburbs" type="constant" value="1.78694892398" />
		<parameter constant_type="double" name="mean_tie_lifetime" type="constant" value="414.195678024" />
		<parameter constant_type="double" name="net_inflow" type="constant" value="0.0" />
		<parameter constant_type="double" name="nonNEP_age_boost" type="constant" value="2.44421940445" />
		<parameter constant_type="double" name="nonNEP_age_started_boost" type="constant" value="1.50191865069" />
		<parameter constant_type="double" name="nonNEP_degree_boost" type="constant" value="0.248280488799" />
		<parameter constant_type="double" name="nonNEP_hcv_ab_boost" type="constant" value="0.00822684009408" />
		<parameter constant_type="double" name="nonNEP_injection_ratio" type="constant" value="0.851568902132" />
		<parameter constant_type="double" name="nonNEP_sharing_boost" type="constant" value="0.303156728128" />
		<parameter constant_type="string" name="output_directory" type="constant" value="output" />
		<parameter constant_type="double" name="prob_cessation" type="constant" value="0.24192474809" />
		<parameter constant_type="double" name="prob_infected_when_arrive" type="constant" value="0.0430054385601" />
		<parameter constant_type="double" name="prob_self_limiting_female" type="constant" value="0.396796958305" />
		<parameter constant_type="double" name="prob_self_limiting_male" type="constant" value="0.123190404448" />
		<parameter constant_type="double" name="prob_clearing" type="constant" value="0.840574192875" />
		<parameter constant_type="double" name="pwid_maturity_threshold" type="constant" value="5.22292307022" />
        <parameter comment="365*5 + 365 burnin" constant_type="number" name="run_length" shortvalue="4015" type="constant" value="4040" />
        <parameter constant_type="double" name="status_report_frequency" type="constant" value="365.0" />
        <parameter constant_type="double" name="transmissibility" type="constant" value="0.0248201428816" />
        <parameter constant_type="string" name="NEP_data" simulated_value="datagen/NEP_mock_2014.csv" type="constant" value="data/NEP_Risk_Base_Merge.csv" />
        <parameter constant_type="string" name="NHBS_data" simulated_value="datagen/NHBS_mock_2014.csv" type="constant" value="data/IDU2_HCV_model_012913_cleaned.csv" value2012="data/IDU3_2012-2014-04-17.csv" />
</sweep>