<sweep jobNum="285" runs="1">
		
		<parameter constant_type="double" name="ab_prob_acute" type="constant" value="0.0229812214412" />
		<parameter constant_type="double" name="ab_prob_chronic" type="constant" value="0.63728985173" />
		<parameter constant_type="double" name="attrition_rate" type="constant" value="0.0361613822441" />
		<parameter constant_type="double" name="burn_in_days" type="constant" value="365.0" value_nob="0" />
		<parameter constant_type="number" name="dump_network_distances" type="constant" value="-1" />
		<parameter constant_type="double" name="homophily_strength" type="constant" value="0.740743680186" />
		<parameter constant_type="number" name="initial_pwid_count" type="constant" value="32442" />
		<parameter constant_type="double" name="interaction_home_cutoff" type="constant" value="1.96862195735" />
		<parameter constant_type="double" name="interaction_rate_constant" type="constant" value="0.0109175962527" />
		<parameter constant_type="double" name="interaction_rate_at_drug_sites" type="constant" value="9.06769935763e-05" />
		<parameter constant_type="double" name="interaction_rate_exzone" type="constant" value="0.0922267895688" />
		<parameter constant_type="double" name="mean_career_duration" type="constant" value="26.6785427786" />
        <parameter constant_type="double" name="mean_days_acute_naive" type="constant" value="84.6619841325" />
		<parameter constant_type="double" name="mean_days_acute_rechallenged" type="constant" value="38.5682460765" />
		<parameter constant_type="double" name="mean_days_naive_to_infectious" type="constant" value="3.64358940283" />
		<parameter constant_type="double" name="mean_enrichment_ChicagoNonNEP" type="constant" value="0.652077995843" />
		<parameter constant_type="double" name="mean_enrichment_suburbs" type="constant" value="2.21305107602" />
		<parameter constant_type="double" name="mean_tie_lifetime" type="constant" value="481.671527443" />
		<parameter constant_type="double" name="net_inflow" type="constant" value="0.0" />
		<parameter constant_type="double" name="nonNEP_age_boost" type="constant" value="1.80143476516" />
		<parameter constant_type="double" name="nonNEP_age_started_boost" type="constant" value="2.17025258443" />
		<parameter constant_type="double" name="nonNEP_degree_boost" type="constant" value="0.283235674759" />
		<parameter constant_type="double" name="nonNEP_hcv_ab_boost" type="constant" value="0.017155543256" />
		<parameter constant_type="double" name="nonNEP_injection_ratio" type="constant" value="0.840095932534" />
		<parameter constant_type="double" name="nonNEP_sharing_boost" type="constant" value="0.327432844881" />
		<parameter constant_type="string" name="output_directory" type="constant" value="output" />
		<parameter constant_type="double" name="prob_cessation" type="constant" value="0.244794981759" />
		<parameter constant_type="double" name="prob_infected_when_arrive" type="constant" value="0.0423093002767" />
		<parameter constant_type="double" name="prob_self_limiting_female" type="constant" value="0.306365416726" />
		<parameter constant_type="double" name="prob_self_limiting_male" type="constant" value="0.121476345391" />
		<parameter constant_type="double" name="prob_clearing" type="constant" value="0.829609809135" />
		<parameter constant_type="double" name="pwid_maturity_threshold" type="constant" value="3.64183442354" />
        <parameter comment="365*5 + 365 burnin" constant_type="number" name="run_length" shortvalue="4015" type="constant" value="4040" />
        <parameter constant_type="double" name="status_report_frequency" type="constant" value="365.0" />
        <parameter constant_type="double" name="transmissibility" type="constant" value="0.038707899929" />
        <parameter constant_type="string" name="NEP_data" simulated_value="datagen/NEP_mock_2014.csv" type="constant" value="data/NEP_Risk_Base_Merge.csv" />
        <parameter constant_type="string" name="NHBS_data" simulated_value="datagen/NHBS_mock_2014.csv" type="constant" value="data/IDU2_HCV_model_012913_cleaned.csv" value2012="data/IDU3_2012-2014-04-17.csv" />
</sweep>