<sweep jobNum="30" runs="1">
		
		<parameter constant_type="double" name="ab_prob_acute" type="constant" value="0.0267908278823" />
		<parameter constant_type="double" name="ab_prob_chronic" type="constant" value="0.664283052009" />
		<parameter constant_type="double" name="attrition_rate" type="constant" value="0.0409523255468" />
		<parameter constant_type="double" name="burn_in_days" type="constant" value="365.0" value_nob="0" />
		<parameter constant_type="number" name="dump_network_distances" type="constant" value="-1" />
		<parameter constant_type="double" name="homophily_strength" type="constant" value="0.713445181272" />
		<parameter constant_type="number" name="initial_pwid_count" type="constant" value="30046" />
		<parameter constant_type="double" name="interaction_home_cutoff" type="constant" value="1.52974741557" />
		<parameter constant_type="double" name="interaction_rate_constant" type="constant" value="0.0147765885481" />
		<parameter constant_type="double" name="interaction_rate_at_drug_sites" type="constant" value="5.29684235967e-05" />
		<parameter constant_type="double" name="interaction_rate_exzone" type="constant" value="0.0916819050221" />
		<parameter constant_type="double" name="mean_career_duration" type="constant" value="33.7234019473" />
        <parameter constant_type="double" name="mean_days_acute_naive" type="constant" value="105.50525068" />
		<parameter constant_type="double" name="mean_days_acute_rechallenged" type="constant" value="18.2109331592" />
		<parameter constant_type="double" name="mean_days_naive_to_infectious" type="constant" value="3.47663324484" />
		<parameter constant_type="double" name="mean_enrichment_ChicagoNonNEP" type="constant" value="0.579014406446" />
		<parameter constant_type="double" name="mean_enrichment_suburbs" type="constant" value="1.81779109963" />
		<parameter constant_type="double" name="mean_tie_lifetime" type="constant" value="853.071189236" />
		<parameter constant_type="double" name="net_inflow" type="constant" value="0.0" />
		<parameter constant_type="double" name="nonNEP_age_boost" type="constant" value="3.50115345637" />
		<parameter constant_type="double" name="nonNEP_age_started_boost" type="constant" value="0.776978969573" />
		<parameter constant_type="double" name="nonNEP_degree_boost" type="constant" value="0.307191679025" />
		<parameter constant_type="double" name="nonNEP_hcv_ab_boost" type="constant" value="0.0116728729342" />
		<parameter constant_type="double" name="nonNEP_injection_ratio" type="constant" value="0.870682125312" />
		<parameter constant_type="double" name="nonNEP_sharing_boost" type="constant" value="0.328003410441" />
		<parameter constant_type="string" name="output_directory" type="constant" value="output" />
		<parameter constant_type="double" name="prob_cessation" type="constant" value="0.216754873807" />
		<parameter constant_type="double" name="prob_infected_when_arrive" type="constant" value="0.0842104631964" />
		<parameter constant_type="double" name="prob_self_limiting_female" type="constant" value="0.323972993063" />
		<parameter constant_type="double" name="prob_self_limiting_male" type="constant" value="0.105911618483" />
		<parameter constant_type="double" name="prob_clearing" type="constant" value="0.787732104312" />
		<parameter constant_type="double" name="pwid_maturity_threshold" type="constant" value="4.3317953915" />
        <parameter comment="365*5 + 365 burnin" constant_type="number" name="run_length" shortvalue="4015" type="constant" value="4040" />
        <parameter constant_type="double" name="status_report_frequency" type="constant" value="365.0" />
        <parameter constant_type="double" name="transmissibility" type="constant" value="0.00704945112048" />
        <parameter constant_type="string" name="NEP_data" simulated_value="datagen/NEP_mock_2014.csv" type="constant" value="data/NEP_Risk_Base_Merge.csv" />
        <parameter constant_type="string" name="NHBS_data" simulated_value="datagen/NHBS_mock_2014.csv" type="constant" value="data/IDU2_HCV_model_012913_cleaned.csv" value2012="data/IDU3_2012-2014-04-17.csv" />
</sweep>