<sweep jobNum="175" runs="1">
		
		<parameter constant_type="double" name="ab_prob_acute" type="constant" value="0.0106820984301" />
		<parameter constant_type="double" name="ab_prob_chronic" type="constant" value="0.635910178736" />
		<parameter constant_type="double" name="attrition_rate" type="constant" value="0.016902930083" />
		<parameter constant_type="double" name="burn_in_days" type="constant" value="365.0" value_nob="0" />
		<parameter constant_type="number" name="dump_network_distances" type="constant" value="-1" />
		<parameter constant_type="double" name="homophily_strength" type="constant" value="0.712869805287" />
		<parameter constant_type="number" name="initial_pwid_count" type="constant" value="31021" />
		<parameter constant_type="double" name="interaction_home_cutoff" type="constant" value="1.1930823541" />
		<parameter constant_type="double" name="interaction_rate_constant" type="constant" value="0.0180408400157" />
		<parameter constant_type="double" name="interaction_rate_at_drug_sites" type="constant" value="6.4594774115e-05" />
		<parameter constant_type="double" name="interaction_rate_exzone" type="constant" value="0.0884485163628" />
		<parameter constant_type="double" name="mean_career_duration" type="constant" value="29.2102333676" />
        <parameter constant_type="double" name="mean_days_acute_naive" type="constant" value="106.952033733" />
		<parameter constant_type="double" name="mean_days_acute_rechallenged" type="constant" value="27.1441144422" />
		<parameter constant_type="double" name="mean_days_naive_to_infectious" type="constant" value="2.15293270878" />
		<parameter constant_type="double" name="mean_enrichment_ChicagoNonNEP" type="constant" value="0.41101656832" />
		<parameter constant_type="double" name="mean_enrichment_suburbs" type="constant" value="2.29082452751" />
		<parameter constant_type="double" name="mean_tie_lifetime" type="constant" value="582.61845718" />
		<parameter constant_type="double" name="net_inflow" type="constant" value="0.0" />
		<parameter constant_type="double" name="nonNEP_age_boost" type="constant" value="2.87579266802" />
		<parameter constant_type="double" name="nonNEP_age_started_boost" type="constant" value="1.09796269184" />
		<parameter constant_type="double" name="nonNEP_degree_boost" type="constant" value="0.231146997201" />
		<parameter constant_type="double" name="nonNEP_hcv_ab_boost" type="constant" value="0.0114451533645" />
		<parameter constant_type="double" name="nonNEP_injection_ratio" type="constant" value="0.852425219734" />
		<parameter constant_type="double" name="nonNEP_sharing_boost" type="constant" value="0.324007043853" />
		<parameter constant_type="string" name="output_directory" type="constant" value="output" />
		<parameter constant_type="double" name="prob_cessation" type="constant" value="0.152792996245" />
		<parameter constant_type="double" name="prob_infected_when_arrive" type="constant" value="0.0443915989125" />
		<parameter constant_type="double" name="prob_self_limiting_female" type="constant" value="0.318832637997" />
		<parameter constant_type="double" name="prob_self_limiting_male" type="constant" value="0.104349947587" />
		<parameter constant_type="double" name="prob_clearing" type="constant" value="0.932281816511" />
		<parameter constant_type="double" name="pwid_maturity_threshold" type="constant" value="5.9024473195" />
        <parameter comment="365*5 + 365 burnin" constant_type="number" name="run_length" shortvalue="4015" type="constant" value="4040" />
        <parameter constant_type="double" name="status_report_frequency" type="constant" value="365.0" />
        <parameter constant_type="double" name="transmissibility" type="constant" value="0.00537042092466" />
        <parameter constant_type="string" name="NEP_data" simulated_value="datagen/NEP_mock_2014.csv" type="constant" value="data/NEP_Risk_Base_Merge.csv" />
        <parameter constant_type="string" name="NHBS_data" simulated_value="datagen/NHBS_mock_2014.csv" type="constant" value="data/IDU2_HCV_model_012913_cleaned.csv" value2012="data/IDU3_2012-2014-04-17.csv" />
</sweep>