<sweep jobNum="179" runs="1">
		
		<parameter constant_type="double" name="ab_prob_acute" type="constant" value="0.026862838292" />
		<parameter constant_type="double" name="ab_prob_chronic" type="constant" value="0.668944525993" />
		<parameter constant_type="double" name="attrition_rate" type="constant" value="0.0170821322162" />
		<parameter constant_type="double" name="burn_in_days" type="constant" value="365.0" value_nob="0" />
		<parameter constant_type="number" name="dump_network_distances" type="constant" value="-1" />
		<parameter constant_type="double" name="homophily_strength" type="constant" value="0.651696663026" />
		<parameter constant_type="number" name="initial_pwid_count" type="constant" value="31603" />
		<parameter constant_type="double" name="interaction_home_cutoff" type="constant" value="1.29920605542" />
		<parameter constant_type="double" name="interaction_rate_constant" type="constant" value="0.0201611238082" />
		<parameter constant_type="double" name="interaction_rate_at_drug_sites" type="constant" value="0.000105286181632" />
		<parameter constant_type="double" name="interaction_rate_exzone" type="constant" value="0.0846554818728" />
		<parameter constant_type="double" name="mean_career_duration" type="constant" value="12.3033361012" />
        <parameter constant_type="double" name="mean_days_acute_naive" type="constant" value="120.443383137" />
		<parameter constant_type="double" name="mean_days_acute_rechallenged" type="constant" value="40.3153864554" />
		<parameter constant_type="double" name="mean_days_naive_to_infectious" type="constant" value="3.67908278823" />
		<parameter constant_type="double" name="mean_enrichment_ChicagoNonNEP" type="constant" value="0.55132486787" />
		<parameter constant_type="double" name="mean_enrichment_suburbs" type="constant" value="1.53410492151" />
		<parameter constant_type="double" name="mean_tie_lifetime" type="constant" value="526.291005489" />
		<parameter constant_type="double" name="net_inflow" type="constant" value="0.0" />
		<parameter constant_type="double" name="nonNEP_age_boost" type="constant" value="3.6673757376" />
		<parameter constant_type="double" name="nonNEP_age_started_boost" type="constant" value="1.54248661489" />
		<parameter constant_type="double" name="nonNEP_degree_boost" type="constant" value="0.169920605542" />
		<parameter constant_type="double" name="nonNEP_hcv_ab_boost" type="constant" value="0.0112745215071" />
		<parameter constant_type="double" name="nonNEP_injection_ratio" type="constant" value="0.823906759625" />
		<parameter constant_type="double" name="nonNEP_sharing_boost" type="constant" value="0.416351370284" />
		<parameter constant_type="string" name="output_directory" type="constant" value="output" />
		<parameter constant_type="double" name="prob_cessation" type="constant" value="0.235635590281" />
		<parameter constant_type="double" name="prob_infected_when_arrive" type="constant" value="0.0473742005393" />
		<parameter constant_type="double" name="prob_self_limiting_female" type="constant" value="0.399241418377" />
		<parameter constant_type="double" name="prob_self_limiting_male" type="constant" value="0.101612959722" />
		<parameter constant_type="double" name="prob_clearing" type="constant" value="0.823156728128" />
		<parameter constant_type="double" name="pwid_maturity_threshold" type="constant" value="3.69875579975" />
        <parameter comment="365*5 + 365 burnin" constant_type="number" name="run_length" shortvalue="4015" type="constant" value="4040" />
        <parameter constant_type="double" name="status_report_frequency" type="constant" value="365.0" />
        <parameter constant_type="double" name="transmissibility" type="constant" value="0.0355034759901" />
        <parameter constant_type="string" name="NEP_data" simulated_value="datagen/NEP_mock_2014.csv" type="constant" value="data/NEP_Risk_Base_Merge.csv" />
        <parameter constant_type="string" name="NHBS_data" simulated_value="datagen/NHBS_mock_2014.csv" type="constant" value="data/IDU2_HCV_model_012913_cleaned.csv" value2012="data/IDU3_2012-2014-04-17.csv" />
</sweep>