<sweep jobNum="4" runs="1">
		
		<parameter constant_type="double" name="ab_prob_acute" type="constant" value="0.0272284058837" />
		<parameter constant_type="double" name="ab_prob_chronic" type="constant" value="0.516675117619" />
		<parameter constant_type="double" name="attrition_rate" type="constant" value="0.0634440302395" />
		<parameter constant_type="double" name="burn_in_days" type="constant" value="365.0" value_nob="0" />
		<parameter constant_type="number" name="dump_network_distances" type="constant" value="-1" />
		<parameter constant_type="double" name="homophily_strength" type="constant" value="0.747663324484" />
		<parameter constant_type="number" name="initial_pwid_count" type="constant" value="30890" />
		<parameter constant_type="double" name="interaction_home_cutoff" type="constant" value="1.825135964" />
		<parameter constant_type="double" name="interaction_rate_constant" type="constant" value="0.0153312307893" />
		<parameter constant_type="double" name="interaction_rate_at_drug_sites" type="constant" value="0.0001173095063" />
		<parameter constant_type="double" name="interaction_rate_exzone" type="constant" value="0.0947182505223" />
		<parameter constant_type="double" name="mean_career_duration" type="constant" value="19.7701644274" />
        <parameter constant_type="double" name="mean_days_acute_naive" type="constant" value="78.4842117983" />
		<parameter constant_type="double" name="mean_days_acute_rechallenged" type="constant" value="32.078038173" />
		<parameter constant_type="double" name="mean_days_naive_to_infectious" type="constant" value="2.62336317646" />
		<parameter constant_type="double" name="mean_enrichment_ChicagoNonNEP" type="constant" value="0.594050516886" />
		<parameter constant_type="double" name="mean_enrichment_suburbs" type="constant" value="2.08164570529" />
		<parameter constant_type="double" name="mean_tie_lifetime" type="constant" value="810.077163931" />
		<parameter constant_type="double" name="net_inflow" type="constant" value="0.0" />
		<parameter constant_type="double" name="nonNEP_age_boost" type="constant" value="4.12919334154" />
		<parameter constant_type="double" name="nonNEP_age_started_boost" type="constant" value="0.962264674533" />
		<parameter constant_type="double" name="nonNEP_degree_boost" type="constant" value="0.26389780879" />
		<parameter constant_type="double" name="nonNEP_hcv_ab_boost" type="constant" value="0.00175512504404" />
		<parameter constant_type="double" name="nonNEP_injection_ratio" type="constant" value="0.820579105316" />
		<parameter constant_type="double" name="nonNEP_sharing_boost" type="constant" value="0.321146997201" />
		<parameter constant_type="string" name="output_directory" type="constant" value="output" />
		<parameter constant_type="double" name="prob_cessation" type="constant" value="0.296962145861" />
		<parameter constant_type="double" name="prob_infected_when_arrive" type="constant" value="0.0253692270892" />
		<parameter constant_type="double" name="prob_self_limiting_female" type="constant" value="0.341162256194" />
		<parameter constant_type="double" name="prob_self_limiting_male" type="constant" value="0.110921041653" />
		<parameter constant_type="double" name="prob_clearing" type="constant" value="0.859998920887" />
		<parameter constant_type="double" name="pwid_maturity_threshold" type="constant" value="6.06996506389" />
        <parameter comment="365*5 + 365 burnin" constant_type="number" name="run_length" shortvalue="4015" type="constant" value="4040" />
        <parameter constant_type="double" name="status_report_frequency" type="constant" value="365.0" />
        <parameter constant_type="double" name="transmissibility" type="constant" value="0.0349220917155" />
        <parameter constant_type="string" name="NEP_data" simulated_value="datagen/NEP_mock_2014.csv" type="constant" value="data/NEP_Risk_Base_Merge.csv" />
        <parameter constant_type="string" name="NHBS_data" simulated_value="datagen/NHBS_mock_2014.csv" type="constant" value="data/IDU2_HCV_model_012913_cleaned.csv" value2012="data/IDU3_2012-2014-04-17.csv" />
</sweep>