<sweep jobNum="154" runs="1">
		
		<parameter constant_type="double" name="ab_prob_acute" type="constant" value="0.0170783595961" />
		<parameter constant_type="double" name="ab_prob_chronic" type="constant" value="0.712341591034" />
		<parameter constant_type="double" name="attrition_rate" type="constant" value="0.0100950859583" />
		<parameter constant_type="double" name="burn_in_days" type="constant" value="365.0" value_nob="0" />
		<parameter constant_type="number" name="dump_network_distances" type="constant" value="-1" />
		<parameter constant_type="double" name="homophily_strength" type="constant" value="0.632091721177" />
		<parameter constant_type="number" name="initial_pwid_count" type="constant" value="31319" />
		<parameter constant_type="double" name="interaction_home_cutoff" type="constant" value="1.75514836372" />
		<parameter constant_type="double" name="interaction_rate_constant" type="constant" value="0.0179323786328" />
		<parameter constant_type="double" name="interaction_rate_at_drug_sites" type="constant" value="0.000131829419686" />
		<parameter constant_type="double" name="interaction_rate_exzone" type="constant" value="0.0894014000261" />
		<parameter constant_type="double" name="mean_career_duration" type="constant" value="25.894107792" />
        <parameter constant_type="double" name="mean_days_acute_naive" type="constant" value="108.268341098" />
		<parameter constant_type="double" name="mean_days_acute_rechallenged" type="constant" value="36.6471349517" />
		<parameter constant_type="double" name="mean_days_naive_to_infectious" type="constant" value="2.67192323922" />
		<parameter constant_type="double" name="mean_enrichment_ChicagoNonNEP" type="constant" value="0.419750650244" />
		<parameter constant_type="double" name="mean_enrichment_suburbs" type="constant" value="1.912567982" />
		<parameter constant_type="double" name="mean_tie_lifetime" type="constant" value="542.410478861" />
		<parameter constant_type="double" name="net_inflow" type="constant" value="0.0" />
		<parameter constant_type="double" name="nonNEP_age_boost" type="constant" value="2.34205754557" />
		<parameter constant_type="double" name="nonNEP_age_started_boost" type="constant" value="2.41545313262" />
		<parameter constant_type="double" name="nonNEP_degree_boost" type="constant" value="0.212564912893" />
		<parameter constant_type="double" name="nonNEP_hcv_ab_boost" type="constant" value="0.0150794536773" />
		<parameter constant_type="double" name="nonNEP_injection_ratio" type="constant" value="0.845287096437" />
		<parameter constant_type="double" name="nonNEP_sharing_boost" type="constant" value="0.39935206347" />
		<parameter constant_type="string" name="output_directory" type="constant" value="output" />
		<parameter constant_type="double" name="prob_cessation" type="constant" value="0.225363884949" />
		<parameter constant_type="double" name="prob_infected_when_arrive" type="constant" value="0.0141148362422" />
		<parameter constant_type="double" name="prob_self_limiting_female" type="constant" value="0.324909848799" />
		<parameter constant_type="double" name="prob_self_limiting_male" type="constant" value="0.11536142993" />
		<parameter constant_type="double" name="prob_clearing" type="constant" value="0.806764325241" />
		<parameter constant_type="double" name="pwid_maturity_threshold" type="constant" value="6.44568117674" />
        <parameter comment="365*5 + 365 burnin" constant_type="number" name="run_length" shortvalue="4015" type="constant" value="4040" />
        <parameter constant_type="double" name="status_report_frequency" type="constant" value="365.0" />
        <parameter constant_type="double" name="transmissibility" type="constant" value="0.0463055154946" />
        <parameter constant_type="string" name="NEP_data" simulated_value="datagen/NEP_mock_2014.csv" type="constant" value="data/NEP_Risk_Base_Merge.csv" />
        <parameter constant_type="string" name="NHBS_data" simulated_value="datagen/NHBS_mock_2014.csv" type="constant" value="data/IDU2_HCV_model_012913_cleaned.csv" value2012="data/IDU3_2012-2014-04-17.csv" />
</sweep>