<sweep jobNum="121" runs="1">
		
		<parameter constant_type="double" name="ab_prob_acute" type="constant" value="0.0156137169705" />
		<parameter constant_type="double" name="ab_prob_chronic" type="constant" value="0.527403277371" />
		<parameter constant_type="double" name="attrition_rate" type="constant" value="0.0253826346309" />
		<parameter constant_type="double" name="burn_in_days" type="constant" value="365.0" value_nob="0" />
		<parameter constant_type="number" name="dump_network_distances" type="constant" value="-1" />
		<parameter constant_type="double" name="homophily_strength" type="constant" value="0.727435087107" />
		<parameter constant_type="number" name="initial_pwid_count" type="constant" value="31592" />
		<parameter constant_type="double" name="interaction_home_cutoff" type="constant" value="1.26226467453" />
		<parameter constant_type="double" name="interaction_rate_constant" type="constant" value="0.0210335769347" />
		<parameter constant_type="double" name="interaction_rate_at_drug_sites" type="constant" value="7.29212032062e-05" />
		<parameter constant_type="double" name="interaction_rate_exzone" type="constant" value="0.0811696663026" />
		<parameter constant_type="double" name="mean_career_duration" type="constant" value="24.3372969582" />
        <parameter constant_type="double" name="mean_days_acute_naive" type="constant" value="86.433026078" />
		<parameter constant_type="double" name="mean_days_acute_rechallenged" type="constant" value="29.8851614251" />
		<parameter constant_type="double" name="mean_days_naive_to_infectious" type="constant" value="2.0414613121" />
		<parameter constant_type="double" name="mean_enrichment_ChicagoNonNEP" type="constant" value="0.63870412694" />
		<parameter constant_type="double" name="mean_enrichment_suburbs" type="constant" value="2.11362773282" />
		<parameter constant_type="double" name="mean_tie_lifetime" type="constant" value="473.938610118" />
		<parameter constant_type="double" name="net_inflow" type="constant" value="0.0" />
		<parameter constant_type="double" name="nonNEP_age_boost" type="constant" value="3.1499838133" />
		<parameter constant_type="double" name="nonNEP_age_started_boost" type="constant" value="1.11835094499" />
		<parameter constant_type="double" name="nonNEP_degree_boost" type="constant" value="0.201723262705" />
		<parameter constant_type="double" name="nonNEP_hcv_ab_boost" type="constant" value="0.0117868563102" />
		<parameter constant_type="double" name="nonNEP_injection_ratio" type="constant" value="0.88044444816" />
		<parameter constant_type="double" name="nonNEP_sharing_boost" type="constant" value="0.289875325122" />
		<parameter constant_type="string" name="output_directory" type="constant" value="output" />
		<parameter constant_type="double" name="prob_cessation" type="constant" value="0.296259429392" />
		<parameter constant_type="double" name="prob_infected_when_arrive" type="constant" value="0.0879818818682" />
		<parameter constant_type="double" name="prob_self_limiting_female" type="constant" value="0.381869574929" />
		<parameter constant_type="double" name="prob_self_limiting_male" type="constant" value="0.127516882428" />
		<parameter constant_type="double" name="prob_clearing" type="constant" value="0.886441780074" />
		<parameter constant_type="double" name="pwid_maturity_threshold" type="constant" value="4.96006820882" />
        <parameter comment="365*5 + 365 burnin" constant_type="number" name="run_length" shortvalue="4015" type="constant" value="4040" />
        <parameter constant_type="double" name="status_report_frequency" type="constant" value="365.0" />
        <parameter constant_type="double" name="transmissibility" type="constant" value="0.0279212944904" />
        <parameter constant_type="string" name="NEP_data" simulated_value="datagen/NEP_mock_2014.csv" type="constant" value="data/NEP_Risk_Base_Merge.csv" />
        <parameter constant_type="string" name="NHBS_data" simulated_value="datagen/NHBS_mock_2014.csv" type="constant" value="data/IDU2_HCV_model_012913_cleaned.csv" value2012="data/IDU3_2012-2014-04-17.csv" />
</sweep>