<sweep jobNum="176" runs="1">
		
		<parameter constant_type="double" name="ab_prob_acute" type="constant" value="0.0132808320975" />
		<parameter constant_type="double" name="ab_prob_chronic" type="constant" value="0.659613611228" />
		<parameter constant_type="double" name="attrition_rate" type="constant" value="0.0127190958852" />
		<parameter constant_type="double" name="burn_in_days" type="constant" value="365.0" value_nob="0" />
		<parameter constant_type="number" name="dump_network_distances" type="constant" value="-1" />
		<parameter constant_type="double" name="homophily_strength" type="constant" value="0.687705144945" />
		<parameter constant_type="number" name="initial_pwid_count" type="constant" value="30982" />
		<parameter constant_type="double" name="interaction_home_cutoff" type="constant" value="1.02324137915" />
		<parameter constant_type="double" name="interaction_rate_constant" type="constant" value="0.0206081710512" />
		<parameter constant_type="double" name="interaction_rate_at_drug_sites" type="constant" value="9.38525724724e-05" />
		<parameter constant_type="double" name="interaction_rate_exzone" type="constant" value="0.0848853846489" />
		<parameter constant_type="double" name="mean_career_duration" type="constant" value="18.7619798267" />
        <parameter constant_type="double" name="mean_days_acute_naive" type="constant" value="79.5717726514" />
		<parameter constant_type="double" name="mean_days_acute_rechallenged" type="constant" value="30.8042005437" />
		<parameter constant_type="double" name="mean_days_naive_to_infectious" type="constant" value="2.1930823541" />
		<parameter constant_type="double" name="mean_enrichment_ChicagoNonNEP" type="constant" value="0.528042005437" />
		<parameter constant_type="double" name="mean_enrichment_suburbs" type="constant" value="1.96717750674" />
		<parameter constant_type="double" name="mean_tie_lifetime" type="constant" value="697.721820644" />
		<parameter constant_type="double" name="net_inflow" type="constant" value="0.0" />
		<parameter constant_type="double" name="nonNEP_age_boost" type="constant" value="2.5706755646" />
		<parameter constant_type="double" name="nonNEP_age_started_boost" type="constant" value="1.40783595961" />
		<parameter constant_type="double" name="nonNEP_degree_boost" type="constant" value="0.140469128309" />
		<parameter constant_type="double" name="nonNEP_hcv_ab_boost" type="constant" value="0.0195407465884" />
		<parameter constant_type="double" name="nonNEP_injection_ratio" type="constant" value="0.861362773282" />
		<parameter constant_type="double" name="nonNEP_sharing_boost" type="constant" value="0.368276737295" />
		<parameter constant_type="string" name="output_directory" type="constant" value="output" />
		<parameter constant_type="double" name="prob_cessation" type="constant" value="0.240779072113" />
		<parameter constant_type="double" name="prob_infected_when_arrive" type="constant" value="0.0693213347897" />
		<parameter constant_type="double" name="prob_self_limiting_female" type="constant" value="0.399745764557" />
		<parameter constant_type="double" name="prob_self_limiting_male" type="constant" value="0.118735900824" />
		<parameter constant_type="double" name="prob_clearing" type="constant" value="0.863445181272" />
		<parameter constant_type="double" name="pwid_maturity_threshold" type="constant" value="4.77707692978" />
        <parameter comment="365*5 + 365 burnin" constant_type="number" name="run_length" shortvalue="4015" type="constant" value="4040" />
        <parameter constant_type="double" name="status_report_frequency" type="constant" value="365.0" />
        <parameter constant_type="double" name="transmissibility" type="constant" value="0.0141144713508" />
        <parameter constant_type="string" name="NEP_data" simulated_value="datagen/NEP_mock_2014.csv" type="constant" value="data/NEP_Risk_Base_Merge.csv" />
        <parameter constant_type="string" name="NHBS_data" simulated_value="datagen/NHBS_mock_2014.csv" type="constant" value="data/IDU2_HCV_model_012913_cleaned.csv" value2012="data/IDU3_2012-2014-04-17.csv" />
</sweep>