<sweep jobNum="56" runs="1">
		
		<parameter constant_type="double" name="ab_prob_acute" type="constant" value="0.0221556399089" />
		<parameter constant_type="double" name="ab_prob_chronic" type="constant" value="0.732718738246" />
		<parameter constant_type="double" name="attrition_rate" type="constant" value="0.0234501463923" />
		<parameter constant_type="double" name="burn_in_days" type="constant" value="365.0" value_nob="0" />
		<parameter constant_type="number" name="dump_network_distances" type="constant" value="-1" />
		<parameter constant_type="double" name="homophily_strength" type="constant" value="0.705992956147" />
		<parameter constant_type="number" name="initial_pwid_count" type="constant" value="31147" />
		<parameter constant_type="double" name="interaction_home_cutoff" type="constant" value="2.16329141059" />
		<parameter constant_type="double" name="interaction_rate_constant" type="constant" value="0.0196533337792" />
		<parameter constant_type="double" name="interaction_rate_at_drug_sites" type="constant" value="0.000120062337439" />
		<parameter constant_type="double" name="interaction_rate_exzone" type="constant" value="0.0892807676078" />
		<parameter constant_type="double" name="mean_career_duration" type="constant" value="28.0195819793" />
        <parameter constant_type="double" name="mean_days_acute_naive" type="constant" value="80.8233177195" />
		<parameter constant_type="double" name="mean_days_acute_rechallenged" type="constant" value="38.3067921488" />
		<parameter constant_type="double" name="mean_days_naive_to_infectious" type="constant" value="3.74524431439" />
		<parameter constant_type="double" name="mean_enrichment_ChicagoNonNEP" type="constant" value="0.327297259432" />
		<parameter constant_type="double" name="mean_enrichment_suburbs" type="constant" value="2.38785605768" />
		<parameter constant_type="double" name="mean_tie_lifetime" type="constant" value="362.564521034" />
		<parameter constant_type="double" name="net_inflow" type="constant" value="0.0" />
		<parameter constant_type="double" name="nonNEP_age_boost" type="constant" value="2.91010565779" />
		<parameter constant_type="double" name="nonNEP_age_started_boost" type="constant" value="1.22974741557" />
		<parameter constant_type="double" name="nonNEP_degree_boost" type="constant" value="0.262140594521" />
		<parameter constant_type="double" name="nonNEP_hcv_ab_boost" type="constant" value="0.000256593199953" />
		<parameter constant_type="double" name="nonNEP_injection_ratio" type="constant" value="0.876749126597" />
		<parameter constant_type="double" name="nonNEP_sharing_boost" type="constant" value="0.419712909395" />
		<parameter constant_type="string" name="output_directory" type="constant" value="output" />
		<parameter constant_type="double" name="prob_cessation" type="constant" value="0.309459965483" />
		<parameter constant_type="double" name="prob_infected_when_arrive" type="constant" value="0.0501140834069" />
		<parameter constant_type="double" name="prob_self_limiting_female" type="constant" value="0.384496121114" />
		<parameter constant_type="double" name="prob_self_limiting_male" type="constant" value="0.133258774706" />
		<parameter constant_type="double" name="prob_clearing" type="constant" value="0.926038997922" />
		<parameter constant_type="double" name="pwid_maturity_threshold" type="constant" value="5.21144726527" />
        <parameter comment="365*5 + 365 burnin" constant_type="number" name="run_length" shortvalue="4015" type="constant" value="4040" />
        <parameter constant_type="double" name="status_report_frequency" type="constant" value="365.0" />
        <parameter constant_type="double" name="transmissibility" type="constant" value="0.0229429762902" />
        <parameter constant_type="string" name="NEP_data" simulated_value="datagen/NEP_mock_2014.csv" type="constant" value="data/NEP_Risk_Base_Merge.csv" />
        <parameter constant_type="string" name="NHBS_data" simulated_value="datagen/NHBS_mock_2014.csv" type="constant" value="data/IDU2_HCV_model_012913_cleaned.csv" value2012="data/IDU3_2012-2014-04-17.csv" />
</sweep>