<sweep jobNum="200" runs="1">
		
		<parameter constant_type="double" name="ab_prob_acute" type="constant" value="0.0248945334204" />
		<parameter constant_type="double" name="ab_prob_chronic" type="constant" value="0.691009221407" />
		<parameter constant_type="double" name="attrition_rate" type="constant" value="0.0399713543406" />
		<parameter constant_type="double" name="burn_in_days" type="constant" value="365.0" value_nob="0" />
		<parameter constant_type="number" name="dump_network_distances" type="constant" value="-1" />
		<parameter constant_type="double" name="homophily_strength" type="constant" value="0.623961002078" />
		<parameter constant_type="number" name="initial_pwid_count" type="constant" value="33176" />
		<parameter constant_type="double" name="interaction_home_cutoff" type="constant" value="2.32206310546" />
		<parameter constant_type="double" name="interaction_rate_constant" type="constant" value="0.0125505594298" />
		<parameter constant_type="double" name="interaction_rate_at_drug_sites" type="constant" value="0.000125766980372" />
		<parameter constant_type="double" name="interaction_rate_exzone" type="constant" value="0.0859714791483" />
		<parameter constant_type="double" name="mean_career_duration" type="constant" value="28.4600780207" />
        <parameter constant_type="double" name="mean_days_acute_naive" type="constant" value="115.704824209" />
		<parameter constant_type="double" name="mean_days_acute_rechallenged" type="constant" value="22.5129825787" />
		<parameter constant_type="double" name="mean_days_naive_to_infectious" type="constant" value="3.56819050221" />
		<parameter constant_type="double" name="mean_enrichment_ChicagoNonNEP" type="constant" value="0.37822220736" />
		<parameter constant_type="double" name="mean_enrichment_suburbs" type="constant" value="2.39172089697" />
		<parameter constant_type="double" name="mean_tie_lifetime" type="constant" value="409.775918281" />
		<parameter constant_type="double" name="net_inflow" type="constant" value="0.0" />
		<parameter constant_type="double" name="nonNEP_age_boost" type="constant" value="2.1071792998" />
		<parameter constant_type="double" name="nonNEP_age_started_boost" type="constant" value="1.874864036" />
		<parameter constant_type="double" name="nonNEP_degree_boost" type="constant" value="0.166226467453" />
		<parameter constant_type="double" name="nonNEP_hcv_ab_boost" type="constant" value="0.0133419526814" />
		<parameter constant_type="double" name="nonNEP_injection_ratio" type="constant" value="0.891140908255" />
		<parameter constant_type="double" name="nonNEP_sharing_boost" type="constant" value="0.428599125786" />
		<parameter constant_type="string" name="output_directory" type="constant" value="output" />
		<parameter constant_type="double" name="prob_cessation" type="constant" value="0.241351756665" />
		<parameter constant_type="double" name="prob_infected_when_arrive" type="constant" value="0.0530832984334" />
		<parameter constant_type="double" name="prob_self_limiting_female" type="constant" value="0.316493544423" />
		<parameter constant_type="double" name="prob_self_limiting_male" type="constant" value="0.11839140342" />
		<parameter constant_type="double" name="prob_clearing" type="constant" value="0.861720310967" />
		<parameter constant_type="double" name="pwid_maturity_threshold" type="constant" value="6.3725676584" />
        <parameter comment="365*5 + 365 burnin" constant_type="number" name="run_length" shortvalue="4015" type="constant" value="4040" />
        <parameter constant_type="double" name="status_report_frequency" type="constant" value="365.0" />
        <parameter constant_type="double" name="transmissibility" type="constant" value="0.0257319180534" />
        <parameter constant_type="string" name="NEP_data" simulated_value="datagen/NEP_mock_2014.csv" type="constant" value="data/NEP_Risk_Base_Merge.csv" />
        <parameter constant_type="string" name="NHBS_data" simulated_value="datagen/NHBS_mock_2014.csv" type="constant" value="data/IDU2_HCV_model_012913_cleaned.csv" value2012="data/IDU3_2012-2014-04-17.csv" />
</sweep>