<sweep jobNum="190" runs="1">
		
		<parameter constant_type="double" name="ab_prob_acute" type="constant" value="0.0118515784644" />
		<parameter constant_type="double" name="ab_prob_chronic" type="constant" value="0.633138139992" />
		<parameter constant_type="double" name="attrition_rate" type="constant" value="0.0246797337958" />
		<parameter constant_type="double" name="burn_in_days" type="constant" value="365.0" value_nob="0" />
		<parameter constant_type="number" name="dump_network_distances" type="constant" value="-1" />
		<parameter constant_type="double" name="homophily_strength" type="constant" value="0.724485163628" />
		<parameter constant_type="number" name="initial_pwid_count" type="constant" value="32017" />
		<parameter constant_type="double" name="interaction_home_cutoff" type="constant" value="1.97432844881" />
		<parameter constant_type="double" name="interaction_rate_constant" type="constant" value="0.0168412601631" />
		<parameter constant_type="double" name="interaction_rate_at_drug_sites" type="constant" value="7.64873707785e-05" />
		<parameter constant_type="double" name="interaction_rate_exzone" type="constant" value="0.0943892948911" />
		<parameter constant_type="double" name="mean_career_duration" type="constant" value="16.8156680122" />
        <parameter constant_type="double" name="mean_days_acute_naive" type="constant" value="107.389099772" />
		<parameter constant_type="double" name="mean_days_acute_rechallenged" type="constant" value="38.43729615" />
		<parameter constant_type="double" name="mean_days_naive_to_infectious" type="constant" value="2.85402710561" />
		<parameter constant_type="double" name="mean_enrichment_ChicagoNonNEP" type="constant" value="0.473109637455" />
		<parameter constant_type="double" name="mean_enrichment_suburbs" type="constant" value="1.65323968265" />
		<parameter constant_type="double" name="mean_tie_lifetime" type="constant" value="487.407877229" />
		<parameter constant_type="double" name="net_inflow" type="constant" value="0.0" />
		<parameter constant_type="double" name="nonNEP_age_boost" type="constant" value="4.30773757834" />
		<parameter constant_type="double" name="nonNEP_age_started_boost" type="constant" value="1.51353987153" />
		<parameter constant_type="double" name="nonNEP_degree_boost" type="constant" value="0.210783595961" />
		<parameter constant_type="double" name="nonNEP_hcv_ab_boost" type="constant" value="0.00275498148169" />
		<parameter constant_type="double" name="nonNEP_injection_ratio" type="constant" value="0.82159047489" />
		<parameter constant_type="double" name="nonNEP_sharing_boost" type="constant" value="0.242817494777" />
		<parameter constant_type="string" name="output_directory" type="constant" value="output" />
		<parameter constant_type="double" name="prob_cessation" type="constant" value="0.316587819329" />
		<parameter constant_type="double" name="prob_infected_when_arrive" type="constant" value="0.028336962565" />
		<parameter constant_type="double" name="prob_self_limiting_female" type="constant" value="0.352571134991" />
		<parameter constant_type="double" name="prob_self_limiting_male" type="constant" value="0.128608843689" />
		<parameter constant_type="double" name="prob_clearing" type="constant" value="0.869808134931" />
		<parameter constant_type="double" name="pwid_maturity_threshold" type="constant" value="5.77782468428" />
        <parameter comment="365*5 + 365 burnin" constant_type="number" name="run_length" shortvalue="4015" type="constant" value="4040" />
        <parameter constant_type="double" name="status_report_frequency" type="constant" value="365.0" />
        <parameter constant_type="double" name="transmissibility" type="constant" value="0.0165625970353" />
        <parameter constant_type="string" name="NEP_data" simulated_value="datagen/NEP_mock_2014.csv" type="constant" value="data/NEP_Risk_Base_Merge.csv" />
        <parameter constant_type="string" name="NHBS_data" simulated_value="datagen/NHBS_mock_2014.csv" type="constant" value="data/IDU2_HCV_model_012913_cleaned.csv" value2012="data/IDU3_2012-2014-04-17.csv" />
</sweep>