<sweep jobNum="157" runs="1">
		
		<parameter constant_type="double" name="ab_prob_acute" type="constant" value="0.0249589355149" />
		<parameter constant_type="double" name="ab_prob_chronic" type="constant" value="0.729716874962" />
		<parameter constant_type="double" name="attrition_rate" type="constant" value="0.0255584359249" />
		<parameter constant_type="double" name="burn_in_days" type="constant" value="365.0" value_nob="0" />
		<parameter constant_type="number" name="dump_network_distances" type="constant" value="-1" />
		<parameter constant_type="double" name="homophily_strength" type="constant" value="0.722140594521" />
		<parameter constant_type="number" name="initial_pwid_count" type="constant" value="33043" />
		<parameter constant_type="double" name="interaction_home_cutoff" type="constant" value="1.76688722756" />
		<parameter constant_type="double" name="interaction_rate_constant" type="constant" value="0.0147416236946" />
		<parameter constant_type="double" name="interaction_rate_at_drug_sites" type="constant" value="0.000130788466139" />
		<parameter constant_type="double" name="interaction_rate_exzone" type="constant" value="0.0861996589559" />
		<parameter constant_type="double" name="mean_career_duration" type="constant" value="33.6589988964" />
        <parameter constant_type="double" name="mean_days_acute_naive" type="constant" value="124.428227349" />
		<parameter constant_type="double" name="mean_days_acute_rechallenged" type="constant" value="26.572748865" />
		<parameter constant_type="double" name="mean_days_naive_to_infectious" type="constant" value="2.52336675516" />
		<parameter constant_type="double" name="mean_enrichment_ChicagoNonNEP" type="constant" value="0.516560977597" />
		<parameter constant_type="double" name="mean_enrichment_suburbs" type="constant" value="2.15204542491" />
		<parameter constant_type="double" name="mean_tie_lifetime" type="constant" value="824.659250538" />
		<parameter constant_type="double" name="net_inflow" type="constant" value="0.0" />
		<parameter constant_type="double" name="nonNEP_age_boost" type="constant" value="3.24493711588" />
		<parameter constant_type="double" name="nonNEP_age_started_boost" type="constant" value="1.85174061357" />
		<parameter constant_type="double" name="nonNEP_degree_boost" type="constant" value="0.31990434899" />
		<parameter constant_type="double" name="nonNEP_hcv_ab_boost" type="constant" value="0.00732853978973" />
		<parameter constant_type="double" name="nonNEP_injection_ratio" type="constant" value="0.840386625346" />
		<parameter constant_type="double" name="nonNEP_sharing_boost" type="constant" value="0.268423067723" />
		<parameter constant_type="string" name="output_directory" type="constant" value="output" />
		<parameter constant_type="double" name="prob_cessation" type="constant" value="0.261136604542" />
		<parameter constant_type="double" name="prob_infected_when_arrive" type="constant" value="0.0862276894992" />
		<parameter constant_type="double" name="prob_self_limiting_female" type="constant" value="0.39492549905" />
		<parameter constant_type="double" name="prob_self_limiting_male" type="constant" value="0.114164653781" />
		<parameter constant_type="double" name="prob_clearing" type="constant" value="0.903498253195" />
		<parameter constant_type="double" name="pwid_maturity_threshold" type="constant" value="3.0464827583" />
        <parameter comment="365*5 + 365 burnin" constant_type="number" name="run_length" shortvalue="4015" type="constant" value="4040" />
        <parameter constant_type="double" name="status_report_frequency" type="constant" value="365.0" />
        <parameter constant_type="double" name="transmissibility" type="constant" value="0.042051100822" />
        <parameter constant_type="string" name="NEP_data" simulated_value="datagen/NEP_mock_2014.csv" type="constant" value="data/NEP_Risk_Base_Merge.csv" />
        <parameter constant_type="string" name="NHBS_data" simulated_value="datagen/NHBS_mock_2014.csv" type="constant" value="data/IDU2_HCV_model_012913_cleaned.csv" value2012="data/IDU3_2012-2014-04-17.csv" />
</sweep>