<sweep jobNum="18" runs="1">
		
		<parameter constant_type="double" name="ab_prob_acute" type="constant" value="0.0222140594521" />
		<parameter constant_type="double" name="ab_prob_chronic" type="constant" value="0.669610179916" />
		<parameter constant_type="double" name="attrition_rate" type="constant" value="0.033034383474" />
		<parameter constant_type="double" name="burn_in_days" type="constant" value="365.0" value_nob="0" />
		<parameter constant_type="number" name="dump_network_distances" type="constant" value="-1" />
		<parameter constant_type="double" name="homophily_strength" type="constant" value="0.690574192875" />
		<parameter constant_type="number" name="initial_pwid_count" type="constant" value="33971" />
		<parameter constant_type="double" name="interaction_home_cutoff" type="constant" value="1.90574192875" />
		<parameter constant_type="double" name="interaction_rate_constant" type="constant" value="0.0182966042377" />
		<parameter constant_type="double" name="interaction_rate_at_drug_sites" type="constant" value="6.78205298586e-05" />
		<parameter constant_type="double" name="interaction_rate_exzone" type="constant" value="0.0847130194713" />
		<parameter constant_type="double" name="mean_career_duration" type="constant" value="25.2270176647" />
        <parameter constant_type="double" name="mean_days_acute_naive" type="constant" value="107.097547716" />
		<parameter constant_type="double" name="mean_days_acute_rechallenged" type="constant" value="29.427251135" />
		<parameter constant_type="double" name="mean_days_naive_to_infectious" type="constant" value="2.50410644851" />
		<parameter constant_type="double" name="mean_enrichment_ChicagoNonNEP" type="constant" value="0.541945876846" />
		<parameter constant_type="double" name="mean_enrichment_suburbs" type="constant" value="1.63113233727" />
		<parameter constant_type="double" name="mean_tie_lifetime" type="constant" value="618.614248709" />
		<parameter constant_type="double" name="net_inflow" type="constant" value="0.0" />
		<parameter constant_type="double" name="nonNEP_age_boost" type="constant" value="3.80247379792" />
		<parameter constant_type="double" name="nonNEP_age_started_boost" type="constant" value="1.92140594521" />
		<parameter constant_type="double" name="nonNEP_degree_boost" type="constant" value="0.253445181272" />
		<parameter constant_type="double" name="nonNEP_hcv_ab_boost" type="constant" value="0.00243124743819" />
		<parameter constant_type="double" name="nonNEP_injection_ratio" type="constant" value="0.881829419686" />
		<parameter constant_type="double" name="nonNEP_sharing_boost" type="constant" value="0.325720572211" />
		<parameter constant_type="string" name="output_directory" type="constant" value="output" />
		<parameter constant_type="double" name="prob_cessation" type="constant" value="0.23392390204" />
		<parameter constant_type="double" name="prob_infected_when_arrive" type="constant" value="0.0116584524839" />
		<parameter constant_type="double" name="prob_self_limiting_female" type="constant" value="0.391805537626" />
		<parameter constant_type="double" name="prob_self_limiting_male" type="constant" value="0.120906388988" />
		<parameter constant_type="double" name="prob_clearing" type="constant" value="0.858280488799" />
		<parameter constant_type="double" name="pwid_maturity_threshold" type="constant" value="5.94050516886" />
        <parameter comment="365*5 + 365 burnin" constant_type="number" name="run_length" shortvalue="4015" type="constant" value="4040" />
        <parameter constant_type="double" name="status_report_frequency" type="constant" value="365.0" />
        <parameter constant_type="double" name="transmissibility" type="constant" value="0.0180898255179" />
        <parameter constant_type="string" name="NEP_data" simulated_value="datagen/NEP_mock_2014.csv" type="constant" value="data/NEP_Risk_Base_Merge.csv" />
        <parameter constant_type="string" name="NHBS_data" simulated_value="datagen/NHBS_mock_2014.csv" type="constant" value="data/IDU2_HCV_model_012913_cleaned.csv" value2012="data/IDU3_2012-2014-04-17.csv" />
</sweep>