<sweep jobNum="273" runs="1">
		
		<parameter constant_type="double" name="ab_prob_acute" type="constant" value="0.0175514836372" />
		<parameter constant_type="double" name="ab_prob_chronic" type="constant" value="0.663616629058" />
		<parameter constant_type="double" name="attrition_rate" type="constant" value="0.039776681099" />
		<parameter constant_type="double" name="burn_in_days" type="constant" value="365.0" value_nob="0" />
		<parameter constant_type="number" name="dump_network_distances" type="constant" value="-1" />
		<parameter constant_type="double" name="homophily_strength" type="constant" value="0.691146997201" />
		<parameter constant_type="number" name="initial_pwid_count" type="constant" value="30524" />
		<parameter constant_type="double" name="interaction_home_cutoff" type="constant" value="2.41364250623" />
		<parameter constant_type="double" name="interaction_rate_constant" type="constant" value="0.0187073419585" />
		<parameter constant_type="double" name="interaction_rate_at_drug_sites" type="constant" value="0.000145284611874" />
		<parameter constant_type="double" name="interaction_rate_exzone" type="constant" value="0.086142608899" />
		<parameter constant_type="double" name="mean_career_duration" type="constant" value="21.6851641483" />
        <parameter constant_type="double" name="mean_days_acute_naive" type="constant" value="86.77777592" />
		<parameter constant_type="double" name="mean_days_acute_rechallenged" type="constant" value="18.8490368289" />
		<parameter constant_type="double" name="mean_days_naive_to_infectious" type="constant" value="2.4250932383" />
		<parameter constant_type="double" name="mean_enrichment_ChicagoNonNEP" type="constant" value="0.364183442354" />
		<parameter constant_type="double" name="mean_enrichment_suburbs" type="constant" value="2.44431561728" />
		<parameter constant_type="double" name="mean_tie_lifetime" type="constant" value="405.308321688" />
		<parameter constant_type="double" name="net_inflow" type="constant" value="0.0" />
		<parameter constant_type="double" name="nonNEP_age_boost" type="constant" value="1.71710763013" />
		<parameter constant_type="double" name="nonNEP_age_started_boost" type="constant" value="1.81720310967" />
		<parameter constant_type="double" name="nonNEP_degree_boost" type="constant" value="0.208992959132" />
		<parameter constant_type="double" name="nonNEP_hcv_ab_boost" type="constant" value="0.0104215678473" />
		<parameter constant_type="double" name="nonNEP_injection_ratio" type="constant" value="0.882179470141" />
		<parameter constant_type="double" name="nonNEP_sharing_boost" type="constant" value="0.392267895688" />
		<parameter constant_type="string" name="output_directory" type="constant" value="output" />
		<parameter constant_type="double" name="prob_cessation" type="constant" value="0.133302648789" />
		<parameter constant_type="double" name="prob_infected_when_arrive" type="constant" value="0.0672942699034" />
		<parameter constant_type="double" name="prob_self_limiting_female" type="constant" value="0.344869001366" />
		<parameter constant_type="double" name="prob_self_limiting_male" type="constant" value="0.121932567005" />
		<parameter constant_type="double" name="prob_clearing" type="constant" value="0.884014000261" />
		<parameter constant_type="double" name="pwid_maturity_threshold" type="constant" value="5.31502677022" />
        <parameter comment="365*5 + 365 burnin" constant_type="number" name="run_length" shortvalue="4015" type="constant" value="4040" />
        <parameter constant_type="double" name="status_report_frequency" type="constant" value="365.0" />
        <parameter constant_type="double" name="transmissibility" type="constant" value="0.0187555172206" />
        <parameter constant_type="string" name="NEP_data" simulated_value="datagen/NEP_mock_2014.csv" type="constant" value="data/NEP_Risk_Base_Merge.csv" />
        <parameter constant_type="string" name="NHBS_data" simulated_value="datagen/NHBS_mock_2014.csv" type="constant" value="data/IDU2_HCV_model_012913_cleaned.csv" value2012="data/IDU3_2012-2014-04-17.csv" />
</sweep>