<sweep jobNum="93" runs="1">
		
		<parameter constant_type="double" name="ab_prob_acute" type="constant" value="0.0201996589559" />
		<parameter constant_type="double" name="ab_prob_chronic" type="constant" value="0.609407772521" />
		<parameter constant_type="double" name="attrition_rate" type="constant" value="0.0312296786032" />
		<parameter constant_type="double" name="burn_in_days" type="constant" value="365.0" value_nob="0" />
		<parameter constant_type="number" name="dump_network_distances" type="constant" value="-1" />
		<parameter constant_type="double" name="homophily_strength" type="constant" value="0.718646012847" />
		<parameter constant_type="number" name="initial_pwid_count" type="constant" value="30969" />
		<parameter constant_type="double" name="interaction_home_cutoff" type="constant" value="2.35225294806" />
		<parameter constant_type="double" name="interaction_rate_constant" type="constant" value="0.0195712828008" />
		<parameter constant_type="double" name="interaction_rate_at_drug_sites" type="constant" value="9.29894986407e-05" />
		<parameter constant_type="double" name="interaction_rate_exzone" type="constant" value="0.0841353987153" />
		<parameter constant_type="double" name="mean_career_duration" type="constant" value="32.2613541026" />
        <parameter constant_type="double" name="mean_days_acute_naive" type="constant" value="109.155407257" />
		<parameter constant_type="double" name="mean_days_acute_rechallenged" type="constant" value="43.824371352" />
		<parameter constant_type="double" name="mean_days_naive_to_infectious" type="constant" value="3.13445181272" />
		<parameter constant_type="double" name="mean_enrichment_ChicagoNonNEP" type="constant" value="0.477707692978" />
		<parameter constant_type="double" name="mean_enrichment_suburbs" type="constant" value="1.93565097356" />
		<parameter constant_type="double" name="mean_tie_lifetime" type="constant" value="572.236347106" />
		<parameter constant_type="double" name="net_inflow" type="constant" value="0.0" />
		<parameter constant_type="double" name="nonNEP_age_boost" type="constant" value="3.32334598633" />
		<parameter constant_type="double" name="nonNEP_age_started_boost" type="constant" value="1.29256319814" />
		<parameter constant_type="double" name="nonNEP_degree_boost" type="constant" value="0.185842406412" />
		<parameter constant_type="double" name="nonNEP_hcv_ab_boost" type="constant" value="0.0124734366392" />
		<parameter constant_type="double" name="nonNEP_injection_ratio" type="constant" value="0.855286181632" />
		<parameter constant_type="double" name="nonNEP_sharing_boost" type="constant" value="0.40081045177" />
		<parameter constant_type="string" name="output_directory" type="constant" value="output" />
		<parameter constant_type="double" name="prob_cessation" type="constant" value="0.23050171493" />
		<parameter constant_type="double" name="prob_infected_when_arrive" type="constant" value="0.0735367157469" />
		<parameter constant_type="double" name="prob_self_limiting_female" type="constant" value="0.351997495149" />
		<parameter constant_type="double" name="prob_self_limiting_male" type="constant" value="0.104828755343" />
		<parameter constant_type="double" name="prob_clearing" type="constant" value="0.762817494777" />
		<parameter constant_type="double" name="pwid_maturity_threshold" type="constant" value="5.45451093126" />
        <parameter comment="365*5 + 365 burnin" constant_type="number" name="run_length" shortvalue="4015" type="constant" value="4040" />
        <parameter constant_type="double" name="status_report_frequency" type="constant" value="365.0" />
        <parameter constant_type="double" name="transmissibility" type="constant" value="0.00558152159063" />
        <parameter constant_type="string" name="NEP_data" simulated_value="datagen/NEP_mock_2014.csv" type="constant" value="data/NEP_Risk_Base_Merge.csv" />
        <parameter constant_type="string" name="NHBS_data" simulated_value="datagen/NHBS_mock_2014.csv" type="constant" value="data/IDU2_HCV_model_012913_cleaned.csv" value2012="data/IDU3_2012-2014-04-17.csv" />
</sweep>