<sweep jobNum="113" runs="1">
		
		<parameter constant_type="double" name="ab_prob_acute" type="constant" value="0.0159256319814" />
		<parameter constant_type="double" name="ab_prob_chronic" type="constant" value="0.716596520848" />
		<parameter constant_type="double" name="attrition_rate" type="constant" value="0.0446045660803" />
		<parameter constant_type="double" name="burn_in_days" type="constant" value="365.0" value_nob="0" />
		<parameter constant_type="number" name="dump_network_distances" type="constant" value="-1" />
		<parameter constant_type="double" name="homophily_strength" type="constant" value="0.7346190126" />
		<parameter constant_type="number" name="initial_pwid_count" type="constant" value="33149" />
		<parameter constant_type="double" name="interaction_home_cutoff" type="constant" value="2.01996589559" />
		<parameter constant_type="double" name="interaction_rate_constant" type="constant" value="0.015537505235" />
		<parameter constant_type="double" name="interaction_rate_at_drug_sites" type="constant" value="8.89297027393e-05" />
		<parameter constant_type="double" name="interaction_rate_exzone" type="constant" value="0.0797732104312" />
		<parameter constant_type="double" name="mean_career_duration" type="constant" value="17.877604078" />
        <parameter constant_type="double" name="mean_days_acute_naive" type="constant" value="98.7825486782" />
		<parameter constant_type="double" name="mean_days_acute_rechallenged" type="constant" value="29.1985912295" />
		<parameter constant_type="double" name="mean_days_naive_to_infectious" type="constant" value="3.51533960744" />
		<parameter constant_type="double" name="mean_enrichment_ChicagoNonNEP" type="constant" value="0.484583507833" />
		<parameter constant_type="double" name="mean_enrichment_suburbs" type="constant" value="2.0729864472" />
		<parameter constant_type="double" name="mean_tie_lifetime" type="constant" value="594.663758895" />
		<parameter constant_type="double" name="net_inflow" type="constant" value="0.0" />
		<parameter constant_type="double" name="nonNEP_age_boost" type="constant" value="3.67683548963" />
		<parameter constant_type="double" name="nonNEP_age_started_boost" type="constant" value="2.6495470467" />
		<parameter constant_type="double" name="nonNEP_degree_boost" type="constant" value="0.146820984301" />
		<parameter constant_type="double" name="nonNEP_hcv_ab_boost" type="constant" value="0.0152654837253" />
		<parameter constant_type="double" name="nonNEP_injection_ratio" type="constant" value="0.840967047721" />
		<parameter constant_type="double" name="nonNEP_sharing_boost" type="constant" value="0.356252395328" />
		<parameter constant_type="string" name="output_directory" type="constant" value="output" />
		<parameter constant_type="double" name="prob_cessation" type="constant" value="0.286065317688" />
		<parameter constant_type="double" name="prob_infected_when_arrive" type="constant" value="0.0378363660075" />
		<parameter constant_type="double" name="prob_self_limiting_female" type="constant" value="0.313387161372" />
		<parameter constant_type="double" name="prob_self_limiting_male" type="constant" value="0.101058491041" />
		<parameter constant_type="double" name="prob_clearing" type="constant" value="0.881007040868" />
		<parameter constant_type="double" name="pwid_maturity_threshold" type="constant" value="4.22217531572" />
        <parameter comment="365*5 + 365 burnin" constant_type="number" name="run_length" shortvalue="4015" type="constant" value="4040" />
        <parameter constant_type="double" name="status_report_frequency" type="constant" value="365.0" />
        <parameter constant_type="double" name="transmissibility" type="constant" value="0.00652695452826" />
        <parameter constant_type="string" name="NEP_data" simulated_value="datagen/NEP_mock_2014.csv" type="constant" value="data/NEP_Risk_Base_Merge.csv" />
        <parameter constant_type="string" name="NHBS_data" simulated_value="datagen/NHBS_mock_2014.csv" type="constant" value="data/IDU2_HCV_model_012913_cleaned.csv" value2012="data/IDU3_2012-2014-04-17.csv" />
</sweep>