<sweep jobNum="48" runs="1">
		
		<parameter constant_type="double" name="ab_prob_acute" type="constant" value="0.0214021002719" />
		<parameter constant_type="double" name="ab_prob_chronic" type="constant" value="0.580684648569" />
		<parameter constant_type="double" name="attrition_rate" type="constant" value="0.0195741902513" />
		<parameter constant_type="double" name="burn_in_days" type="constant" value="365.0" value_nob="0" />
		<parameter constant_type="number" name="dump_network_distances" type="constant" value="-1" />
		<parameter constant_type="double" name="homophily_strength" type="constant" value="0.635641059717" />
		<parameter constant_type="number" name="initial_pwid_count" type="constant" value="32454" />
		<parameter constant_type="double" name="interaction_home_cutoff" type="constant" value="2.07708246084" />
		<parameter constant_type="double" name="interaction_rate_constant" type="constant" value="0.0165999352532" />
		<parameter constant_type="double" name="interaction_rate_at_drug_sites" type="constant" value="0.000141946474456" />
		<parameter constant_type="double" name="interaction_rate_exzone" type="constant" value="0.0913498253195" />
		<parameter constant_type="double" name="mean_career_duration" type="constant" value="22.1515239775" />
        <parameter constant_type="double" name="mean_days_acute_naive" type="constant" value="125.075525761" />
		<parameter constant_type="double" name="mean_days_acute_rechallenged" type="constant" value="16.6361899558" />
		<parameter constant_type="double" name="mean_days_naive_to_infectious" type="constant" value="2.48466039256" />
		<parameter constant_type="double" name="mean_enrichment_ChicagoNonNEP" type="constant" value="0.39823274473" />
		<parameter constant_type="double" name="mean_enrichment_suburbs" type="constant" value="2.087432018" />
		<parameter constant_type="double" name="mean_tie_lifetime" type="constant" value="692.473202772" />
		<parameter constant_type="double" name="net_inflow" type="constant" value="0.0" />
		<parameter constant_type="double" name="nonNEP_age_boost" type="constant" value="2.20738154426" />
		<parameter constant_type="double" name="nonNEP_age_started_boost" type="constant" value="2.3576871248" />
		<parameter constant_type="double" name="nonNEP_degree_boost" type="constant" value="0.17137161708" />
		<parameter constant_type="double" name="nonNEP_hcv_ab_boost" type="constant" value="0.00627279223715" />
		<parameter constant_type="double" name="nonNEP_injection_ratio" type="constant" value="0.847289195328" />
		<parameter constant_type="double" name="nonNEP_sharing_boost" type="constant" value="0.256226467453" />
		<parameter constant_type="string" name="output_directory" type="constant" value="output" />
		<parameter constant_type="double" name="prob_cessation" type="constant" value="0.213863098506" />
		<parameter constant_type="double" name="prob_infected_when_arrive" type="constant" value="0.0708745923" />
		<parameter constant_type="double" name="prob_self_limiting_female" type="constant" value="0.310149424072" />
		<parameter constant_type="double" name="prob_self_limiting_male" type="constant" value="0.125972359258" />
		<parameter constant_type="double" name="prob_clearing" type="constant" value="0.837130194713" />
		<parameter constant_type="double" name="pwid_maturity_threshold" type="constant" value="3.13641968603" />
        <parameter comment="365*5 + 365 burnin" constant_type="number" name="run_length" shortvalue="4015" type="constant" value="4040" />
        <parameter constant_type="double" name="status_report_frequency" type="constant" value="365.0" />
        <parameter constant_type="double" name="transmissibility" type="constant" value="0.0375772197744" />
        <parameter constant_type="string" name="NEP_data" simulated_value="datagen/NEP_mock_2014.csv" type="constant" value="data/NEP_Risk_Base_Merge.csv" />
        <parameter constant_type="string" name="NHBS_data" simulated_value="datagen/NHBS_mock_2014.csv" type="constant" value="data/IDU2_HCV_model_012913_cleaned.csv" value2012="data/IDU3_2012-2014-04-17.csv" />
</sweep>