<sweep jobNum="102" runs="1">
		
		<parameter constant_type="double" name="ab_prob_acute" type="constant" value="0.0243235674759" />
		<parameter constant_type="double" name="ab_prob_chronic" type="constant" value="0.690334413845" />
		<parameter constant_type="double" name="attrition_rate" type="constant" value="0.0594002348819" />
		<parameter constant_type="double" name="burn_in_days" type="constant" value="365.0" value_nob="0" />
		<parameter constant_type="number" name="dump_network_distances" type="constant" value="-1" />
		<parameter constant_type="double" name="homophily_strength" type="constant" value="0.601400874214" />
		<parameter constant_type="number" name="initial_pwid_count" type="constant" value="33490" />
		<parameter constant_type="double" name="interaction_home_cutoff" type="constant" value="1.26973229479" />
		<parameter constant_type="double" name="interaction_rate_constant" type="constant" value="0.0155718246595" />
		<parameter constant_type="double" name="interaction_rate_at_drug_sites" type="constant" value="0.0001087432018" />
		<parameter constant_type="double" name="interaction_rate_exzone" type="constant" value="0.095585386879" />
		<parameter constant_type="double" name="mean_career_duration" type="constant" value="14.4716073623" />
        <parameter constant_type="double" name="mean_days_acute_naive" type="constant" value="102.927138902" />
		<parameter constant_type="double" name="mean_days_acute_rechallenged" type="constant" value="38.176725527" />
		<parameter constant_type="double" name="mean_days_naive_to_infectious" type="constant" value="3.23311277244" />
		<parameter constant_type="double" name="mean_enrichment_ChicagoNonNEP" type="constant" value="0.494865689762" />
		<parameter constant_type="double" name="mean_enrichment_suburbs" type="constant" value="2.01854277805" />
		<parameter constant_type="double" name="mean_tie_lifetime" type="constant" value="425.048365682" />
		<parameter constant_type="double" name="net_inflow" type="constant" value="0.0" />
		<parameter constant_type="double" name="nonNEP_age_boost" type="constant" value="1.92682030107" />
		<parameter constant_type="double" name="nonNEP_age_started_boost" type="constant" value="2.5069176459" />
		<parameter constant_type="double" name="nonNEP_degree_boost" type="constant" value="0.239714791483" />
		<parameter constant_type="double" name="nonNEP_hcv_ab_boost" type="constant" value="0.00738927512411" />
		<parameter constant_type="double" name="nonNEP_injection_ratio" type="constant" value="0.835986067593" />
		<parameter constant_type="double" name="nonNEP_sharing_boost" type="constant" value="0.304926635607" />
		<parameter constant_type="string" name="output_directory" type="constant" value="output" />
		<parameter constant_type="double" name="prob_cessation" type="constant" value="0.131428853789" />
		<parameter constant_type="double" name="prob_infected_when_arrive" type="constant" value="0.0278066363499" />
		<parameter constant_type="double" name="prob_self_limiting_female" type="constant" value="0.38260965925" />
		<parameter constant_type="double" name="prob_self_limiting_male" type="constant" value="0.13284872357" />
		<parameter constant_type="double" name="prob_clearing" type="constant" value="0.828443600911" />
		<parameter constant_type="double" name="pwid_maturity_threshold" type="constant" value="4.73109637455" />
        <parameter comment="365*5 + 365 burnin" constant_type="number" name="run_length" shortvalue="4015" type="constant" value="4040" />
        <parameter constant_type="double" name="status_report_frequency" type="constant" value="365.0" />
        <parameter constant_type="double" name="transmissibility" type="constant" value="0.0209186089413" />
        <parameter constant_type="string" name="NEP_data" simulated_value="datagen/NEP_mock_2014.csv" type="constant" value="data/NEP_Risk_Base_Merge.csv" />
        <parameter constant_type="string" name="NHBS_data" simulated_value="datagen/NHBS_mock_2014.csv" type="constant" value="data/IDU2_HCV_model_012913_cleaned.csv" value2012="data/IDU3_2012-2014-04-17.csv" />
</sweep>