<sweep jobNum="281" runs="1">
		
		<parameter constant_type="double" name="ab_prob_acute" type="constant" value="0.0276038997922" />
		<parameter constant_type="double" name="ab_prob_chronic" type="constant" value="0.648875151134" />
		<parameter constant_type="double" name="attrition_rate" type="constant" value="0.0534630298683" />
		<parameter constant_type="double" name="burn_in_days" type="constant" value="365.0" value_nob="0" />
		<parameter constant_type="number" name="dump_network_distances" type="constant" value="-1" />
		<parameter constant_type="double" name="homophily_strength" type="constant" value="0.653610898773" />
		<parameter constant_type="number" name="initial_pwid_count" type="constant" value="31160" />
		<parameter constant_type="double" name="interaction_home_cutoff" type="constant" value="2.61576932277" />
		<parameter constant_type="double" name="interaction_rate_constant" type="constant" value="0.0181135176883" />
		<parameter constant_type="double" name="interaction_rate_at_drug_sites" type="constant" value="0.000119445617107" />
		<parameter constant_type="double" name="interaction_rate_exzone" type="constant" value="0.0905754815855" />
		<parameter constant_type="double" name="mean_career_duration" type="constant" value="33.7878960035" />
        <parameter constant_type="double" name="mean_days_acute_naive" type="constant" value="101.50085261" />
		<parameter constant_type="double" name="mean_days_acute_rechallenged" type="constant" value="17.56270385" />
		<parameter constant_type="double" name="mean_days_naive_to_infectious" type="constant" value="3.29812214412" />
		<parameter constant_type="double" name="mean_enrichment_ChicagoNonNEP" type="constant" value="0.536131809114" />
		<parameter constant_type="double" name="mean_enrichment_suburbs" type="constant" value="2.35772656631" />
		<parameter constant_type="double" name="mean_tie_lifetime" type="constant" value="556.533300735" />
		<parameter constant_type="double" name="net_inflow" type="constant" value="0.0" />
		<parameter constant_type="double" name="nonNEP_age_boost" type="constant" value="2.66789108218" />
		<parameter constant_type="double" name="nonNEP_age_started_boost" type="constant" value="1.98027864813" />
		<parameter constant_type="double" name="nonNEP_degree_boost" type="constant" value="0.323892948911" />
		<parameter constant_type="double" name="nonNEP_hcv_ab_boost" type="constant" value="0.0120151450994" />
		<parameter constant_type="double" name="nonNEP_injection_ratio" type="constant" value="0.864310814513" />
		<parameter constant_type="double" name="nonNEP_sharing_boost" type="constant" value="0.323435501348" />
		<parameter constant_type="string" name="output_directory" type="constant" value="output" />
		<parameter constant_type="double" name="prob_cessation" type="constant" value="0.267143077253" />
		<parameter constant_type="double" name="prob_infected_when_arrive" type="constant" value="0.0291254077" />
		<parameter constant_type="double" name="prob_self_limiting_female" type="constant" value="0.307523634458" />
		<parameter constant_type="double" name="prob_self_limiting_male" type="constant" value="0.127037923196" />
		<parameter constant_type="double" name="prob_clearing" type="constant" value="0.871556399089" />
		<parameter constant_type="double" name="pwid_maturity_threshold" type="constant" value="5.17706005598" />
        <parameter comment="365*5 + 365 burnin" constant_type="number" name="run_length" shortvalue="4015" type="constant" value="4040" />
        <parameter constant_type="double" name="status_report_frequency" type="constant" value="365.0" />
        <parameter constant_type="double" name="transmissibility" type="constant" value="0.00757036120306" />
        <parameter constant_type="string" name="NEP_data" simulated_value="datagen/NEP_mock_2014.csv" type="constant" value="data/NEP_Risk_Base_Merge.csv" />
        <parameter constant_type="string" name="NHBS_data" simulated_value="datagen/NHBS_mock_2014.csv" type="constant" value="data/IDU2_HCV_model_012913_cleaned.csv" value2012="data/IDU3_2012-2014-04-17.csv" />
</sweep>