<sweep jobNum="134" runs="1">
		
		<parameter constant_type="double" name="ab_prob_acute" type="constant" value="0.0247025258443" />
		<parameter constant_type="double" name="ab_prob_chronic" type="constant" value="0.697794493063" />
		<parameter constant_type="double" name="attrition_rate" type="constant" value="0.0582476664624" />
		<parameter constant_type="double" name="burn_in_days" type="constant" value="365.0" value_nob="0" />
		<parameter constant_type="number" name="dump_network_distances" type="constant" value="-1" />
		<parameter constant_type="double" name="homophily_strength" type="constant" value="0.778344179394" />
		<parameter constant_type="number" name="initial_pwid_count" type="constant" value="31834" />
		<parameter constant_type="double" name="interaction_home_cutoff" type="constant" value="2.29216404039" />
		<parameter constant_type="double" name="interaction_rate_constant" type="constant" value="0.0122639262587" />
		<parameter constant_type="double" name="interaction_rate_at_drug_sites" type="constant" value="0.000124472667102" />
		<parameter constant_type="double" name="interaction_rate_exzone" type="constant" value="0.0932284058837" />
		<parameter constant_type="double" name="mean_career_duration" type="constant" value="32.0103535451" />
        <parameter constant_type="double" name="mean_days_acute_naive" type="constant" value="118.089735071" />
		<parameter constant_type="double" name="mean_days_acute_rechallenged" type="constant" value="41.5816557646" />
		<parameter constant_type="double" name="mean_days_naive_to_infectious" type="constant" value="3.15174061357" />
		<parameter constant_type="double" name="mean_enrichment_ChicagoNonNEP" type="constant" value="0.676039413383" />
		<parameter constant_type="double" name="mean_enrichment_suburbs" type="constant" value="2.33954139411" />
		<parameter constant_type="double" name="mean_tie_lifetime" type="constant" value="575.70383434" />
		<parameter constant_type="double" name="net_inflow" type="constant" value="0.0" />
		<parameter constant_type="double" name="nonNEP_age_boost" type="constant" value="3.88262684051" />
		<parameter constant_type="double" name="nonNEP_age_started_boost" type="constant" value="1.49609809135" />
		<parameter constant_type="double" name="nonNEP_degree_boost" type="constant" value="0.193610898773" />
		<parameter constant_type="double" name="nonNEP_hcv_ab_boost" type="constant" value="0.0157690883834" />
		<parameter constant_type="double" name="nonNEP_injection_ratio" type="constant" value="0.846717750674" />
		<parameter constant_type="double" name="nonNEP_sharing_boost" type="constant" value="0.290492796777" />
		<parameter constant_type="string" name="output_directory" type="constant" value="output" />
		<parameter constant_type="double" name="prob_cessation" type="constant" value="0.254647991478" />
		<parameter constant_type="double" name="prob_infected_when_arrive" type="constant" value="0.0383134383844" />
		<parameter constant_type="double" name="prob_self_limiting_female" type="constant" value="0.362223014867" />
		<parameter constant_type="double" name="prob_self_limiting_male" type="constant" value="0.131255025098" />
		<parameter constant_type="double" name="prob_clearing" type="constant" value="0.854279427789" />
		<parameter constant_type="double" name="pwid_maturity_threshold" type="constant" value="4.8572748865" />
        <parameter comment="365*5 + 365 burnin" constant_type="number" name="run_length" shortvalue="4015" type="constant" value="4040" />
        <parameter constant_type="double" name="status_report_frequency" type="constant" value="365.0" />
        <parameter constant_type="double" name="transmissibility" type="constant" value="0.0212690328653" />
        <parameter constant_type="string" name="NEP_data" simulated_value="datagen/NEP_mock_2014.csv" type="constant" value="data/NEP_Risk_Base_Merge.csv" />
        <parameter constant_type="string" name="NHBS_data" simulated_value="datagen/NHBS_mock_2014.csv" type="constant" value="data/IDU2_HCV_model_012913_cleaned.csv" value2012="data/IDU3_2012-2014-04-17.csv" />
</sweep>