<sweep jobNum="283" runs="1">
		
		<parameter constant_type="double" name="ab_prob_acute" type="constant" value="0.0220390190865" />
		<parameter constant_type="double" name="ab_prob_chronic" type="constant" value="0.631047223514" />
		<parameter constant_type="double" name="attrition_rate" type="constant" value="0.0605925301341" />
		<parameter constant_type="double" name="burn_in_days" type="constant" value="365.0" value_nob="0" />
		<parameter constant_type="number" name="dump_network_distances" type="constant" value="-1" />
		<parameter constant_type="double" name="homophily_strength" type="constant" value="0.660492796777" />
		<parameter constant_type="number" name="initial_pwid_count" type="constant" value="31557" />
		<parameter constant_type="double" name="interaction_home_cutoff" type="constant" value="1.03239149757" />
		<parameter constant_type="double" name="interaction_rate_constant" type="constant" value="0.0203816062313" />
		<parameter constant_type="double" name="interaction_rate_at_drug_sites" type="constant" value="0.000122561182988" />
		<parameter constant_type="double" name="interaction_rate_exzone" type="constant" value="0.0863708555609" />
		<parameter constant_type="double" name="mean_career_duration" type="constant" value="22.7562983267" />
        <parameter constant_type="double" name="mean_days_acute_naive" type="constant" value="91.1910813104" />
		<parameter constant_type="double" name="mean_days_acute_rechallenged" type="constant" value="10.3960586617" />
		<parameter constant_type="double" name="mean_days_naive_to_infectious" type="constant" value="2.80773250692" />
		<parameter constant_type="double" name="mean_enrichment_ChicagoNonNEP" type="constant" value="0.490299121063" />
		<parameter constant_type="double" name="mean_enrichment_suburbs" type="constant" value="1.6955555184" />
		<parameter constant_type="double" name="mean_tie_lifetime" type="constant" value="690.728132383" />
		<parameter constant_type="double" name="net_inflow" type="constant" value="0.0" />
		<parameter constant_type="double" name="nonNEP_age_boost" type="constant" value="2.28505013274" />
		<parameter constant_type="double" name="nonNEP_age_started_boost" type="constant" value="1.525135964" />
		<parameter constant_type="double" name="nonNEP_degree_boost" type="constant" value="0.322281816511" />
		<parameter constant_type="double" name="nonNEP_hcv_ab_boost" type="constant" value="0.0156420991874" />
		<parameter constant_type="double" name="nonNEP_injection_ratio" type="constant" value="0.842124330744" />
		<parameter constant_type="double" name="nonNEP_sharing_boost" type="constant" value="0.246107051089" />
		<parameter constant_type="string" name="output_directory" type="constant" value="output" />
		<parameter constant_type="double" name="prob_cessation" type="constant" value="0.311009031563" />
		<parameter constant_type="double" name="prob_infected_when_arrive" type="constant" value="0.0558389157757" />
		<parameter constant_type="double" name="prob_self_limiting_female" type="constant" value="0.356906573416" />
		<parameter constant_type="double" name="prob_self_limiting_male" type="constant" value="0.126325832672" />
		<parameter constant_type="double" name="prob_clearing" type="constant" value="0.827274453437" />
		<parameter constant_type="double" name="pwid_maturity_threshold" type="constant" value="5.28042005437" />
        <parameter comment="365*5 + 365 burnin" constant_type="number" name="run_length" shortvalue="4015" type="constant" value="4040" />
        <parameter constant_type="double" name="status_report_frequency" type="constant" value="365.0" />
        <parameter constant_type="double" name="transmissibility" type="constant" value="0.0332702929533" />
        <parameter constant_type="string" name="NEP_data" simulated_value="datagen/NEP_mock_2014.csv" type="constant" value="data/NEP_Risk_Base_Merge.csv" />
        <parameter constant_type="string" name="NHBS_data" simulated_value="datagen/NHBS_mock_2014.csv" type="constant" value="data/IDU2_HCV_model_012913_cleaned.csv" value2012="data/IDU3_2012-2014-04-17.csv" />
</sweep>