<sweep jobNum="291" runs="1">
		
		<parameter constant_type="double" name="ab_prob_acute" type="constant" value="0.0126973229479" />
		<parameter constant_type="double" name="ab_prob_chronic" type="constant" value="0.548347321665" />
		<parameter constant_type="double" name="attrition_rate" type="constant" value="0.018687396874" />
		<parameter constant_type="double" name="burn_in_days" type="constant" value="365.0" value_nob="0" />
		<parameter constant_type="number" name="dump_network_distances" type="constant" value="-1" />
		<parameter constant_type="double" name="homophily_strength" type="constant" value="0.683092510716" />
		<parameter constant_type="number" name="initial_pwid_count" type="constant" value="30448" />
		<parameter constant_type="double" name="interaction_home_cutoff" type="constant" value="2.55483409125" />
		<parameter constant_type="double" name="interaction_rate_constant" type="constant" value="0.0117072812043" />
		<parameter constant_type="double" name="interaction_rate_at_drug_sites" type="constant" value="6.67607434308e-05" />
		<parameter constant_type="double" name="interaction_rate_exzone" type="constant" value="0.0832564912893" />
		<parameter constant_type="double" name="mean_career_duration" type="constant" value="34.1118013006" />
        <parameter constant_type="double" name="mean_days_acute_naive" type="constant" value="96.6109002278" />
		<parameter constant_type="double" name="mean_days_acute_rechallenged" type="constant" value="31.6131809114" />
		<parameter constant_type="double" name="mean_days_naive_to_infectious" type="constant" value="3.71545313262" />
		<parameter constant_type="double" name="mean_enrichment_ChicagoNonNEP" type="constant" value="0.443944270373" />
		<parameter constant_type="double" name="mean_enrichment_suburbs" type="constant" value="1.75848331513" />
		<parameter constant_type="double" name="mean_tie_lifetime" type="constant" value="710.055322459" />
		<parameter constant_type="double" name="net_inflow" type="constant" value="0.0" />
		<parameter constant_type="double" name="nonNEP_age_boost" type="constant" value="3.19304707931" />
		<parameter constant_type="double" name="nonNEP_age_started_boost" type="constant" value="2.2218648075" />
		<parameter constant_type="double" name="nonNEP_degree_boost" type="constant" value="0.271007040868" />
		<parameter constant_type="double" name="nonNEP_hcv_ab_boost" type="constant" value="0.0052956842735" />
		<parameter constant_type="double" name="nonNEP_injection_ratio" type="constant" value="0.855573076756" />
		<parameter constant_type="double" name="nonNEP_sharing_boost" type="constant" value="0.383498253195" />
		<parameter constant_type="string" name="output_directory" type="constant" value="output" />
		<parameter constant_type="double" name="prob_cessation" type="constant" value="0.17710515888" />
		<parameter constant_type="double" name="prob_infected_when_arrive" type="constant" value="0.0416108246308" />
		<parameter constant_type="double" name="prob_self_limiting_female" type="constant" value="0.30357601166" />
		<parameter constant_type="double" name="prob_self_limiting_male" type="constant" value="0.102152914225" />
		<parameter constant_type="double" name="prob_clearing" type="constant" value="0.91935206347" />
		<parameter constant_type="double" name="pwid_maturity_threshold" type="constant" value="6.6138352918" />
        <parameter comment="365*5 + 365 burnin" constant_type="number" name="run_length" shortvalue="4015" type="constant" value="4040" />
        <parameter constant_type="double" name="status_report_frequency" type="constant" value="365.0" />
        <parameter constant_type="double" name="transmissibility" type="constant" value="0.00767437821532" />
        <parameter constant_type="string" name="NEP_data" simulated_value="datagen/NEP_mock_2014.csv" type="constant" value="data/NEP_Risk_Base_Merge.csv" />
        <parameter constant_type="string" name="NHBS_data" simulated_value="datagen/NHBS_mock_2014.csv" type="constant" value="data/IDU2_HCV_model_012913_cleaned.csv" value2012="data/IDU3_2012-2014-04-17.csv" />
</sweep>