<sweep jobNum="178" runs="1">
		
		<parameter constant_type="double" name="ab_prob_acute" type="constant" value="0.0151696663026" />
		<parameter constant_type="double" name="ab_prob_chronic" type="constant" value="0.596332271187" />
		<parameter constant_type="double" name="attrition_rate" type="constant" value="0.0568571787456" />
		<parameter constant_type="double" name="burn_in_days" type="constant" value="365.0" value_nob="0" />
		<parameter constant_type="number" name="dump_network_distances" type="constant" value="-1" />
		<parameter constant_type="double" name="homophily_strength" type="constant" value="0.753498253195" />
		<parameter constant_type="number" name="initial_pwid_count" type="constant" value="31197" />
		<parameter constant_type="double" name="interaction_home_cutoff" type="constant" value="2.28027864813" />
		<parameter constant_type="double" name="interaction_rate_constant" type="constant" value="0.0209369089906" />
		<parameter constant_type="double" name="interaction_rate_at_drug_sites" type="constant" value="0.000144009853346" />
		<parameter constant_type="double" name="interaction_rate_exzone" type="constant" value="0.0840191865069" />
		<parameter constant_type="double" name="mean_career_duration" type="constant" value="33.4022577805" />
        <parameter constant_type="double" name="mean_days_acute_naive" type="constant" value="109.751760217" />
		<parameter constant_type="double" name="mean_days_acute_rechallenged" type="constant" value="45.1052315982" />
		<parameter constant_type="double" name="mean_days_naive_to_infectious" type="constant" value="2.66589769575" />
		<parameter constant_type="double" name="mean_enrichment_ChicagoNonNEP" type="constant" value="0.511985912295" />
		<parameter constant_type="double" name="mean_enrichment_suburbs" type="constant" value="1.820835627" />
		<parameter constant_type="double" name="mean_tie_lifetime" type="constant" value="470.033799478" />
		<parameter constant_type="double" name="net_inflow" type="constant" value="0.0" />
		<parameter constant_type="double" name="nonNEP_age_boost" type="constant" value="4.1520427628" />
		<parameter constant_type="double" name="nonNEP_age_started_boost" type="constant" value="0.977159411632" />
		<parameter constant_type="double" name="nonNEP_degree_boost" type="constant" value="0.330569223748" />
		<parameter constant_type="double" name="nonNEP_hcv_ab_boost" type="constant" value="0.0103076579587" />
		<parameter constant_type="double" name="nonNEP_injection_ratio" type="constant" value="0.858453744642" />
		<parameter constant_type="double" name="nonNEP_sharing_boost" type="constant" value="0.304337566065" />
		<parameter constant_type="string" name="output_directory" type="constant" value="output" />
		<parameter constant_type="double" name="prob_cessation" type="constant" value="0.292792008625" />
		<parameter constant_type="double" name="prob_infected_when_arrive" type="constant" value="0.0236925150078" />
		<parameter constant_type="double" name="prob_self_limiting_female" type="constant" value="0.393120188471" />
		<parameter constant_type="double" name="prob_self_limiting_male" type="constant" value="0.102852185428" />
		<parameter constant_type="double" name="prob_clearing" type="constant" value="0.812336317646" />
		<parameter constant_type="double" name="pwid_maturity_threshold" type="constant" value="6.35816557646" />
        <parameter comment="365*5 + 365 burnin" constant_type="number" name="run_length" shortvalue="4015" type="constant" value="4040" />
        <parameter constant_type="double" name="status_report_frequency" type="constant" value="365.0" />
        <parameter constant_type="double" name="transmissibility" type="constant" value="0.0277795996809" />
        <parameter constant_type="string" name="NEP_data" simulated_value="datagen/NEP_mock_2014.csv" type="constant" value="data/NEP_Risk_Base_Merge.csv" />
        <parameter constant_type="string" name="NHBS_data" simulated_value="datagen/NHBS_mock_2014.csv" type="constant" value="data/IDU2_HCV_model_012913_cleaned.csv" value2012="data/IDU3_2012-2014-04-17.csv" />
</sweep>