<sweep jobNum="58" runs="1">
		
		<parameter constant_type="double" name="ab_prob_acute" type="constant" value="0.0285526157991" />
		<parameter constant_type="double" name="ab_prob_chronic" type="constant" value="0.721630203876" />
		<parameter constant_type="double" name="attrition_rate" type="constant" value="0.0542209482862" />
		<parameter constant_type="double" name="burn_in_days" type="constant" value="365.0" value_nob="0" />
		<parameter constant_type="number" name="dump_network_distances" type="constant" value="-1" />
		<parameter constant_type="double" name="homophily_strength" type="constant" value="0.677274453437" />
		<parameter constant_type="number" name="initial_pwid_count" type="constant" value="31994" />
		<parameter constant_type="double" name="interaction_home_cutoff" type="constant" value="1.62336317646" />
		<parameter constant_type="double" name="interaction_rate_constant" type="constant" value="0.016017112511" />
		<parameter constant_type="double" name="interaction_rate_at_drug_sites" type="constant" value="7.48822802552e-05" />
		<parameter constant_type="double" name="interaction_rate_exzone" type="constant" value="0.090449171584" />
		<parameter constant_type="double" name="mean_career_duration" type="constant" value="25.562249674" />
        <parameter constant_type="double" name="mean_days_acute_naive" type="constant" value="105.217451322" />
		<parameter constant_type="double" name="mean_days_acute_rechallenged" type="constant" value="36.898343168" />
		<parameter constant_type="double" name="mean_days_naive_to_infectious" type="constant" value="3.73773532547" />
		<parameter constant_type="double" name="mean_enrichment_ChicagoNonNEP" type="constant" value="0.482293994402" />
		<parameter constant_type="double" name="mean_enrichment_suburbs" type="constant" value="2.24472667102" />
		<parameter constant_type="double" name="mean_tie_lifetime" type="constant" value="814.198228479" />
		<parameter constant_type="double" name="net_inflow" type="constant" value="0.0" />
		<parameter constant_type="double" name="nonNEP_age_boost" type="constant" value="3.77300941116" />
		<parameter constant_type="double" name="nonNEP_age_started_boost" type="constant" value="1.67432844881" />
		<parameter constant_type="double" name="nonNEP_degree_boost" type="constant" value="0.276441780074" />
		<parameter constant_type="double" name="nonNEP_hcv_ab_boost" type="constant" value="0.0160254187664" />
		<parameter constant_type="double" name="nonNEP_injection_ratio" type="constant" value="0.850998294779" />
		<parameter constant_type="double" name="nonNEP_sharing_boost" type="constant" value="0.262091721177" />
		<parameter constant_type="string" name="output_directory" type="constant" value="output" />
		<parameter constant_type="double" name="prob_cessation" type="constant" value="0.266537054546" />
		<parameter constant_type="double" name="prob_infected_when_arrive" type="constant" value="0.0210863764653" />
		<parameter constant_type="double" name="prob_self_limiting_female" type="constant" value="0.354297567813" />
		<parameter constant_type="double" name="prob_self_limiting_male" type="constant" value="0.122160845062" />
		<parameter constant_type="double" name="prob_clearing" type="constant" value="0.904157593588" />
		<parameter constant_type="double" name="pwid_maturity_threshold" type="constant" value="6.72702740568" />
        <parameter comment="365*5 + 365 burnin" constant_type="number" name="run_length" shortvalue="4015" type="constant" value="4040" />
        <parameter constant_type="double" name="status_report_frequency" type="constant" value="365.0" />
        <parameter constant_type="double" name="transmissibility" type="constant" value="0.0193161511613" />
        <parameter constant_type="string" name="NEP_data" simulated_value="datagen/NEP_mock_2014.csv" type="constant" value="data/NEP_Risk_Base_Merge.csv" />
        <parameter constant_type="string" name="NHBS_data" simulated_value="datagen/NHBS_mock_2014.csv" type="constant" value="data/IDU2_HCV_model_012913_cleaned.csv" value2012="data/IDU3_2012-2014-04-17.csv" />
</sweep>