<sweep jobNum="163" runs="1">
		
		<parameter constant_type="double" name="ab_prob_acute" type="constant" value="0.029585386879" />
		<parameter constant_type="double" name="ab_prob_chronic" type="constant" value="0.711637313269" />
		<parameter constant_type="double" name="attrition_rate" type="constant" value="0.0380455500852" />
		<parameter constant_type="double" name="burn_in_days" type="constant" value="365.0" value_nob="0" />
		<parameter constant_type="number" name="dump_network_distances" type="constant" value="-1" />
		<parameter constant_type="double" name="homophily_strength" type="constant" value="0.700855634832" />
		<parameter constant_type="number" name="initial_pwid_count" type="constant" value="31845" />
		<parameter constant_type="double" name="interaction_home_cutoff" type="constant" value="2.03708555609" />
		<parameter constant_type="double" name="interaction_rate_constant" type="constant" value="0.0164968293279" />
		<parameter constant_type="double" name="interaction_rate_at_drug_sites" type="constant" value="8.3596161961e-05" />
		<parameter constant_type="double" name="interaction_rate_exzone" type="constant" value="0.0950569223748" />
		<parameter constant_type="double" name="mean_career_duration" type="constant" value="13.9017174818" />
        <parameter constant_type="double" name="mean_days_acute_naive" type="constant" value="79.9950733271" />
		<parameter constant_type="double" name="mean_days_acute_rechallenged" type="constant" value="47.535172417" />
		<parameter constant_type="double" name="mean_days_naive_to_infectious" type="constant" value="3.86351370284" />
		<parameter constant_type="double" name="mean_enrichment_ChicagoNonNEP" type="constant" value="0.529194578879" />
		<parameter constant_type="double" name="mean_enrichment_suburbs" type="constant" value="2.10778199544" />
		<parameter constant_type="double" name="mean_tie_lifetime" type="constant" value="615.19988454" />
		<parameter constant_type="double" name="net_inflow" type="constant" value="0.0" />
		<parameter constant_type="double" name="nonNEP_age_boost" type="constant" value="3.79261845574" />
		<parameter constant_type="double" name="nonNEP_age_started_boost" type="constant" value="2.15754815855" />
		<parameter constant_type="double" name="nonNEP_degree_boost" type="constant" value="0.254021002719" />
		<parameter constant_type="double" name="nonNEP_hcv_ab_boost" type="constant" value="0.00840361918278" />
		<parameter constant_type="double" name="nonNEP_injection_ratio" type="constant" value="0.880788466139" />
		<parameter constant_type="double" name="nonNEP_sharing_boost" type="constant" value="0.320574192875" />
		<parameter constant_type="string" name="output_directory" type="constant" value="output" />
		<parameter constant_type="double" name="prob_cessation" type="constant" value="0.137842195451" />
		<parameter constant_type="double" name="prob_infected_when_arrive" type="constant" value="0.0763074849922" />
		<parameter constant_type="double" name="prob_self_limiting_female" type="constant" value="0.348569532486" />
		<parameter constant_type="double" name="prob_self_limiting_male" type="constant" value="0.115242726691" />
		<parameter constant_type="double" name="prob_clearing" type="constant" value="0.887663682354" />
		<parameter constant_type="double" name="pwid_maturity_threshold" type="constant" value="5.57243258053" />
        <parameter comment="365*5 + 365 burnin" constant_type="number" name="run_length" shortvalue="4015" type="constant" value="4040" />
        <parameter constant_type="double" name="status_report_frequency" type="constant" value="365.0" />
        <parameter constant_type="double" name="transmissibility" type="constant" value="0.0199966702644" />
        <parameter constant_type="string" name="NEP_data" simulated_value="datagen/NEP_mock_2014.csv" type="constant" value="data/NEP_Risk_Base_Merge.csv" />
        <parameter constant_type="string" name="NHBS_data" simulated_value="datagen/NHBS_mock_2014.csv" type="constant" value="data/IDU2_HCV_model_012913_cleaned.csv" value2012="data/IDU3_2012-2014-04-17.csv" />
</sweep>