<sweep jobNum="63" runs="1">
		
		<parameter constant_type="double" name="ab_prob_acute" type="constant" value="0.0193435501348" />
		<parameter constant_type="double" name="ab_prob_chronic" type="constant" value="0.708135176744" />
		<parameter constant_type="double" name="attrition_rate" type="constant" value="0.0790722398744" />
		<parameter constant_type="double" name="burn_in_days" type="constant" value="365.0" value_nob="0" />
		<parameter constant_type="number" name="dump_network_distances" type="constant" value="-1" />
		<parameter constant_type="double" name="homophily_strength" type="constant" value="0.773026770521" />
		<parameter constant_type="number" name="initial_pwid_count" type="constant" value="30836" />
		<parameter constant_type="double" name="interaction_home_cutoff" type="constant" value="1.61723262705" />
		<parameter constant_type="double" name="interaction_rate_constant" type="constant" value="0.0117952363325" />
		<parameter constant_type="double" name="interaction_rate_at_drug_sites" type="constant" value="0.000144431561728" />
		<parameter constant_type="double" name="interaction_rate_exzone" type="constant" value="0.0820492796777" />
		<parameter constant_type="double" name="mean_career_duration" type="constant" value="21.4474504849" />
        <parameter constant_type="double" name="mean_days_acute_naive" type="constant" value="98.4947493203" />
		<parameter constant_type="double" name="mean_days_acute_rechallenged" type="constant" value="33.6055729627" />
		<parameter constant_type="double" name="mean_days_naive_to_infectious" type="constant" value="3.45754815855" />
		<parameter constant_type="double" name="mean_enrichment_ChicagoNonNEP" type="constant" value="0.570450589611" />
		<parameter constant_type="double" name="mean_enrichment_suburbs" type="constant" value="2.20062337439" />
		<parameter constant_type="double" name="mean_tie_lifetime" type="constant" value="891.10722801" />
		<parameter constant_type="double" name="net_inflow" type="constant" value="0.0" />
		<parameter constant_type="double" name="nonNEP_age_boost" type="constant" value="2.70287797603" />
		<parameter constant_type="double" name="nonNEP_age_started_boost" type="constant" value="1.60001079113" />
		<parameter constant_type="double" name="nonNEP_degree_boost" type="constant" value="0.244850439469" />
		<parameter constant_type="double" name="nonNEP_hcv_ab_boost" type="constant" value="0.00447320801271" />
		<parameter constant_type="double" name="nonNEP_injection_ratio" type="constant" value="0.8673095063" />
		<parameter constant_type="double" name="nonNEP_sharing_boost" type="constant" value="0.27781351925" />
		<parameter constant_type="string" name="output_directory" type="constant" value="output" />
		<parameter constant_type="double" name="prob_cessation" type="constant" value="0.268969018538" />
		<parameter constant_type="double" name="prob_infected_when_arrive" type="constant" value="0.0201902274245" />
		<parameter constant_type="double" name="prob_self_limiting_female" type="constant" value="0.355164378893" />
		<parameter constant_type="double" name="prob_self_limiting_male" type="constant" value="0.107529620275" />
		<parameter constant_type="double" name="prob_clearing" type="constant" value="0.936351370284" />
		<parameter constant_type="double" name="pwid_maturity_threshold" type="constant" value="6.88126305613" />
        <parameter comment="365*5 + 365 burnin" constant_type="number" name="run_length" shortvalue="4015" type="constant" value="4040" />
        <parameter constant_type="double" name="status_report_frequency" type="constant" value="365.0" />
        <parameter constant_type="double" name="transmissibility" type="constant" value="0.0219782781477" />
        <parameter constant_type="string" name="NEP_data" simulated_value="datagen/NEP_mock_2014.csv" type="constant" value="data/NEP_Risk_Base_Merge.csv" />
        <parameter constant_type="string" name="NHBS_data" simulated_value="datagen/NHBS_mock_2014.csv" type="constant" value="data/IDU2_HCV_model_012913_cleaned.csv" value2012="data/IDU3_2012-2014-04-17.csv" />
</sweep>