<sweep jobNum="104" runs="1">
		
		<parameter constant_type="double" name="ab_prob_acute" type="constant" value="0.0134937789988" />
		<parameter constant_type="double" name="ab_prob_chronic" type="constant" value="0.506263146078" />
		<parameter constant_type="double" name="attrition_rate" type="constant" value="0.0647993410297" />
		<parameter constant_type="double" name="burn_in_days" type="constant" value="365.0" value_nob="0" />
		<parameter constant_type="number" name="dump_network_distances" type="constant" value="-1" />
		<parameter constant_type="double" name="homophily_strength" type="constant" value="0.644516590875" />
		<parameter constant_type="number" name="initial_pwid_count" type="constant" value="33329" />
		<parameter constant_type="double" name="interaction_home_cutoff" type="constant" value="1.79027061577" />
		<parameter constant_type="double" name="interaction_rate_constant" type="constant" value="0.0183704321934" />
		<parameter constant_type="double" name="interaction_rate_at_drug_sites" type="constant" value="0.00012840952511" />
		<parameter constant_type="double" name="interaction_rate_exzone" type="constant" value="0.0864850439469" />
		<parameter constant_type="double" name="mean_career_duration" type="constant" value="21.2871825814" />
        <parameter constant_type="double" name="mean_days_acute_naive" type="constant" value="77.3502185534" />
		<parameter constant_type="double" name="mean_days_acute_rechallenged" type="constant" value="15.5464208624" />
		<parameter constant_type="double" name="mean_days_naive_to_infectious" type="constant" value="3.04850439469" />
		<parameter constant_type="double" name="mean_enrichment_ChicagoNonNEP" type="constant" value="0.620407461632" />
		<parameter constant_type="double" name="mean_enrichment_suburbs" type="constant" value="2.15503520434" />
		<parameter constant_type="double" name="mean_tie_lifetime" type="constant" value="592.946720218" />
		<parameter constant_type="double" name="net_inflow" type="constant" value="0.0" />
		<parameter constant_type="double" name="nonNEP_age_boost" type="constant" value="3.06419141684" />
		<parameter constant_type="double" name="nonNEP_age_started_boost" type="constant" value="1.62863744325" />
		<parameter constant_type="double" name="nonNEP_degree_boost" type="constant" value="0.244279427789" />
		<parameter constant_type="double" name="nonNEP_hcv_ab_boost" type="constant" value="0.0182961399707" />
		<parameter constant_type="double" name="nonNEP_injection_ratio" type="constant" value="0.837168783032" />
		<parameter constant_type="double" name="nonNEP_sharing_boost" type="constant" value="0.326291444391" />
		<parameter constant_type="string" name="output_directory" type="constant" value="output" />
		<parameter constant_type="double" name="prob_cessation" type="constant" value="0.270193158807" />
		<parameter constant_type="double" name="prob_infected_when_arrive" type="constant" value="0.0480598242125" />
		<parameter constant_type="double" name="prob_self_limiting_female" type="constant" value="0.314782620929" />
		<parameter constant_type="double" name="prob_self_limiting_male" type="constant" value="0.127276952814" />
		<parameter constant_type="double" name="prob_clearing" type="constant" value="0.875662433935" />
		<parameter constant_type="double" name="pwid_maturity_threshold" type="constant" value="4.07221797546" />
        <parameter comment="365*5 + 365 burnin" constant_type="number" name="run_length" shortvalue="4015" type="constant" value="4040" />
        <parameter constant_type="double" name="status_report_frequency" type="constant" value="365.0" />
        <parameter constant_type="double" name="transmissibility" type="constant" value="0.0299864131" />
        <parameter constant_type="string" name="NEP_data" simulated_value="datagen/NEP_mock_2014.csv" type="constant" value="data/NEP_Risk_Base_Merge.csv" />
        <parameter constant_type="string" name="NHBS_data" simulated_value="datagen/NHBS_mock_2014.csv" type="constant" value="data/IDU2_HCV_model_012913_cleaned.csv" value2012="data/IDU3_2012-2014-04-17.csv" />
</sweep>