<sweep jobNum="141" runs="1">
		
		<parameter constant_type="double" name="ab_prob_acute" type="constant" value="0.0235832874599" />
		<parameter constant_type="double" name="ab_prob_chronic" type="constant" value="0.692360695923" />
		<parameter constant_type="double" name="attrition_rate" type="constant" value="0.0665846407122" />
		<parameter constant_type="double" name="burn_in_days" type="constant" value="365.0" value_nob="0" />
		<parameter constant_type="number" name="dump_network_distances" type="constant" value="-1" />
		<parameter constant_type="double" name="homophily_strength" type="constant" value="0.746389101227" />
		<parameter constant_type="number" name="initial_pwid_count" type="constant" value="32536" />
		<parameter constant_type="double" name="interaction_home_cutoff" type="constant" value="2.346190126" />
		<parameter constant_type="double" name="interaction_rate_constant" type="constant" value="0.0219159475472" />
		<parameter constant_type="double" name="interaction_rate_at_drug_sites" type="constant" value="0.000102139713895" />
		<parameter constant_type="double" name="interaction_rate_exzone" type="constant" value="0.091023543949" />
		<parameter constant_type="double" name="mean_career_duration" type="constant" value="23.5602855418" />
        <parameter constant_type="double" name="mean_days_acute_naive" type="constant" value="110.806323701" />
		<parameter constant_type="double" name="mean_days_acute_rechallenged" type="constant" value="21.1971999478" />
		<parameter constant_type="double" name="mean_days_naive_to_infectious" type="constant" value="3.22140594521" />
		<parameter constant_type="double" name="mean_enrichment_ChicagoNonNEP" type="constant" value="0.440375571177" />
		<parameter constant_type="double" name="mean_enrichment_suburbs" type="constant" value="2.32531105006" />
		<parameter constant_type="double" name="mean_tie_lifetime" type="constant" value="494.977703154" />
		<parameter constant_type="double" name="net_inflow" type="constant" value="0.0" />
		<parameter constant_type="double" name="nonNEP_age_boost" type="constant" value="3.11562369125" />
		<parameter constant_type="double" name="nonNEP_age_started_boost" type="constant" value="0.714008742137" />
		<parameter constant_type="double" name="nonNEP_degree_boost" type="constant" value="0.232291753916" />
		<parameter constant_type="double" name="nonNEP_hcv_ab_boost" type="constant" value="0.00763091522704" />
		<parameter constant_type="double" name="nonNEP_injection_ratio" type="constant" value="0.841835429471" />
		<parameter constant_type="double" name="nonNEP_sharing_boost" type="constant" value="0.269796269184" />
		<parameter constant_type="string" name="output_directory" type="constant" value="output" />
		<parameter constant_type="double" name="prob_cessation" type="constant" value="0.210956073246" />
		<parameter constant_type="double" name="prob_infected_when_arrive" type="constant" value="0.0605009581311" />
		<parameter constant_type="double" name="prob_self_limiting_female" type="constant" value="0.326761950218" />
		<parameter constant_type="double" name="prob_self_limiting_male" type="constant" value="0.124225805204" />
		<parameter constant_type="double" name="prob_clearing" type="constant" value="0.906149977562" />
		<parameter constant_type="double" name="pwid_maturity_threshold" type="constant" value="4.51029672744" />
        <parameter comment="365*5 + 365 burnin" constant_type="number" name="run_length" shortvalue="4015" type="constant" value="4040" />
        <parameter constant_type="double" name="status_report_frequency" type="constant" value="365.0" />
        <parameter constant_type="double" name="transmissibility" type="constant" value="0.028206840114" />
        <parameter constant_type="string" name="NEP_data" simulated_value="datagen/NEP_mock_2014.csv" type="constant" value="data/NEP_Risk_Base_Merge.csv" />
        <parameter constant_type="string" name="NHBS_data" simulated_value="datagen/NHBS_mock_2014.csv" type="constant" value="data/IDU2_HCV_model_012913_cleaned.csv" value2012="data/IDU3_2012-2014-04-17.csv" />
</sweep>