<sweep jobNum="241" runs="1">
		
		<parameter constant_type="double" name="ab_prob_acute" type="constant" value="0.0242610215204" />
		<parameter constant_type="double" name="ab_prob_chronic" type="constant" value="0.658277104624" />
		<parameter constant_type="double" name="attrition_rate" type="constant" value="0.0460854443408" />
		<parameter constant_type="double" name="burn_in_days" type="constant" value="365.0" value_nob="0" />
		<parameter constant_type="number" name="dump_network_distances" type="constant" value="-1" />
		<parameter constant_type="double" name="homophily_strength" type="constant" value="0.789712909395" />
		<parameter constant_type="number" name="initial_pwid_count" type="constant" value="33231" />
		<parameter constant_type="double" name="interaction_home_cutoff" type="constant" value="1.22428788465" />
		<parameter constant_type="double" name="interaction_rate_constant" type="constant" value="0.0202486271062" />
		<parameter constant_type="double" name="interaction_rate_at_drug_sites" type="constant" value="9.24129693213e-05" />
		<parameter constant_type="double" name="interaction_rate_exzone" type="constant" value="0.078087814324" />
		<parameter constant_type="double" name="mean_career_duration" type="constant" value="33.9171650678" />
        <parameter constant_type="double" name="mean_days_acute_naive" type="constant" value="113.756314611" />
		<parameter constant_type="double" name="mean_days_acute_rechallenged" type="constant" value="41.725676584" />
		<parameter constant_type="double" name="mean_days_naive_to_infectious" type="constant" value="3.18646012847" />
		<parameter constant_type="double" name="mean_enrichment_ChicagoNonNEP" type="constant" value="0.481148385749" />
		<parameter constant_type="double" name="mean_enrichment_suburbs" type="constant" value="2.18526019852" />
		<parameter constant_type="double" name="mean_tie_lifetime" type="constant" value="508.027484684" />
		<parameter constant_type="double" name="net_inflow" type="constant" value="0.0" />
		<parameter constant_type="double" name="nonNEP_age_boost" type="constant" value="1.88213352842" />
		<parameter constant_type="double" name="nonNEP_age_started_boost" type="constant" value="0.98454686738" />
		<parameter constant_type="double" name="nonNEP_degree_boost" type="constant" value="0.217274453437" />
		<parameter constant_type="double" name="nonNEP_hcv_ab_boost" type="constant" value="0.0164162705435" />
		<parameter constant_type="double" name="nonNEP_injection_ratio" type="constant" value="0.845573498601" />
		<parameter constant_type="double" name="nonNEP_sharing_boost" type="constant" value="0.406802850853" />
		<parameter constant_type="string" name="output_directory" type="constant" value="output" />
		<parameter constant_type="double" name="prob_cessation" type="constant" value="0.307170561071" />
		<parameter constant_type="double" name="prob_infected_when_arrive" type="constant" value="0.0754635357492" />
		<parameter constant_type="double" name="prob_self_limiting_female" type="constant" value="0.31196582195" />
		<parameter constant_type="double" name="prob_self_limiting_male" type="constant" value="0.104986306892" />
		<parameter constant_type="double" name="prob_clearing" type="constant" value="0.942302103043" />
		<parameter constant_type="double" name="pwid_maturity_threshold" type="constant" value="5.96606673948" />
        <parameter comment="365*5 + 365 burnin" constant_type="number" name="run_length" shortvalue="4015" type="constant" value="4040" />
        <parameter constant_type="double" name="status_report_frequency" type="constant" value="365.0" />
        <parameter constant_type="double" name="transmissibility" type="constant" value="0.0216222118999" />
        <parameter constant_type="string" name="NEP_data" simulated_value="datagen/NEP_mock_2014.csv" type="constant" value="data/NEP_Risk_Base_Merge.csv" />
        <parameter constant_type="string" name="NHBS_data" simulated_value="datagen/NHBS_mock_2014.csv" type="constant" value="data/IDU2_HCV_model_012913_cleaned.csv" value2012="data/IDU3_2012-2014-04-17.csv" />
</sweep>