<sweep jobNum="95" runs="1">
		
		<parameter constant_type="double" name="ab_prob_acute" type="constant" value="0.0262267895688" />
		<parameter constant_type="double" name="ab_prob_chronic" type="constant" value="0.584929650583" />
		<parameter constant_type="double" name="attrition_rate" type="constant" value="0.0403621955469" />
		<parameter constant_type="double" name="burn_in_days" type="constant" value="365.0" value_nob="0" />
		<parameter constant_type="number" name="dump_network_distances" type="constant" value="-1" />
		<parameter constant_type="double" name="homophily_strength" type="constant" value="0.63911110368" />
		<parameter constant_type="number" name="initial_pwid_count" type="constant" value="33520" />
		<parameter constant_type="double" name="interaction_home_cutoff" type="constant" value="1.66589769575" />
		<parameter constant_type="double" name="interaction_rate_constant" type="constant" value="0.0153656582042" />
		<parameter constant_type="double" name="interaction_rate_at_drug_sites" type="constant" value="0.000148837931042" />
		<parameter constant_type="double" name="interaction_rate_exzone" type="constant" value="0.0801158210633" />
		<parameter constant_type="double" name="mean_career_duration" type="constant" value="26.3536027503" />
        <parameter constant_type="double" name="mean_days_acute_naive" type="constant" value="123.587842571" />
		<parameter constant_type="double" name="mean_days_acute_rechallenged" type="constant" value="37.7890668408" />
		<parameter constant_type="double" name="mean_days_naive_to_infectious" type="constant" value="3.41364250623" />
		<parameter constant_type="double" name="mean_enrichment_ChicagoNonNEP" type="constant" value="0.505134310238" />
		<parameter constant_type="double" name="mean_enrichment_suburbs" type="constant" value="2.03854123042" />
		<parameter constant_type="double" name="mean_tie_lifetime" type="constant" value="538.851243529" />
		<parameter constant_type="double" name="net_inflow" type="constant" value="0.0" />
		<parameter constant_type="double" name="nonNEP_age_boost" type="constant" value="3.31459407634" />
		<parameter constant_type="double" name="nonNEP_age_started_boost" type="constant" value="2.11986418146" />
		<parameter constant_type="double" name="nonNEP_degree_boost" type="constant" value="0.325526157991" />
		<parameter constant_type="double" name="nonNEP_hcv_ab_boost" type="constant" value="0.00857959052371" />
		<parameter constant_type="double" name="nonNEP_injection_ratio" type="constant" value="0.871617837379" />
		<parameter constant_type="double" name="nonNEP_sharing_boost" type="constant" value="0.277158769617" />
		<parameter constant_type="string" name="output_directory" type="constant" value="output" />
		<parameter constant_type="double" name="prob_cessation" type="constant" value="0.275776513572" />
		<parameter constant_type="double" name="prob_infected_when_arrive" type="constant" value="0.0373575570062" />
		<parameter constant_type="double" name="prob_self_limiting_female" type="constant" value="0.375863381152" />
		<parameter constant_type="double" name="prob_self_limiting_male" type="constant" value="0.123075771956" />
		<parameter constant_type="double" name="prob_clearing" type="constant" value="0.753239149757" />
		<parameter constant_type="double" name="pwid_maturity_threshold" type="constant" value="5.09700878937" />
        <parameter comment="365*5 + 365 burnin" constant_type="number" name="run_length" shortvalue="4015" type="constant" value="4040" />
        <parameter constant_type="double" name="status_report_frequency" type="constant" value="365.0" />
        <parameter constant_type="double" name="transmissibility" type="constant" value="0.0429313092055" />
        <parameter constant_type="string" name="NEP_data" simulated_value="datagen/NEP_mock_2014.csv" type="constant" value="data/NEP_Risk_Base_Merge.csv" />
        <parameter constant_type="string" name="NHBS_data" simulated_value="datagen/NHBS_mock_2014.csv" type="constant" value="data/IDU2_HCV_model_012913_cleaned.csv" value2012="data/IDU3_2012-2014-04-17.csv" />
</sweep>