<sweep jobNum="212" runs="1">
		
		<parameter constant_type="double" name="ab_prob_acute" type="constant" value="0.02174864036" />
		<parameter constant_type="double" name="ab_prob_chronic" type="constant" value="0.66628142208" />
		<parameter constant_type="double" name="attrition_rate" type="constant" value="0.0751837155098" />
		<parameter constant_type="double" name="burn_in_days" type="constant" value="365.0" value_nob="0" />
		<parameter constant_type="number" name="dump_network_distances" type="constant" value="-1" />
		<parameter constant_type="double" name="homophily_strength" type="constant" value="0.729812214412" />
		<parameter constant_type="number" name="initial_pwid_count" type="constant" value="30823" />
		<parameter constant_type="double" name="interaction_home_cutoff" type="constant" value="2.52841230383" />
		<parameter constant_type="double" name="interaction_rate_constant" type="constant" value="0.0123053840634" />
		<parameter constant_type="double" name="interaction_rate_at_drug_sites" type="constant" value="0.000133239256569" />
		<parameter constant_type="double" name="interaction_rate_exzone" type="constant" value="0.0812336675516" />
		<parameter constant_type="double" name="mean_career_duration" type="constant" value="24.1978115972" />
        <parameter constant_type="double" name="mean_days_acute_naive" type="constant" value="97.9177147353" />
		<parameter constant_type="double" name="mean_days_acute_rechallenged" type="constant" value="35.7782468428" />
		<parameter constant_type="double" name="mean_days_naive_to_infectious" type="constant" value="3.26252395328" />
		<parameter constant_type="double" name="mean_enrichment_ChicagoNonNEP" type="constant" value="0.4650271928" />
		<parameter constant_type="double" name="mean_enrichment_suburbs" type="constant" value="2.09032952279" />
		<parameter constant_type="double" name="mean_tie_lifetime" type="constant" value="704.753721775" />
		<parameter constant_type="double" name="net_inflow" type="constant" value="0.0" />
		<parameter constant_type="double" name="nonNEP_age_boost" type="constant" value="4.34569364092" />
		<parameter constant_type="double" name="nonNEP_age_started_boost" type="constant" value="2.37908278823" />
		<parameter constant_type="double" name="nonNEP_degree_boost" type="constant" value="0.323084686851" />
		<parameter constant_type="double" name="nonNEP_hcv_ab_boost" type="constant" value="0.0145294428061" />
		<parameter constant_type="double" name="nonNEP_injection_ratio" type="constant" value="0.878745338085" />
		<parameter constant_type="double" name="nonNEP_sharing_boost" type="constant" value="0.344597289439" />
		<parameter constant_type="string" name="output_directory" type="constant" value="output" />
		<parameter constant_type="double" name="prob_cessation" type="constant" value="0.226506661612" />
		<parameter constant_type="double" name="prob_infected_when_arrive" type="constant" value="0.0341971187108" />
		<parameter constant_type="double" name="prob_self_limiting_female" type="constant" value="0.330689637463" />
		<parameter constant_type="double" name="prob_self_limiting_male" type="constant" value="0.113189494112" />
		<parameter constant_type="double" name="prob_clearing" type="constant" value="0.834248661489" />
		<parameter constant_type="double" name="pwid_maturity_threshold" type="constant" value="4.92582888781" />
        <parameter comment="365*5 + 365 burnin" constant_type="number" name="run_length" shortvalue="4015" type="constant" value="4040" />
        <parameter constant_type="double" name="status_report_frequency" type="constant" value="365.0" />
        <parameter constant_type="double" name="transmissibility" type="constant" value="0.028933910549" />
        <parameter constant_type="string" name="NEP_data" simulated_value="datagen/NEP_mock_2014.csv" type="constant" value="data/NEP_Risk_Base_Merge.csv" />
        <parameter constant_type="string" name="NHBS_data" simulated_value="datagen/NHBS_mock_2014.csv" type="constant" value="data/IDU2_HCV_model_012913_cleaned.csv" value2012="data/IDU3_2012-2014-04-17.csv" />
</sweep>