<sweep jobNum="262" runs="1">
		
		<parameter constant_type="double" name="ab_prob_acute" type="constant" value="0.013137161708" />
		<parameter constant_type="double" name="ab_prob_chronic" type="constant" value="0.550467514417" />
		<parameter constant_type="double" name="attrition_rate" type="constant" value="0.0112283797518" />
		<parameter constant_type="double" name="burn_in_days" type="constant" value="365.0" value_nob="0" />
		<parameter constant_type="number" name="dump_network_distances" type="constant" value="-1" />
		<parameter constant_type="double" name="homophily_strength" type="constant" value="0.703137804265" />
		<parameter constant_type="number" name="initial_pwid_count" type="constant" value="32632" />
		<parameter constant_type="double" name="interaction_home_cutoff" type="constant" value="2.74524431439" />
		<parameter constant_type="double" name="interaction_rate_constant" type="constant" value="0.0139591599843" />
		<parameter constant_type="double" name="interaction_rate_at_drug_sites" type="constant" value="9.84310978675e-05" />
		<parameter constant_type="double" name="interaction_rate_exzone" type="constant" value="0.0847705144945" />
		<parameter constant_type="double" name="mean_career_duration" type="constant" value="25.7617500254" />
        <parameter constant_type="double" name="mean_days_acute_naive" type="constant" value="92.1231991942" />
		<parameter constant_type="double" name="mean_days_acute_rechallenged" type="constant" value="25.1957994563" />
		<parameter constant_type="double" name="mean_days_naive_to_infectious" type="constant" value="2.98003410441" />
		<parameter constant_type="double" name="mean_enrichment_ChicagoNonNEP" type="constant" value="0.352452934907" />
		<parameter constant_type="double" name="mean_enrichment_suburbs" type="constant" value="1.71925011219" />
		<parameter constant_type="double" name="mean_tie_lifetime" type="constant" value="316.545591073" />
		<parameter constant_type="double" name="net_inflow" type="constant" value="0.0" />
		<parameter constant_type="double" name="nonNEP_age_boost" type="constant" value="3.4204179722" />
		<parameter constant_type="double" name="nonNEP_age_started_boost" type="constant" value="1.78280488799" />
		<parameter constant_type="double" name="nonNEP_degree_boost" type="constant" value="0.305062210012" />
		<parameter constant_type="double" name="nonNEP_hcv_ab_boost" type="constant" value="0.00639953326365" />
		<parameter constant_type="double" name="nonNEP_injection_ratio" type="constant" value="0.854999460443" />
		<parameter constant_type="double" name="nonNEP_sharing_boost" type="constant" value="0.413892948911" />
		<parameter constant_type="string" name="output_directory" type="constant" value="output" />
		<parameter constant_type="double" name="prob_cessation" type="constant" value="0.312577293036" />
		<parameter constant_type="double" name="prob_infected_when_arrive" type="constant" value="0.0101876513235" />
		<parameter constant_type="double" name="prob_self_limiting_female" type="constant" value="0.371549285016" />
		<parameter constant_type="double" name="prob_self_limiting_male" type="constant" value="0.128242492512" />
		<parameter constant_type="double" name="prob_clearing" type="constant" value="0.843435501348" />
		<parameter constant_type="double" name="pwid_maturity_threshold" type="constant" value="5.01711269664" />
        <parameter comment="365*5 + 365 burnin" constant_type="number" name="run_length" shortvalue="4015" type="constant" value="4040" />
        <parameter constant_type="double" name="status_report_frequency" type="constant" value="365.0" />
        <parameter constant_type="double" name="transmissibility" type="constant" value="0.0236823458817" />
        <parameter constant_type="string" name="NEP_data" simulated_value="datagen/NEP_mock_2014.csv" type="constant" value="data/NEP_Risk_Base_Merge.csv" />
        <parameter constant_type="string" name="NHBS_data" simulated_value="datagen/NHBS_mock_2014.csv" type="constant" value="data/IDU2_HCV_model_012913_cleaned.csv" value2012="data/IDU3_2012-2014-04-17.csv" />
</sweep>