<sweep jobNum="205" runs="1">
		
		<parameter constant_type="double" name="ab_prob_acute" type="constant" value="0.0238276737295" />
		<parameter constant_type="double" name="ab_prob_chronic" type="constant" value="0.715172448045" />
		<parameter constant_type="double" name="attrition_rate" type="constant" value="0.0401665229475" />
		<parameter constant_type="double" name="burn_in_days" type="constant" value="365.0" value_nob="0" />
		<parameter constant_type="number" name="dump_network_distances" type="constant" value="-1" />
		<parameter constant_type="double" name="homophily_strength" type="constant" value="0.637732104312" />
		<parameter constant_type="number" name="initial_pwid_count" type="constant" value="32501" />
		<parameter constant_type="double" name="interaction_home_cutoff" type="constant" value="2.14021002719" />
		<parameter constant_type="double" name="interaction_rate_constant" type="constant" value="0.0146715643287" />
		<parameter constant_type="double" name="interaction_rate_at_drug_sites" type="constant" value="7.86948923981e-05" />
		<parameter constant_type="double" name="interaction_rate_exzone" type="constant" value="0.080976456051" />
		<parameter constant_type="double" name="mean_career_duration" type="constant" value="30.0806648184" />
        <parameter constant_type="double" name="mean_days_acute_naive" type="constant" value="91.3474461991" />
		<parameter constant_type="double" name="mean_days_acute_rechallenged" type="constant" value="41.2957026277" />
		<parameter constant_type="double" name="mean_days_naive_to_infectious" type="constant" value="2.4976456051" />
		<parameter constant_type="double" name="mean_enrichment_ChicagoNonNEP" type="constant" value="0.560818169962" />
		<parameter constant_type="double" name="mean_enrichment_suburbs" type="constant" value="1.91546255358" />
		<parameter constant_type="double" name="mean_tie_lifetime" type="constant" value="685.505426336" />
		<parameter constant_type="double" name="net_inflow" type="constant" value="0.0" />
		<parameter constant_type="double" name="nonNEP_age_boost" type="constant" value="2.98716547752" />
		<parameter constant_type="double" name="nonNEP_age_started_boost" type="constant" value="0.877181834894" />
		<parameter constant_type="double" name="nonNEP_degree_boost" type="constant" value="0.29218648075" />
		<parameter constant_type="double" name="nonNEP_hcv_ab_boost" type="constant" value="0.0102506702332" />
		<parameter constant_type="double" name="nonNEP_injection_ratio" type="constant" value="0.825527332898" />
		<parameter constant_type="double" name="nonNEP_sharing_boost" type="constant" value="0.393658839373" />
		<parameter constant_type="string" name="output_directory" type="constant" value="output" />
		<parameter constant_type="double" name="prob_cessation" type="constant" value="0.28939619244" />
		<parameter constant_type="double" name="prob_infected_when_arrive" type="constant" value="0.0204905869813" />
		<parameter constant_type="double" name="prob_self_limiting_female" type="constant" value="0.356324474096" />
		<parameter constant_type="double" name="prob_self_limiting_male" type="constant" value="0.120222300153" />
		<parameter constant_type="double" name="prob_clearing" type="constant" value="0.925279556103" />
		<parameter constant_type="double" name="pwid_maturity_threshold" type="constant" value="4.24672635292" />
        <parameter comment="365*5 + 365 burnin" constant_type="number" name="run_length" shortvalue="4015" type="constant" value="4040" />
        <parameter constant_type="double" name="status_report_frequency" type="constant" value="365.0" />
        <parameter constant_type="double" name="transmissibility" type="constant" value="0.0109888396602" />
        <parameter constant_type="string" name="NEP_data" simulated_value="datagen/NEP_mock_2014.csv" type="constant" value="data/NEP_Risk_Base_Merge.csv" />
        <parameter constant_type="string" name="NHBS_data" simulated_value="datagen/NHBS_mock_2014.csv" type="constant" value="data/IDU2_HCV_model_012913_cleaned.csv" value2012="data/IDU3_2012-2014-04-17.csv" />
</sweep>