<sweep jobNum="135" runs="1">
		
		<parameter constant_type="double" name="ab_prob_acute" type="constant" value="0.0184248661489" />
		<parameter constant_type="double" name="ab_prob_chronic" type="constant" value="0.59791019566" />
		<parameter constant_type="double" name="attrition_rate" type="constant" value="0.0188650103458" />
		<parameter constant_type="double" name="burn_in_days" type="constant" value="365.0" value_nob="0" />
		<parameter constant_type="number" name="dump_network_distances" type="constant" value="-1" />
		<parameter constant_type="double" name="homophily_strength" type="constant" value="0.674926635607" />
		<parameter constant_type="number" name="initial_pwid_count" type="constant" value="32407" />
		<parameter constant_type="double" name="interaction_home_cutoff" type="constant" value="1.50410644851" />
		<parameter constant_type="double" name="interaction_rate_constant" type="constant" value="0.0137033957623" />
		<parameter constant_type="double" name="interaction_rate_at_drug_sites" type="constant" value="0.000107875669256" />
		<parameter constant_type="double" name="interaction_rate_exzone" type="constant" value="0.0873445181272" />
		<parameter constant_type="double" name="mean_career_duration" type="constant" value="30.0185763147" />
        <parameter constant_type="double" name="mean_days_acute_naive" type="constant" value="109.006966203" />
		<parameter constant_type="double" name="mean_days_acute_rechallenged" type="constant" value="24.3868190886" />
		<parameter constant_type="double" name="mean_days_naive_to_infectious" type="constant" value="2.90574192875" />
		<parameter constant_type="double" name="mean_enrichment_ChicagoNonNEP" type="constant" value="0.554870174213" />
		<parameter constant_type="double" name="mean_enrichment_suburbs" type="constant" value="1.76805449387" />
		<parameter constant_type="double" name="mean_tie_lifetime" type="constant" value="864.545534593" />
		<parameter constant_type="double" name="net_inflow" type="constant" value="0.0" />
		<parameter constant_type="double" name="nonNEP_age_boost" type="constant" value="4.21037646885" />
		<parameter constant_type="double" name="nonNEP_age_started_boost" type="constant" value="1.26137169705" />
		<parameter constant_type="double" name="nonNEP_degree_boost" type="constant" value="0.30935206347" />
		<parameter constant_type="double" name="nonNEP_hcv_ab_boost" type="constant" value="0.00330169719886" />
		<parameter constant_type="double" name="nonNEP_injection_ratio" type="constant" value="0.863126197664" />
		<parameter constant_type="double" name="nonNEP_sharing_boost" type="constant" value="0.240287090605" />
		<parameter constant_type="string" name="output_directory" type="constant" value="output" />
		<parameter constant_type="double" name="prob_cessation" type="constant" value="0.274524541183" />
		<parameter constant_type="double" name="prob_infected_when_arrive" type="constant" value="0.0872716062794" />
		<parameter constant_type="double" name="prob_self_limiting_female" type="constant" value="0.338581609803" />
		<parameter constant_type="double" name="prob_self_limiting_male" type="constant" value="0.134236411299" />
		<parameter constant_type="double" name="prob_clearing" type="constant" value="0.947675862085" />
		<parameter constant_type="double" name="pwid_maturity_threshold" type="constant" value="5.56055729627" />
        <parameter comment="365*5 + 365 burnin" constant_type="number" name="run_length" shortvalue="4015" type="constant" value="4040" />
        <parameter constant_type="double" name="status_report_frequency" type="constant" value="365.0" />
        <parameter constant_type="double" name="transmissibility" type="constant" value="0.0179795777178" />
        <parameter constant_type="string" name="NEP_data" simulated_value="datagen/NEP_mock_2014.csv" type="constant" value="data/NEP_Risk_Base_Merge.csv" />
        <parameter constant_type="string" name="NHBS_data" simulated_value="datagen/NHBS_mock_2014.csv" type="constant" value="data/IDU2_HCV_model_012913_cleaned.csv" value2012="data/IDU3_2012-2014-04-17.csv" />
</sweep>