<sweep jobNum="234" runs="1">
		
		<parameter constant_type="double" name="ab_prob_acute" type="constant" value="0.0185402710561" />
		<parameter constant_type="double" name="ab_prob_chronic" type="constant" value="0.678269554942" />
		<parameter constant_type="double" name="attrition_rate" type="constant" value="0.0596944263634" />
		<parameter constant_type="double" name="burn_in_days" type="constant" value="365.0" value_nob="0" />
		<parameter constant_type="number" name="dump_network_distances" type="constant" value="-1" />
		<parameter constant_type="double" name="homophily_strength" type="constant" value="0.777571211535" />
		<parameter constant_type="number" name="initial_pwid_count" type="constant" value="32560" />
		<parameter constant_type="double" name="interaction_home_cutoff" type="constant" value="2.15751338511" />
		<parameter constant_type="double" name="interaction_rate_constant" type="constant" value="0.0192891578103" />
		<parameter constant_type="double" name="interaction_rate_at_drug_sites" type="constant" value="0.000113717543553" />
		<parameter constant_type="double" name="interaction_rate_exzone" type="constant" value="0.0945526157991" />
		<parameter constant_type="double" name="mean_career_duration" type="constant" value="13.4508177625" />
        <parameter constant_type="double" name="mean_days_acute_naive" type="constant" value="97.3384967882" />
		<parameter constant_type="double" name="mean_days_acute_rechallenged" type="constant" value="40.177779264" />
		<parameter constant_type="double" name="mean_days_naive_to_infectious" type="constant" value="3.37052039704" />
		<parameter constant_type="double" name="mean_enrichment_ChicagoNonNEP" type="constant" value="0.423446525409" />
		<parameter constant_type="double" name="mean_enrichment_suburbs" type="constant" value="2.30101865408" />
		<parameter constant_type="double" name="mean_tie_lifetime" type="constant" value="841.917323138" />
		<parameter constant_type="double" name="net_inflow" type="constant" value="0.0" />
		<parameter constant_type="double" name="nonNEP_age_boost" type="constant" value="4.08426088255" />
		<parameter constant_type="double" name="nonNEP_age_started_boost" type="constant" value="1.11158210633" />
		<parameter constant_type="double" name="nonNEP_degree_boost" type="constant" value="0.142324137915" />
		<parameter constant_type="double" name="nonNEP_hcv_ab_boost" type="constant" value="0.015705498932" />
		<parameter constant_type="double" name="nonNEP_injection_ratio" type="constant" value="0.865803053742" />
		<parameter constant_type="double" name="nonNEP_sharing_boost" type="constant" value="0.418863123456" />
		<parameter constant_type="string" name="output_directory" type="constant" value="output" />
		<parameter constant_type="double" name="prob_cessation" type="constant" value="0.173081495101" />
		<parameter constant_type="double" name="prob_infected_when_arrive" type="constant" value="0.0655564936855" />
		<parameter constant_type="double" name="prob_self_limiting_female" type="constant" value="0.398248643794" />
		<parameter constant_type="double" name="prob_self_limiting_male" type="constant" value="0.136912981059" />
		<parameter constant_type="double" name="prob_clearing" type="constant" value="0.811723262705" />
		<parameter constant_type="double" name="pwid_maturity_threshold" type="constant" value="6.71052315982" />
        <parameter comment="365*5 + 365 burnin" constant_type="number" name="run_length" shortvalue="4015" type="constant" value="4040" />
        <parameter constant_type="double" name="status_report_frequency" type="constant" value="365.0" />
        <parameter constant_type="double" name="transmissibility" type="constant" value="0.0351140245646" />
        <parameter constant_type="string" name="NEP_data" simulated_value="datagen/NEP_mock_2014.csv" type="constant" value="data/NEP_Risk_Base_Merge.csv" />
        <parameter constant_type="string" name="NHBS_data" simulated_value="datagen/NHBS_mock_2014.csv" type="constant" value="data/IDU2_HCV_model_012913_cleaned.csv" value2012="data/IDU3_2012-2014-04-17.csv" />
</sweep>