<sweep jobNum="25" runs="1">
		
		<parameter constant_type="double" name="ab_prob_acute" type="constant" value="0.0188279689033" />
		<parameter constant_type="double" name="ab_prob_chronic" type="constant" value="0.658945515896" />
		<parameter constant_type="double" name="attrition_rate" type="constant" value="0.0507941926317" />
		<parameter constant_type="double" name="burn_in_days" type="constant" value="365.0" value_nob="0" />
		<parameter constant_type="number" name="dump_network_distances" type="constant" value="-1" />
		<parameter constant_type="double" name="homophily_strength" type="constant" value="0.728621629026" />
		<parameter constant_type="number" name="initial_pwid_count" type="constant" value="30289" />
		<parameter constant_type="double" name="interaction_home_cutoff" type="constant" value="1.94578390656" />
		<parameter constant_type="double" name="interaction_rate_constant" type="constant" value="0.0134058595145" />
		<parameter constant_type="double" name="interaction_rate_at_drug_sites" type="constant" value="7.42330196279e-05" />
		<parameter constant_type="double" name="interaction_rate_exzone" type="constant" value="0.0850001079113" />
		<parameter constant_type="double" name="mean_career_duration" type="constant" value="18.9507573826" />
        <parameter constant_type="double" name="mean_days_acute_naive" type="constant" value="122.771171713" />
		<parameter constant_type="double" name="mean_days_acute_rechallenged" type="constant" value="24.7341717882" />
		<parameter constant_type="double" name="mean_days_naive_to_infectious" type="constant" value="2.14473842009" />
		<parameter constant_type="double" name="mean_enrichment_ChicagoNonNEP" type="constant" value="0.343311641212" />
		<parameter constant_type="double" name="mean_enrichment_suburbs" type="constant" value="1.76487370778" />
		<parameter constant_type="double" name="mean_tie_lifetime" type="constant" value="649.343046621" />
		<parameter constant_type="double" name="net_inflow" type="constant" value="0.0" />
		<parameter constant_type="double" name="nonNEP_age_boost" type="constant" value="3.81236390381" />
		<parameter constant_type="double" name="nonNEP_age_started_boost" type="constant" value="1.65149560531" />
		<parameter constant_type="double" name="nonNEP_degree_boost" type="constant" value="0.281986418146" />
		<parameter constant_type="double" name="nonNEP_hcv_ab_boost" type="constant" value="0.0109334478237" />
		<parameter constant_type="double" name="nonNEP_injection_ratio" type="constant" value="0.866103155273" />
		<parameter constant_type="double" name="nonNEP_sharing_boost" type="constant" value="0.329714791483" />
		<parameter constant_type="string" name="output_directory" type="constant" value="output" />
		<parameter constant_type="double" name="prob_cessation" type="constant" value="0.223075578508" />
		<parameter constant_type="double" name="prob_infected_when_arrive" type="constant" value="0.03195105361" />
		<parameter constant_type="double" name="prob_self_limiting_female" type="constant" value="0.327678038436" />
		<parameter constant_type="double" name="prob_self_limiting_male" type="constant" value="0.13138523855" />
		<parameter constant_type="double" name="prob_clearing" type="constant" value="0.75414613121" />
		<parameter constant_type="double" name="pwid_maturity_threshold" type="constant" value="4.61546501383" />
        <parameter comment="365*5 + 365 burnin" constant_type="number" name="run_length" shortvalue="4015" type="constant" value="4040" />
        <parameter constant_type="double" name="status_report_frequency" type="constant" value="365.0" />
        <parameter constant_type="double" name="transmissibility" type="constant" value="0.0432362091591" />
        <parameter constant_type="string" name="NEP_data" simulated_value="datagen/NEP_mock_2014.csv" type="constant" value="data/NEP_Risk_Base_Merge.csv" />
        <parameter constant_type="string" name="NHBS_data" simulated_value="datagen/NHBS_mock_2014.csv" type="constant" value="data/IDU2_HCV_model_012913_cleaned.csv" value2012="data/IDU3_2012-2014-04-17.csv" />
</sweep>