<sweep jobNum="207" runs="1">
		
		<parameter constant_type="double" name="ab_prob_acute" type="constant" value="0.0258164905501" />
		<parameter constant_type="double" name="ab_prob_chronic" type="constant" value="0.734233234495" />
		<parameter constant_type="double" name="attrition_rate" type="constant" value="0.0245040624843" />
		<parameter constant_type="double" name="burn_in_days" type="constant" value="365.0" value_nob="0" />
		<parameter constant_type="number" name="dump_network_distances" type="constant" value="-1" />
		<parameter constant_type="double" name="homophily_strength" type="constant" value="0.741364250623" />
		<parameter constant_type="number" name="initial_pwid_count" type="constant" value="32199" />
		<parameter constant_type="double" name="interaction_home_cutoff" type="constant" value="1.41835094499" />
		<parameter constant_type="double" name="interaction_rate_constant" type="constant" value="0.0160855653394" />
		<parameter constant_type="double" name="interaction_rate_at_drug_sites" type="constant" value="7.02393099933e-05" />
		<parameter constant_type="double" name="interaction_rate_exzone" type="constant" value="0.0889812214412" />
		<parameter constant_type="double" name="mean_career_duration" type="constant" value="33.2743830718" />
        <parameter constant_type="double" name="mean_days_acute_naive" type="constant" value="111.722808553" />
		<parameter constant_type="double" name="mean_days_acute_rechallenged" type="constant" value="28.3993179118" />
		<parameter constant_type="double" name="mean_days_naive_to_infectious" type="constant" value="3.99530871691" />
		<parameter constant_type="double" name="mean_enrichment_ChicagoNonNEP" type="constant" value="0.649048862877" />
		<parameter constant_type="double" name="mean_enrichment_suburbs" type="constant" value="1.9871642244" />
		<parameter constant_type="double" name="mean_tie_lifetime" type="constant" value="632.264231668" />
		<parameter constant_type="double" name="net_inflow" type="constant" value="0.0" />
		<parameter constant_type="double" name="nonNEP_age_boost" type="constant" value="2.3041634816" />
		<parameter constant_type="double" name="nonNEP_age_started_boost" type="constant" value="1.1976456051" />
		<parameter constant_type="double" name="nonNEP_degree_boost" type="constant" value="0.18781351925" />
		<parameter constant_type="double" name="nonNEP_hcv_ab_boost" type="constant" value="0.00234890462177" />
		<parameter constant_type="double" name="nonNEP_injection_ratio" type="constant" value="0.816760743431" />
		<parameter constant_type="double" name="nonNEP_sharing_boost" type="constant" value="0.341720310967" />
		<parameter constant_type="string" name="output_directory" type="constant" value="output" />
		<parameter constant_type="double" name="prob_cessation" type="constant" value="0.293479538288" />
		<parameter constant_type="double" name="prob_infected_when_arrive" type="constant" value="0.0466878044805" />
		<parameter constant_type="double" name="prob_self_limiting_female" type="constant" value="0.377930012703" />
		<parameter constant_type="double" name="prob_self_limiting_male" type="constant" value="0.130866951228" />
		<parameter constant_type="double" name="prob_clearing" type="constant" value="0.865174061357" />
		<parameter constant_type="double" name="pwid_maturity_threshold" type="constant" value="4.90299121063" />
        <parameter comment="365*5 + 365 burnin" constant_type="number" name="run_length" shortvalue="4015" type="constant" value="4040" />
        <parameter constant_type="double" name="status_report_frequency" type="constant" value="365.0" />
        <parameter constant_type="double" name="transmissibility" type="constant" value="0.0194289641464" />
        <parameter constant_type="string" name="NEP_data" simulated_value="datagen/NEP_mock_2014.csv" type="constant" value="data/NEP_Risk_Base_Merge.csv" />
        <parameter constant_type="string" name="NHBS_data" simulated_value="datagen/NHBS_mock_2014.csv" type="constant" value="data/IDU2_HCV_model_012913_cleaned.csv" value2012="data/IDU3_2012-2014-04-17.csv" />
</sweep>