<sweep jobNum="3" runs="1">
		
		<parameter constant_type="double" name="ab_prob_acute" type="constant" value="0.0121655820606" />
		<parameter constant_type="double" name="ab_prob_chronic" type="constant" value="0.698477213341" />
		<parameter constant_type="double" name="attrition_rate" type="constant" value="0.0762298268913" />
		<parameter constant_type="double" name="burn_in_days" type="constant" value="365.0" value_nob="0" />
		<parameter constant_type="number" name="dump_network_distances" type="constant" value="-1" />
		<parameter constant_type="double" name="homophily_strength" type="constant" value="0.725662433935" />
		<parameter constant_type="number" name="initial_pwid_count" type="constant" value="31391" />
		<parameter constant_type="double" name="interaction_home_cutoff" type="constant" value="1.84248661489" />
		<parameter constant_type="double" name="interaction_rate_constant" type="constant" value="0.012469492638" />
		<parameter constant_type="double" name="interaction_rate_at_drug_sites" type="constant" value="0.000133595839512" />
		<parameter constant_type="double" name="interaction_rate_exzone" type="constant" value="0.0903235674759" />
		<parameter constant_type="double" name="mean_career_duration" type="constant" value="29.3348059818" />
        <parameter constant_type="double" name="mean_days_acute_naive" type="constant" value="104.356451781" />
		<parameter constant_type="double" name="mean_days_acute_rechallenged" type="constant" value="8.46482758302" />
		<parameter constant_type="double" name="mean_days_naive_to_infectious" type="constant" value="2.24720443897" />
		<parameter constant_type="double" name="mean_enrichment_ChicagoNonNEP" type="constant" value="0.416027163709" />
		<parameter constant_type="double" name="mean_enrichment_suburbs" type="constant" value="1.70579105316" />
		<parameter constant_type="double" name="mean_tie_lifetime" type="constant" value="471.989504449" />
		<parameter constant_type="double" name="net_inflow" type="constant" value="0.0" />
		<parameter constant_type="double" name="nonNEP_age_boost" type="constant" value="2.8500161867" />
		<parameter constant_type="double" name="nonNEP_age_started_boost" type="constant" value="2.3862838292" />
		<parameter constant_type="double" name="nonNEP_degree_boost" type="constant" value="0.272206310546" />
		<parameter constant_type="double" name="nonNEP_hcv_ab_boost" type="constant" value="0.00601698806659" />
		<parameter constant_type="double" name="nonNEP_injection_ratio" type="constant" value="0.845000539557" />
		<parameter constant_type="double" name="nonNEP_sharing_boost" type="constant" value="0.397191679025" />
		<parameter constant_type="string" name="output_directory" type="constant" value="output" />
		<parameter constant_type="double" name="prob_cessation" type="constant" value="0.252895927154" />
		<parameter constant_type="double" name="prob_infected_when_arrive" type="constant" value="0.051255121706" />
		<parameter constant_type="double" name="prob_self_limiting_female" type="constant" value="0.365868260027" />
		<parameter constant_type="double" name="prob_self_limiting_male" type="constant" value="0.116187066146" />
		<parameter constant_type="double" name="prob_clearing" type="constant" value="0.845149560531" />
		<parameter constant_type="double" name="pwid_maturity_threshold" type="constant" value="5.83972836291" />
        <parameter comment="365*5 + 365 burnin" constant_type="number" name="run_length" shortvalue="4015" type="constant" value="4040" />
        <parameter constant_type="double" name="status_report_frequency" type="constant" value="365.0" />
        <parameter constant_type="double" name="transmissibility" type="constant" value="0.0233108642978" />
        <parameter constant_type="string" name="NEP_data" simulated_value="datagen/NEP_mock_2014.csv" type="constant" value="data/NEP_Risk_Base_Merge.csv" />
        <parameter constant_type="string" name="NHBS_data" simulated_value="datagen/NHBS_mock_2014.csv" type="constant" value="data/IDU2_HCV_model_012913_cleaned.csv" value2012="data/IDU3_2012-2014-04-17.csv" />
</sweep>