<sweep jobNum="45" runs="1">
		
		<parameter constant_type="double" name="ab_prob_acute" type="constant" value="0.0144516590875" />
		<parameter constant_type="double" name="ab_prob_chronic" type="constant" value="0.589078728228" />
		<parameter constant_type="double" name="attrition_rate" type="constant" value="0.0172611531795" />
		<parameter constant_type="double" name="burn_in_days" type="constant" value="365.0" value_nob="0" />
		<parameter constant_type="number" name="dump_network_distances" type="constant" value="-1" />
		<parameter constant_type="double" name="homophily_strength" type="constant" value="0.711146153511" />
		<parameter constant_type="number" name="initial_pwid_count" type="constant" value="31822" />
		<parameter constant_type="double" name="interaction_home_cutoff" type="constant" value="1.2009565101" />
		<parameter constant_type="double" name="interaction_rate_constant" type="constant" value="0.0214859338826" />
		<parameter constant_type="double" name="interaction_rate_at_drug_sites" type="constant" value="0.000149765435846" />
		<parameter constant_type="double" name="interaction_rate_exzone" type="constant" value="0.0880390190865" />
		<parameter constant_type="double" name="mean_career_duration" type="constant" value="33.9819440908" />
        <parameter constant_type="double" name="mean_days_acute_naive" type="constant" value="103.784063919" />
		<parameter constant_type="double" name="mean_days_acute_rechallenged" type="constant" value="18.7221797546" />
		<parameter constant_type="double" name="mean_days_naive_to_infectious" type="constant" value="2.29920605542" />
		<parameter constant_type="double" name="mean_enrichment_ChicagoNonNEP" type="constant" value="0.671052315982" />
		<parameter constant_type="double" name="mean_enrichment_suburbs" type="constant" value="2.179164373" />
		<parameter constant_type="double" name="mean_tie_lifetime" type="constant" value="668.212967893" />
		<parameter constant_type="double" name="net_inflow" type="constant" value="0.0" />
		<parameter constant_type="double" name="nonNEP_age_boost" type="constant" value="1.75372969723" />
		<parameter constant_type="double" name="nonNEP_age_started_boost" type="constant" value="1.27389784796" />
		<parameter constant_type="double" name="nonNEP_degree_boost" type="constant" value="0.258065904557" />
		<parameter constant_type="double" name="nonNEP_hcv_ab_boost" type="constant" value="0.0185961369771" />
		<parameter constant_type="double" name="nonNEP_injection_ratio" type="constant" value="0.894856454697" />
		<parameter constant_type="double" name="nonNEP_sharing_boost" type="constant" value="0.350972938423" />
		<parameter constant_type="string" name="output_directory" type="constant" value="output" />
		<parameter constant_type="double" name="prob_cessation" type="constant" value="0.1447276231" />
		<parameter constant_type="double" name="prob_infected_when_arrive" type="constant" value="0.0301642579404" />
		<parameter constant_type="double" name="prob_self_limiting_female" type="constant" value="0.353433243555" />
		<parameter constant_type="double" name="prob_self_limiting_male" type="constant" value="0.110661356684" />
		<parameter constant_type="double" name="prob_clearing" type="constant" value="0.760287090605" />
		<parameter constant_type="double" name="pwid_maturity_threshold" type="constant" value="4.88014087705" />
        <parameter comment="365*5 + 365 burnin" constant_type="number" name="run_length" shortvalue="4015" type="constant" value="4040" />
        <parameter constant_type="double" name="status_report_frequency" type="constant" value="365.0" />
        <parameter constant_type="double" name="transmissibility" type="constant" value="0.00642223913177" />
        <parameter constant_type="string" name="NEP_data" simulated_value="datagen/NEP_mock_2014.csv" type="constant" value="data/NEP_Risk_Base_Merge.csv" />
        <parameter constant_type="string" name="NHBS_data" simulated_value="datagen/NHBS_mock_2014.csv" type="constant" value="data/IDU2_HCV_model_012913_cleaned.csv" value2012="data/IDU3_2012-2014-04-17.csv" />
</sweep>