<sweep jobNum="86" runs="1">
		
		<parameter constant_type="double" name="ab_prob_acute" type="constant" value="0.0294063152807" />
		<parameter constant_type="double" name="ab_prob_chronic" type="constant" value="0.570044660091" />
		<parameter constant_type="double" name="attrition_rate" type="constant" value="0.071840802077" />
		<parameter constant_type="double" name="burn_in_days" type="constant" value="365.0" value_nob="0" />
		<parameter constant_type="number" name="dump_network_distances" type="constant" value="-1" />
		<parameter constant_type="double" name="homophily_strength" type="constant" value="0.6825135964" />
		<parameter constant_type="number" name="initial_pwid_count" type="constant" value="31427" />
		<parameter constant_type="double" name="interaction_home_cutoff" type="constant" value="1.73156728128" />
		<parameter constant_type="double" name="interaction_rate_constant" type="constant" value="0.0178245450989" />
		<parameter constant_type="double" name="interaction_rate_at_drug_sites" type="constant" value="7.12546619151e-05" />
		<parameter constant_type="double" name="interaction_rate_exzone" type="constant" value="0.0760469128309" />
		<parameter constant_type="double" name="mean_career_duration" type="constant" value="27.0010534823" />
        <parameter constant_type="double" name="mean_days_acute_naive" type="constant" value="110.352557606" />
		<parameter constant_type="double" name="mean_days_acute_rechallenged" type="constant" value="26.8014087705" />
		<parameter constant_type="double" name="mean_days_naive_to_infectious" type="constant" value="2.92863744325" />
		<parameter constant_type="double" name="mean_enrichment_ChicagoNonNEP" type="constant" value="0.51427251135" />
		<parameter constant_type="double" name="mean_enrichment_suburbs" type="constant" value="1.85986067593" />
		<parameter constant_type="double" name="mean_tie_lifetime" type="constant" value="652.765426937" />
		<parameter constant_type="double" name="net_inflow" type="constant" value="0.0" />
		<parameter constant_type="double" name="nonNEP_age_boost" type="constant" value="3.13279504198" />
		<parameter constant_type="double" name="nonNEP_age_started_boost" type="constant" value="0.893082354098" />
		<parameter constant_type="double" name="nonNEP_degree_boost" type="constant" value="0.23857391101" />
		<parameter constant_type="double" name="nonNEP_hcv_ab_boost" type="constant" value="0.0148335789299" />
		<parameter constant_type="double" name="nonNEP_injection_ratio" type="constant" value="0.836873802336" />
		<parameter constant_type="double" name="nonNEP_sharing_boost" type="constant" value="0.271158210633" />
		<parameter constant_type="string" name="output_directory" type="constant" value="output" />
		<parameter constant_type="double" name="prob_cessation" type="constant" value="0.196702877642" />
		<parameter constant_type="double" name="prob_infected_when_arrive" type="constant" value="0.071663037435" />
		<parameter constant_type="double" name="prob_self_limiting_female" type="constant" value="0.325530310668" />
		<parameter constant_type="double" name="prob_self_limiting_male" type="constant" value="0.118621148023" />
		<parameter constant_type="double" name="prob_clearing" type="constant" value="0.864597289439" />
		<parameter constant_type="double" name="pwid_maturity_threshold" type="constant" value="5.72883560148" />
        <parameter comment="365*5 + 365 burnin" constant_type="number" name="run_length" shortvalue="4015" type="constant" value="4040" />
        <parameter constant_type="double" name="status_report_frequency" type="constant" value="365.0" />
        <parameter constant_type="double" name="transmissibility" type="constant" value="0.0139042843522" />
        <parameter constant_type="string" name="NEP_data" simulated_value="datagen/NEP_mock_2014.csv" type="constant" value="data/NEP_Risk_Base_Merge.csv" />
        <parameter constant_type="string" name="NHBS_data" simulated_value="datagen/NHBS_mock_2014.csv" type="constant" value="data/IDU2_HCV_model_012913_cleaned.csv" value2012="data/IDU3_2012-2014-04-17.csv" />
</sweep>