<sweep jobNum="106" runs="1">
		
		<parameter constant_type="double" name="ab_prob_acute" type="constant" value="0.01825135964" />
		<parameter constant_type="double" name="ab_prob_chronic" type="constant" value="0.683615538563" />
		<parameter constant_type="double" name="attrition_rate" type="constant" value="0.0328529080588" />
		<parameter constant_type="double" name="burn_in_days" type="constant" value="365.0" value_nob="0" />
		<parameter constant_type="number" name="dump_network_distances" type="constant" value="-1" />
		<parameter constant_type="double" name="homophily_strength" type="constant" value="0.743235674759" />
		<parameter constant_type="number" name="initial_pwid_count" type="constant" value="32877" />
		<parameter constant_type="double" name="interaction_home_cutoff" type="constant" value="1.34937789988" />
		<parameter constant_type="double" name="interaction_rate_constant" type="constant" value="0.0218056510146" />
		<parameter constant_type="double" name="interaction_rate_at_drug_sites" type="constant" value="6.4227343369e-05" />
		<parameter constant_type="double" name="interaction_rate_exzone" type="constant" value="0.0797038155156" />
		<parameter constant_type="double" name="mean_career_duration" type="constant" value="23.0521037349" />
        <parameter constant_type="double" name="mean_days_acute_naive" type="constant" value="85.5578218799" />
		<parameter constant_type="double" name="mean_days_acute_rechallenged" type="constant" value="22.3944270373" />
		<parameter constant_type="double" name="mean_days_naive_to_infectious" type="constant" value="2.73747604672" />
		<parameter constant_type="double" name="mean_enrichment_ChicagoNonNEP" type="constant" value="0.568028000522" />
		<parameter constant_type="double" name="mean_enrichment_suburbs" type="constant" value="1.95859755601" />
		<parameter constant_type="double" name="mean_tie_lifetime" type="constant" value="464.125791025" />
		<parameter constant_type="double" name="net_inflow" type="constant" value="0.0" />
		<parameter constant_type="double" name="nonNEP_age_boost" type="constant" value="3.75353159234" />
		<parameter constant_type="double" name="nonNEP_age_started_boost" type="constant" value="1.69714791483" />
		<parameter constant_type="double" name="nonNEP_degree_boost" type="constant" value="0.213747604672" />
		<parameter constant_type="double" name="nonNEP_hcv_ab_boost" type="constant" value="0.0110471280611" />
		<parameter constant_type="double" name="nonNEP_injection_ratio" type="constant" value="0.809654117705" />
		<parameter constant_type="double" name="nonNEP_sharing_boost" type="constant" value="0.270478619987" />
		<parameter constant_type="string" name="output_directory" type="constant" value="output" />
		<parameter constant_type="double" name="prob_cessation" type="constant" value="0.136050110921" />
		<parameter constant_type="double" name="prob_infected_when_arrive" type="constant" value="0.0626424429938" />
		<parameter constant_type="double" name="prob_self_limiting_female" type="constant" value="0.316154175921" />
		<parameter constant_type="double" name="prob_self_limiting_male" type="constant" value="0.128731524179" />
		<parameter constant_type="double" name="prob_clearing" type="constant" value="0.914358940283" />
		<parameter constant_type="double" name="pwid_maturity_threshold" type="constant" value="6.1498135234" />
        <parameter comment="365*5 + 365 burnin" constant_type="number" name="run_length" shortvalue="4015" type="constant" value="4040" />
        <parameter constant_type="double" name="status_report_frequency" type="constant" value="365.0" />
        <parameter constant_type="double" name="transmissibility" type="constant" value="0.0455649270333" />
        <parameter constant_type="string" name="NEP_data" simulated_value="datagen/NEP_mock_2014.csv" type="constant" value="data/NEP_Risk_Base_Merge.csv" />
        <parameter constant_type="string" name="NHBS_data" simulated_value="datagen/NHBS_mock_2014.csv" type="constant" value="data/IDU2_HCV_model_012913_cleaned.csv" value2012="data/IDU3_2012-2014-04-17.csv" />
</sweep>