<sweep jobNum="222" runs="1">
		
		<parameter constant_type="double" name="ab_prob_acute" type="constant" value="0.0123961002078" />
		<parameter constant_type="double" name="ab_prob_chronic" type="constant" value="0.566334800475" />
		<parameter constant_type="double" name="attrition_rate" type="constant" value="0.0287339435814" />
		<parameter constant_type="double" name="burn_in_days" type="constant" value="365.0" value_nob="0" />
		<parameter constant_type="number" name="dump_network_distances" type="constant" value="-1" />
		<parameter constant_type="double" name="homophily_strength" type="constant" value="0.663558219926" />
		<parameter constant_type="number" name="initial_pwid_count" type="constant" value="31650" />
		<parameter constant_type="double" name="interaction_home_cutoff" type="constant" value="2.43235674759" />
		<parameter constant_type="double" name="interaction_rate_constant" type="constant" value="0.0121804696376" />
		<parameter constant_type="double" name="interaction_rate_at_drug_sites" type="constant" value="6.4960302771e-05" />
		<parameter constant_type="double" name="interaction_rate_exzone" type="constant" value="0.094069176459" />
		<parameter constant_type="double" name="mean_career_duration" type="constant" value="20.37741594" />
        <parameter constant_type="double" name="mean_days_acute_naive" type="constant" value="97.1933126729" />
		<parameter constant_type="double" name="mean_days_acute_rechallenged" type="constant" value="10.0574181211" />
		<parameter constant_type="double" name="mean_days_naive_to_infectious" type="constant" value="3.35832874599" />
		<parameter constant_type="double" name="mean_enrichment_ChicagoNonNEP" type="constant" value="0.468497322978" />
		<parameter constant_type="double" name="mean_enrichment_suburbs" type="constant" value="1.68866052156" />
		<parameter constant_type="double" name="mean_tie_lifetime" type="constant" value="683.768481464" />
		<parameter constant_type="double" name="net_inflow" type="constant" value="0.0" />
		<parameter constant_type="double" name="nonNEP_age_boost" type="constant" value="1.9705742562" />
		<parameter constant_type="double" name="nonNEP_age_started_boost" type="constant" value="2.17663324484" />
		<parameter constant_type="double" name="nonNEP_degree_boost" type="constant" value="0.316802850853" />
		<parameter constant_type="double" name="nonNEP_hcv_ab_boost" type="constant" value="0.017018724838" />
		<parameter constant_type="double" name="nonNEP_injection_ratio" type="constant" value="0.872561182988" />
		<parameter constant_type="double" name="nonNEP_sharing_boost" type="constant" value="0.280410644851" />
		<parameter constant_type="string" name="output_directory" type="constant" value="output" />
		<parameter constant_type="double" name="prob_cessation" type="constant" value="0.200921535098" />
		<parameter constant_type="double" name="prob_infected_when_arrive" type="constant" value="0.022548646832" />
		<parameter constant_type="double" name="prob_self_limiting_female" type="constant" value="0.331878293832" />
		<parameter constant_type="double" name="prob_self_limiting_male" type="constant" value="0.121362337974" />
		<parameter constant_type="double" name="prob_clearing" type="constant" value="0.808635749377" />
		<parameter constant_type="double" name="pwid_maturity_threshold" type="constant" value="4.03393326052" />
        <parameter comment="365*5 + 365 burnin" constant_type="number" name="run_length" shortvalue="4015" type="constant" value="4040" />
        <parameter constant_type="double" name="status_report_frequency" type="constant" value="365.0" />
        <parameter constant_type="double" name="transmissibility" type="constant" value="0.0244367961958" />
        <parameter constant_type="string" name="NEP_data" simulated_value="datagen/NEP_mock_2014.csv" type="constant" value="data/NEP_Risk_Base_Merge.csv" />
        <parameter constant_type="string" name="NHBS_data" simulated_value="datagen/NHBS_mock_2014.csv" type="constant" value="data/IDU2_HCV_model_012913_cleaned.csv" value2012="data/IDU3_2012-2014-04-17.csv" />
</sweep>