<sweep jobNum="79" runs="1">
		
		<parameter constant_type="double" name="ab_prob_acute" type="constant" value="0.0105936847193" />
		<parameter constant_type="double" name="ab_prob_chronic" type="constant" value="0.601032235889" />
		<parameter constant_type="double" name="attrition_rate" type="constant" value="0.0315889324729" />
		<parameter constant_type="double" name="burn_in_days" type="constant" value="365.0" value_nob="0" />
		<parameter constant_type="number" name="dump_network_distances" type="constant" value="-1" />
		<parameter constant_type="double" name="homophily_strength" type="constant" value="0.637038155156" />
		<parameter constant_type="number" name="initial_pwid_count" type="constant" value="30433" />
		<parameter constant_type="double" name="interaction_home_cutoff" type="constant" value="2.34014000261" />
		<parameter constant_type="double" name="interaction_rate_constant" type="constant" value="0.0205623398753" />
		<parameter constant_type="double" name="interaction_rate_at_drug_sites" type="constant" value="8.29929998695e-05" />
		<parameter constant_type="double" name="interaction_rate_exzone" type="constant" value="0.0888027864813" />
		<parameter constant_type="double" name="mean_career_duration" type="constant" value="30.3910568073" />
        <parameter constant_type="double" name="mean_days_acute_naive" type="constant" value="83.1801109743" />
		<parameter constant_type="double" name="mean_days_acute_rechallenged" type="constant" value="34.2014081735" />
		<parameter constant_type="double" name="mean_days_naive_to_infectious" type="constant" value="2.25475568561" />
		<parameter constant_type="double" name="mean_enrichment_ChicagoNonNEP" type="constant" value="0.682864462755" />
		<parameter constant_type="double" name="mean_enrichment_suburbs" type="constant" value="1.57646635439" />
		<parameter constant_type="double" name="mean_tie_lifetime" type="constant" value="454.134619945" />
		<parameter constant_type="double" name="net_inflow" type="constant" value="0.0" />
		<parameter constant_type="double" name="nonNEP_age_boost" type="constant" value="2.37020372782" />
		<parameter constant_type="double" name="nonNEP_age_started_boost" type="constant" value="2.18945334204" />
		<parameter constant_type="double" name="nonNEP_degree_boost" type="constant" value="0.208393892515" />
		<parameter constant_type="double" name="nonNEP_hcv_ab_boost" type="constant" value="0.000940011642147" />
		<parameter constant_type="double" name="nonNEP_injection_ratio" type="constant" value="0.851854277805" />
		<parameter constant_type="double" name="nonNEP_sharing_boost" type="constant" value="0.3474864036" />
		<parameter constant_type="string" name="output_directory" type="constant" value="output" />
		<parameter constant_type="double" name="prob_cessation" type="constant" value="0.216177614925" />
		<parameter constant_type="double" name="prob_infected_when_arrive" type="constant" value="0.0123747388773" />
		<parameter constant_type="double" name="prob_self_limiting_female" type="constant" value="0.337428693286" />
		<parameter constant_type="double" name="prob_self_limiting_male" type="constant" value="0.12341988931" />
		<parameter constant_type="double" name="prob_clearing" type="constant" value="0.895754815855" />
		<parameter constant_type="double" name="pwid_maturity_threshold" type="constant" value="4.83439022403" />
        <parameter comment="365*5 + 365 burnin" constant_type="number" name="run_length" shortvalue="4015" type="constant" value="4040" />
        <parameter constant_type="double" name="status_report_frequency" type="constant" value="365.0" />
        <parameter constant_type="double" name="transmissibility" type="constant" value="0.0144304324014" />
        <parameter constant_type="string" name="NEP_data" simulated_value="datagen/NEP_mock_2014.csv" type="constant" value="data/NEP_Risk_Base_Merge.csv" />
        <parameter constant_type="string" name="NHBS_data" simulated_value="datagen/NHBS_mock_2014.csv" type="constant" value="data/IDU2_HCV_model_012913_cleaned.csv" value2012="data/IDU3_2012-2014-04-17.csv" />
</sweep>