<sweep jobNum="128" runs="1">
		
		<parameter constant_type="double" name="ab_prob_acute" type="constant" value="0.0288019706692" />
		<parameter constant_type="double" name="ab_prob_chronic" type="constant" value="0.561564810304" />
		<parameter constant_type="double" name="attrition_rate" type="constant" value="0.071397606418" />
		<parameter constant_type="double" name="burn_in_days" type="constant" value="365.0" value_nob="0" />
		<parameter constant_type="number" name="dump_network_distances" type="constant" value="-1" />
		<parameter constant_type="double" name="homophily_strength" type="constant" value="0.692291753916" />
		<parameter constant_type="number" name="initial_pwid_count" type="constant" value="31415" />
		<parameter constant_type="double" name="interaction_home_cutoff" type="constant" value="2.50883627635" />
		<parameter constant_type="double" name="interaction_rate_constant" type="constant" value="0.0185566129122" />
		<parameter constant_type="double" name="interaction_rate_at_drug_sites" type="constant" value="7.71225920723e-05" />
		<parameter constant_type="double" name="interaction_rate_exzone" type="constant" value="0.078918954823" />
		<parameter constant_type="double" name="mean_career_duration" type="constant" value="17.0357268214" />
        <parameter constant_type="double" name="mean_days_acute_naive" type="constant" value="122.371053839" />
		<parameter constant_type="double" name="mean_days_acute_rechallenged" type="constant" value="34.4412621092" />
		<parameter constant_type="double" name="mean_days_naive_to_infectious" type="constant" value="3.2389780879" />
		<parameter constant_type="double" name="mean_enrichment_ChicagoNonNEP" type="constant" value="0.359841211084" />
		<parameter constant_type="double" name="mean_enrichment_suburbs" type="constant" value="1.67468894994" />
		<parameter constant_type="double" name="mean_tie_lifetime" type="constant" value="540.632394892" />
		<parameter constant_type="double" name="net_inflow" type="constant" value="0.0" />
		<parameter constant_type="double" name="nonNEP_age_boost" type="constant" value="2.72030980729" />
		<parameter constant_type="double" name="nonNEP_age_started_boost" type="constant" value="2.12610215204" />
		<parameter constant_type="double" name="nonNEP_degree_boost" type="constant" value="0.274014000261" />
		<parameter constant_type="double" name="nonNEP_hcv_ab_boost" type="constant" value="0.00209827361173" />
		<parameter constant_type="double" name="nonNEP_injection_ratio" type="constant" value="0.839221800456" />
		<parameter constant_type="double" name="nonNEP_sharing_boost" type="constant" value="0.297192323922" />
		<parameter constant_type="string" name="output_directory" type="constant" value="output" />
		<parameter constant_type="double" name="prob_cessation" type="constant" value="0.204493727555" />
		<parameter constant_type="double" name="prob_infected_when_arrive" type="constant" value="0.0349345270584" />
		<parameter constant_type="double" name="prob_self_limiting_female" type="constant" value="0.32302833899" />
		<parameter constant_type="double" name="prob_self_limiting_male" type="constant" value="0.126680977657" />
		<parameter constant_type="double" name="prob_clearing" type="constant" value="0.885832874599" />
		<parameter constant_type="double" name="pwid_maturity_threshold" type="constant" value="5.13128997304" />
        <parameter comment="365*5 + 365 burnin" constant_type="number" name="run_length" shortvalue="4015" type="constant" value="4040" />
        <parameter constant_type="double" name="status_report_frequency" type="constant" value="365.0" />
        <parameter constant_type="double" name="transmissibility" type="constant" value="0.0365121953327" />
        <parameter constant_type="string" name="NEP_data" simulated_value="datagen/NEP_mock_2014.csv" type="constant" value="data/NEP_Risk_Base_Merge.csv" />
        <parameter constant_type="string" name="NHBS_data" simulated_value="datagen/NHBS_mock_2014.csv" type="constant" value="data/IDU2_HCV_model_012913_cleaned.csv" value2012="data/IDU3_2012-2014-04-17.csv" />
</sweep>