<sweep jobNum="125" runs="1">
		
		<parameter constant_type="double" name="ab_prob_acute" type="constant" value="0.0298599125786" />
		<parameter constant_type="double" name="ab_prob_chronic" type="constant" value="0.70121682722" />
		<parameter constant_type="double" name="attrition_rate" type="constant" value="0.0303347806103" />
		<parameter constant_type="double" name="burn_in_days" type="constant" value="365.0" value_nob="0" />
		<parameter constant_type="number" name="dump_network_distances" type="constant" value="-1" />
		<parameter constant_type="double" name="homophily_strength" type="constant" value="0.762961844844" />
		<parameter constant_type="number" name="initial_pwid_count" type="constant" value="33743" />
		<parameter constant_type="double" name="interaction_home_cutoff" type="constant" value="2.13445181272" />
		<parameter constant_type="double" name="interaction_rate_constant" type="constant" value="0.0163595773688" />
		<parameter constant_type="double" name="interaction_rate_at_drug_sites" type="constant" value="0.000117007000131" />
		<parameter constant_type="double" name="interaction_rate_exzone" type="constant" value="0.0899507203223" />
		<parameter constant_type="double" name="mean_career_duration" type="constant" value="24.6828329616" />
        <parameter constant_type="double" name="mean_days_acute_naive" type="constant" value="105.361295318" />
		<parameter constant_type="double" name="mean_days_acute_rechallenged" type="constant" value="28.7417111219" />
		<parameter constant_type="double" name="mean_days_naive_to_infectious" type="constant" value="3.78344179394" />
		<parameter constant_type="double" name="mean_enrichment_ChicagoNonNEP" type="constant" value="0.518851614251" />
		<parameter constant_type="double" name="mean_enrichment_suburbs" type="constant" value="2.00427817416" />
		<parameter constant_type="double" name="mean_tie_lifetime" type="constant" value="657.905236995" />
		<parameter constant_type="double" name="net_inflow" type="constant" value="0.0" />
		<parameter constant_type="double" name="nonNEP_age_boost" type="constant" value="2.00282230292" />
		<parameter constant_type="double" name="nonNEP_age_started_boost" type="constant" value="2.32267895688" />
		<parameter constant_type="double" name="nonNEP_degree_boost" type="constant" value="0.31912185676" />
		<parameter constant_type="double" name="nonNEP_hcv_ab_boost" type="constant" value="0.00757069486687" />
		<parameter constant_type="double" name="nonNEP_injection_ratio" type="constant" value="0.808859091745" />
		<parameter constant_type="double" name="nonNEP_sharing_boost" type="constant" value="0.42585386879" />
		<parameter constant_type="string" name="output_directory" type="constant" value="output" />
		<parameter constant_type="double" name="prob_cessation" type="constant" value="0.271423049508" />
		<parameter constant_type="double" name="prob_infected_when_arrive" type="constant" value="0.0572263618229" />
		<parameter constant_type="double" name="prob_self_limiting_female" type="constant" value="0.301075571366" />
		<parameter constant_type="double" name="prob_self_limiting_male" type="constant" value="0.106658693217" />
		<parameter constant_type="double" name="prob_clearing" type="constant" value="0.892610215204" />
		<parameter constant_type="double" name="pwid_maturity_threshold" type="constant" value="4.53377445512" />
        <parameter comment="365*5 + 365 burnin" constant_type="number" name="run_length" shortvalue="4015" type="constant" value="4040" />
        <parameter constant_type="double" name="status_report_frequency" type="constant" value="365.0" />
        <parameter constant_type="double" name="transmissibility" type="constant" value="0.018200267891" />
        <parameter constant_type="string" name="NEP_data" simulated_value="datagen/NEP_mock_2014.csv" type="constant" value="data/NEP_Risk_Base_Merge.csv" />
        <parameter constant_type="string" name="NHBS_data" simulated_value="datagen/NHBS_mock_2014.csv" type="constant" value="data/IDU2_HCV_model_012913_cleaned.csv" value2012="data/IDU3_2012-2014-04-17.csv" />
</sweep>