<sweep jobNum="286" runs="1">
		
		<parameter constant_type="double" name="ab_prob_acute" type="constant" value="0.0125475568561" />
		<parameter constant_type="double" name="ab_prob_chronic" type="constant" value="0.731213393629" />
		<parameter constant_type="double" name="attrition_rate" type="constant" value="0.0407550878869" />
		<parameter constant_type="double" name="burn_in_days" type="constant" value="365.0" value_nob="0" />
		<parameter constant_type="number" name="dump_network_distances" type="constant" value="-1" />
		<parameter constant_type="double" name="homophily_strength" type="constant" value="0.661723262705" />
		<parameter constant_type="number" name="initial_pwid_count" type="constant" value="33846" />
		<parameter constant_type="double" name="interaction_home_cutoff" type="constant" value="1.44516590875" />
		<parameter constant_type="double" name="interaction_rate_constant" type="constant" value="0.0169104436814" />
		<parameter constant_type="double" name="interaction_rate_at_drug_sites" type="constant" value="0.000142763078996" />
		<parameter constant_type="double" name="interaction_rate_exzone" type="constant" value="0.0882140594521" />
		<parameter constant_type="double" name="mean_career_duration" type="constant" value="29.7079989254" />
        <parameter constant_type="double" name="mean_days_acute_naive" type="constant" value="91.5033954636" />
		<parameter constant_type="double" name="mean_days_acute_rechallenged" type="constant" value="28.5134310238" />
		<parameter constant_type="double" name="mean_days_naive_to_infectious" type="constant" value="2.94007043853" />
		<parameter constant_type="double" name="mean_enrichment_ChicagoNonNEP" type="constant" value="0.483439022403" />
		<parameter constant_type="double" name="mean_enrichment_suburbs" type="constant" value="2.47477352335" />
		<parameter constant_type="double" name="mean_tie_lifetime" type="constant" value="682.033410757" />
		<parameter constant_type="double" name="net_inflow" type="constant" value="0.0" />
		<parameter constant_type="double" name="nonNEP_age_boost" type="constant" value="3.33210891782" />
		<parameter constant_type="double" name="nonNEP_age_started_boost" type="constant" value="0.885157846435" />
		<parameter constant_type="double" name="nonNEP_degree_boost" type="constant" value="0.261556399089" />
		<parameter constant_type="double" name="nonNEP_hcv_ab_boost" type="constant" value="0.00516140291726" />
		<parameter constant_type="double" name="nonNEP_injection_ratio" type="constant" value="0.857875669256" />
		<parameter constant_type="double" name="nonNEP_sharing_boost" type="constant" value="0.23504529533" />
		<parameter constant_type="string" name="output_directory" type="constant" value="output" />
		<parameter constant_type="double" name="prob_cessation" type="constant" value="0.218483685108" />
		<parameter constant_type="double" name="prob_infected_when_arrive" type="constant" value="0.0688101033772" />
		<parameter constant_type="double" name="prob_self_limiting_female" type="constant" value="0.311244777004" />
		<parameter constant_type="double" name="prob_self_limiting_male" type="constant" value="0.124804606897" />
		<parameter constant_type="double" name="prob_clearing" type="constant" value="0.912961844844" />
		<parameter constant_type="double" name="pwid_maturity_threshold" type="constant" value="5.50146728785" />
        <parameter comment="365*5 + 365 burnin" constant_type="number" name="run_length" shortvalue="4015" type="constant" value="4040" />
        <parameter constant_type="double" name="status_report_frequency" type="constant" value="365.0" />
        <parameter constant_type="double" name="transmissibility" type="constant" value="0.0306079277905" />
        <parameter constant_type="string" name="NEP_data" simulated_value="datagen/NEP_mock_2014.csv" type="constant" value="data/NEP_Risk_Base_Merge.csv" />
        <parameter constant_type="string" name="NHBS_data" simulated_value="datagen/NHBS_mock_2014.csv" type="constant" value="data/IDU2_HCV_model_012913_cleaned.csv" value2012="data/IDU3_2012-2014-04-17.csv" />
</sweep>