<sweep jobNum="153" runs="1">
		
		<parameter constant_type="double" name="ab_prob_acute" type="constant" value="0.0198003410441" />
		<parameter constant_type="double" name="ab_prob_chronic" type="constant" value="0.673604532105" />
		<parameter constant_type="double" name="attrition_rate" type="constant" value="0.0696965111291" />
		<parameter constant_type="double" name="burn_in_days" type="constant" value="365.0" value_nob="0" />
		<parameter constant_type="number" name="dump_network_distances" type="constant" value="-1" />
		<parameter constant_type="double" name="homophily_strength" type="constant" value="0.79495470467" />
		<parameter constant_type="number" name="initial_pwid_count" type="constant" value="33566" />
		<parameter constant_type="double" name="interaction_home_cutoff" type="constant" value="1.07697896957" />
		<parameter constant_type="double" name="interaction_rate_constant" type="constant" value="0.0168758373664" />
		<parameter constant_type="double" name="interaction_rate_at_drug_sites" type="constant" value="7.58483315129e-05" />
		<parameter constant_type="double" name="interaction_rate_exzone" type="constant" value="0.095495470467" />
		<parameter constant_type="double" name="mean_career_duration" type="constant" value="16.1289337548" />
        <parameter constant_type="double" name="mean_days_acute_naive" type="constant" value="102.356522247" />
		<parameter constant_type="double" name="mean_days_acute_rechallenged" type="constant" value="23.8054123154" />
		<parameter constant_type="double" name="mean_days_naive_to_infectious" type="constant" value="2.06820984301" />
		<parameter constant_type="double" name="mean_enrichment_ChicagoNonNEP" type="constant" value="0.355431882326" />
		<parameter constant_type="double" name="mean_enrichment_suburbs" type="constant" value="1.7159047489" />
		<parameter constant_type="double" name="mean_tie_lifetime" type="constant" value="450.084218402" />
		<parameter constant_type="double" name="net_inflow" type="constant" value="0.0" />
		<parameter constant_type="double" name="nonNEP_age_boost" type="constant" value="3.03850732679" />
		<parameter constant_type="double" name="nonNEP_age_started_boost" type="constant" value="1.83445181272" />
		<parameter constant_type="double" name="nonNEP_degree_boost" type="constant" value="0.239144365168" />
		<parameter constant_type="double" name="nonNEP_hcv_ab_boost" type="constant" value="0.0168155791417" />
		<parameter constant_type="double" name="nonNEP_injection_ratio" type="constant" value="0.826168337758" />
		<parameter constant_type="double" name="nonNEP_sharing_boost" type="constant" value="0.367663682354" />
		<parameter constant_type="string" name="output_directory" type="constant" value="output" />
		<parameter constant_type="double" name="prob_cessation" type="constant" value="0.329540091961" />
		<parameter constant_type="double" name="prob_infected_when_arrive" type="constant" value="0.0368769295688" />
		<parameter constant_type="double" name="prob_self_limiting_female" type="constant" value="0.32979246878" />
		<parameter constant_type="double" name="prob_self_limiting_male" type="constant" value="0.120336356536" />
		<parameter constant_type="double" name="prob_clearing" type="constant" value="0.90749067617" />
		<parameter constant_type="double" name="pwid_maturity_threshold" type="constant" value="6.09638593676" />
        <parameter comment="365*5 + 365 burnin" constant_type="number" name="run_length" shortvalue="4015" type="constant" value="4040" />
        <parameter constant_type="double" name="status_report_frequency" type="constant" value="365.0" />
        <parameter constant_type="double" name="transmissibility" type="constant" value="0.0106783108343" />
        <parameter constant_type="string" name="NEP_data" simulated_value="datagen/NEP_mock_2014.csv" type="constant" value="data/NEP_Risk_Base_Merge.csv" />
        <parameter constant_type="string" name="NHBS_data" simulated_value="datagen/NHBS_mock_2014.csv" type="constant" value="data/IDU2_HCV_model_012913_cleaned.csv" value2012="data/IDU3_2012-2014-04-17.csv" />
</sweep>