<sweep jobNum="230" runs="1">
		
		<parameter constant_type="double" name="ab_prob_acute" type="constant" value="0.0256149977562" />
		<parameter constant_type="double" name="ab_prob_chronic" type="constant" value="0.706048348825" />
		<parameter constant_type="double" name="attrition_rate" type="constant" value="0.0181537157124" />
		<parameter constant_type="double" name="burn_in_days" type="constant" value="365.0" value_nob="0" />
		<parameter constant_type="number" name="dump_network_distances" type="constant" value="-1" />
		<parameter constant_type="double" name="homophily_strength" type="constant" value="0.772284058837" />
		<parameter constant_type="number" name="initial_pwid_count" type="constant" value="30740" />
		<parameter constant_type="double" name="interaction_home_cutoff" type="constant" value="1.71972135187" />
		<parameter constant_type="double" name="interaction_rate_constant" type="constant" value="0.0112526885944" />
		<parameter constant_type="double" name="interaction_rate_at_drug_sites" type="constant" value="9.58597556007e-05" />
		<parameter constant_type="double" name="interaction_rate_exzone" type="constant" value="0.0869425807125" />
		<parameter constant_type="double" name="mean_career_duration" type="constant" value="14.7446010969" />
        <parameter constant_type="double" name="mean_days_acute_naive" type="constant" value="83.3688921403" />
		<parameter constant_type="double" name="mean_days_acute_rechallenged" type="constant" value="18.5949483114" />
		<parameter constant_type="double" name="mean_days_naive_to_infectious" type="constant" value="2.3911110368" />
		<parameter constant_type="double" name="mean_enrichment_ChicagoNonNEP" type="constant" value="0.503993179118" />
		<parameter constant_type="double" name="mean_enrichment_suburbs" type="constant" value="1.6348661474" />
		<parameter constant_type="double" name="mean_tie_lifetime" type="constant" value="333.577794693" />
		<parameter constant_type="double" name="net_inflow" type="constant" value="0.0" />
		<parameter constant_type="double" name="nonNEP_age_boost" type="constant" value="1.53486206873" />
		<parameter constant_type="double" name="nonNEP_age_started_boost" type="constant" value="1.26764325241" />
		<parameter constant_type="double" name="nonNEP_degree_boost" type="constant" value="0.282610215204" />
		<parameter constant_type="double" name="nonNEP_hcv_ab_boost" type="constant" value="0.0141090042088" />
		<parameter constant_type="double" name="nonNEP_injection_ratio" type="constant" value="0.822590351581" />
		<parameter constant_type="double" name="nonNEP_sharing_boost" type="constant" value="0.284877634025" />
		<parameter constant_type="string" name="output_directory" type="constant" value="output" />
		<parameter constant_type="double" name="prob_cessation" type="constant" value="0.288056399328" />
		<parameter constant_type="double" name="prob_infected_when_arrive" type="constant" value="0.0334542997506" />
		<parameter constant_type="double" name="prob_self_limiting_female" type="constant" value="0.392240201063" />
		<parameter constant_type="double" name="prob_self_limiting_male" type="constant" value="0.134665137845" />
		<parameter constant_type="double" name="prob_clearing" type="constant" value="0.937182505223" />
		<parameter constant_type="double" name="pwid_maturity_threshold" type="constant" value="4.91441144422" />
        <parameter comment="365*5 + 365 burnin" constant_type="number" name="run_length" shortvalue="4015" type="constant" value="4040" />
        <parameter constant_type="double" name="status_report_frequency" type="constant" value="365.0" />
        <parameter constant_type="double" name="transmissibility" type="constant" value="0.00912642200802" />
        <parameter constant_type="string" name="NEP_data" simulated_value="datagen/NEP_mock_2014.csv" type="constant" value="data/NEP_Risk_Base_Merge.csv" />
        <parameter constant_type="string" name="NHBS_data" simulated_value="datagen/NHBS_mock_2014.csv" type="constant" value="data/IDU2_HCV_model_012913_cleaned.csv" value2012="data/IDU3_2012-2014-04-17.csv" />
</sweep>