<sweep jobNum="298" runs="1">
		
		<parameter constant_type="double" name="ab_prob_acute" type="constant" value="0.0161108765786" />
		<parameter constant_type="double" name="ab_prob_chronic" type="constant" value="0.510860875358" />
		<parameter constant_type="double" name="attrition_rate" type="constant" value="0.0608973033189" />
		<parameter constant_type="double" name="burn_in_days" type="constant" value="365.0" value_nob="0" />
		<parameter constant_type="number" name="dump_network_distances" type="constant" value="-1" />
		<parameter constant_type="double" name="homophily_strength" type="constant" value="0.649116372365" />
		<parameter constant_type="number" name="initial_pwid_count" type="constant" value="33109" />
		<parameter constant_type="double" name="interaction_home_cutoff" type="constant" value="2.11720310967" />
		<parameter constant_type="double" name="interaction_rate_constant" type="constant" value="0.0141395775479" />
		<parameter constant_type="double" name="interaction_rate_at_drug_sites" type="constant" value="7.80685848523e-05" />
		<parameter constant_type="double" name="interaction_rate_exzone" type="constant" value="0.0891606107485" />
		<parameter constant_type="double" name="mean_career_duration" type="constant" value="27.7666278758" />
        <parameter constant_type="double" name="mean_days_acute_naive" type="constant" value="78.0365328024" />
		<parameter constant_type="double" name="mean_days_acute_rechallenged" type="constant" value="24.8497322978" />
		<parameter constant_type="double" name="mean_days_naive_to_infectious" type="constant" value="3.91432231377" />
		<parameter constant_type="double" name="mean_enrichment_ChicagoNonNEP" type="constant" value="0.40975526805" />
		<parameter constant_type="double" name="mean_enrichment_suburbs" type="constant" value="2.18220890037" />
		<parameter constant_type="double" name="mean_tie_lifetime" type="constant" value="647.632935069" />
		<parameter constant_type="double" name="net_inflow" type="constant" value="0.0" />
		<parameter constant_type="double" name="nonNEP_age_boost" type="constant" value="1.64146164378" />
		<parameter constant_type="double" name="nonNEP_age_started_boost" type="constant" value="1.97435087107" />
		<parameter constant_type="double" name="nonNEP_degree_boost" type="constant" value="0.194245184145" />
		<parameter constant_type="double" name="nonNEP_hcv_ab_boost" type="constant" value="0.0168830239376" />
		<parameter constant_type="double" name="nonNEP_injection_ratio" type="constant" value="0.829006790927" />
		<parameter constant_type="double" name="nonNEP_sharing_boost" type="constant" value="0.350390190865" />
		<parameter constant_type="string" name="output_directory" type="constant" value="output" />
		<parameter constant_type="double" name="prob_cessation" type="constant" value="0.294169986445" />
		<parameter constant_type="double" name="prob_infected_when_arrive" type="constant" value="0.0698357420596" />
		<parameter constant_type="double" name="prob_self_limiting_female" type="constant" value="0.336561038816" />
		<parameter constant_type="double" name="prob_self_limiting_male" type="constant" value="0.108375718699" />
		<parameter constant_type="double" name="prob_clearing" type="constant" value="0.817793689454" />
		<parameter constant_type="double" name="pwid_maturity_threshold" type="constant" value="3.75464208624" />
        <parameter comment="365*5 + 365 burnin" constant_type="number" name="run_length" shortvalue="4015" type="constant" value="4040" />
        <parameter constant_type="double" name="status_report_frequency" type="constant" value="365.0" />
        <parameter constant_type="double" name="transmissibility" type="constant" value="0.0143250180266" />
        <parameter constant_type="string" name="NEP_data" simulated_value="datagen/NEP_mock_2014.csv" type="constant" value="data/NEP_Risk_Base_Merge.csv" />
        <parameter constant_type="string" name="NHBS_data" simulated_value="datagen/NHBS_mock_2014.csv" type="constant" value="data/IDU2_HCV_model_012913_cleaned.csv" value2012="data/IDU3_2012-2014-04-17.csv" />
</sweep>