<sweep jobNum="266" runs="1">
		
		<parameter constant_type="double" name="ab_prob_acute" type="constant" value="0.0156764325241" />
		<parameter constant_type="double" name="ab_prob_chronic" type="constant" value="0.605636644101" />
		<parameter constant_type="double" name="attrition_rate" type="constant" value="0.0132727370546" />
		<parameter constant_type="double" name="burn_in_days" type="constant" value="365.0" value_nob="0" />
		<parameter constant_type="number" name="dump_network_distances" type="constant" value="-1" />
		<parameter constant_type="double" name="homophily_strength" type="constant" value="0.742610215204" />
		<parameter constant_type="number" name="initial_pwid_count" type="constant" value="30995" />
		<parameter constant_type="double" name="interaction_home_cutoff" type="constant" value="1.87130194713" />
		<parameter constant_type="double" name="interaction_rate_constant" type="constant" value="0.0149160457266" />
		<parameter constant_type="double" name="interaction_rate_at_drug_sites" type="constant" value="8.68738023361e-05" />
		<parameter constant_type="double" name="interaction_rate_exzone" type="constant" value="0.0837859405479" />
		<parameter constant_type="double" name="mean_career_duration" type="constant" value="29.1479072235" />
        <parameter constant_type="double" name="mean_days_acute_naive" type="constant" value="118.44217812" />
		<parameter constant_type="double" name="mean_days_acute_rechallenged" type="constant" value="24.50271928" />
		<parameter constant_type="double" name="mean_days_naive_to_infectious" type="constant" value="2.39796269184" />
		<parameter constant_type="double" name="mean_enrichment_ChicagoNonNEP" type="constant" value="0.556055729627" />
		<parameter constant_type="double" name="mean_enrichment_suburbs" type="constant" value="1.94713818368" />
		<parameter constant_type="double" name="mean_tie_lifetime" type="constant" value="822.548221091" />
		<parameter constant_type="double" name="net_inflow" type="constant" value="0.0" />
		<parameter constant_type="double" name="nonNEP_age_boost" type="constant" value="1.99212481463" />
		<parameter constant_type="double" name="nonNEP_age_started_boost" type="constant" value="0.852932708778" />
		<parameter constant_type="double" name="nonNEP_degree_boost" type="constant" value="0.202336317646" />
		<parameter constant_type="double" name="nonNEP_hcv_ab_boost" type="constant" value="0.00103384725348" />
		<parameter constant_type="double" name="nonNEP_injection_ratio" type="constant" value="0.899765435846" />
		<parameter constant_type="double" name="nonNEP_sharing_boost" type="constant" value="0.337136255675" />
		<parameter constant_type="string" name="output_directory" type="constant" value="output" />
		<parameter constant_type="double" name="prob_cessation" type="constant" value="0.221356342208" />
		<parameter constant_type="double" name="prob_infected_when_arrive" type="constant" value="0.0801118224411" />
		<parameter constant_type="double" name="prob_self_limiting_female" type="constant" value="0.320467452708" />
		<parameter constant_type="double" name="prob_self_limiting_male" type="constant" value="0.121248342329" />
		<parameter constant_type="double" name="prob_clearing" type="constant" value="0.888891234214" />
		<parameter constant_type="double" name="pwid_maturity_threshold" type="constant" value="3.53946458958" />
        <parameter comment="365*5 + 365 burnin" constant_type="number" name="run_length" shortvalue="4015" type="constant" value="4040" />
        <parameter constant_type="double" name="status_report_frequency" type="constant" value="365.0" />
        <parameter constant_type="double" name="transmissibility" type="constant" value="0.0240575952529" />
        <parameter constant_type="string" name="NEP_data" simulated_value="datagen/NEP_mock_2014.csv" type="constant" value="data/NEP_Risk_Base_Merge.csv" />
        <parameter constant_type="string" name="NHBS_data" simulated_value="datagen/NHBS_mock_2014.csv" type="constant" value="data/IDU2_HCV_model_012913_cleaned.csv" value2012="data/IDU3_2012-2014-04-17.csv" />
</sweep>