<sweep jobNum="69" runs="1">
		
		<parameter constant_type="double" name="ab_prob_acute" type="constant" value="0.0246389101227" />
		<parameter constant_type="double" name="ab_prob_chronic" type="constant" value="0.656939256474" />
		<parameter constant_type="double" name="attrition_rate" type="constant" value="0.0482727844778" />
		<parameter constant_type="double" name="burn_in_days" type="constant" value="365.0" value_nob="0" />
		<parameter constant_type="number" name="dump_network_distances" type="constant" value="-1" />
		<parameter constant_type="double" name="homophily_strength" type="constant" value="0.677859405479" />
		<parameter constant_type="number" name="initial_pwid_count" type="constant" value="33136" />
		<parameter constant_type="double" name="interaction_home_cutoff" type="constant" value="1.83670858941" />
		<parameter constant_type="double" name="interaction_rate_constant" type="constant" value="0.017049184216" />
		<parameter constant_type="double" name="interaction_rate_at_drug_sites" type="constant" value="0.000136886766273" />
		<parameter constant_type="double" name="interaction_rate_exzone" type="constant" value="0.0926478513138" />
		<parameter constant_type="double" name="mean_career_duration" type="constant" value="26.4187973924" />
        <parameter constant_type="double" name="mean_days_acute_naive" type="constant" value="115.046620188" />
		<parameter constant_type="double" name="mean_days_acute_rechallenged" type="constant" value="9.8861552504" />
		<parameter constant_type="double" name="mean_days_naive_to_infectious" type="constant" value="3.7990434899" />
		<parameter constant_type="double" name="mean_enrichment_ChicagoNonNEP" type="constant" value="0.606996506389" />
		<parameter constant_type="double" name="mean_enrichment_suburbs" type="constant" value="1.79317874688" />
		<parameter constant_type="double" name="mean_tie_lifetime" type="constant" value="563.533986228" />
		<parameter constant_type="double" name="net_inflow" type="constant" value="0.0" />
		<parameter constant_type="double" name="nonNEP_age_boost" type="constant" value="4.32029560037" />
		<parameter constant_type="double" name="nonNEP_age_started_boost" type="constant" value="1.13850022438" />
		<parameter constant_type="double" name="nonNEP_degree_boost" type="constant" value="0.229427636737" />
		<parameter constant_type="double" name="nonNEP_hcv_ab_boost" type="constant" value="0.00184192211348" />
		<parameter constant_type="double" name="nonNEP_injection_ratio" type="constant" value="0.830554382893" />
		<parameter constant_type="double" name="nonNEP_sharing_boost" type="constant" value="0.2953809874" />
		<parameter constant_type="string" name="output_directory" type="constant" value="output" />
		<parameter constant_type="double" name="prob_cessation" type="constant" value="0.243071728289" />
		<parameter constant_type="double" name="prob_infected_when_arrive" type="constant" value="0.0469167015666" />
		<parameter constant_type="double" name="prob_self_limiting_female" type="constant" value="0.35285827486" />
		<parameter constant_type="double" name="prob_self_limiting_male" type="constant" value="0.133396602972" />
		<parameter constant_type="double" name="prob_clearing" type="constant" value="0.831934095443" />
		<parameter constant_type="double" name="pwid_maturity_threshold" type="constant" value="3.74076310312" />
        <parameter comment="365*5 + 365 burnin" constant_type="number" name="run_length" shortvalue="4015" type="constant" value="4040" />
        <parameter constant_type="double" name="status_report_frequency" type="constant" value="365.0" />
        <parameter constant_type="double" name="transmissibility" type="constant" value="0.0322354250596" />
        <parameter constant_type="string" name="NEP_data" simulated_value="datagen/NEP_mock_2014.csv" type="constant" value="data/NEP_Risk_Base_Merge.csv" />
        <parameter constant_type="string" name="NHBS_data" simulated_value="datagen/NHBS_mock_2014.csv" type="constant" value="data/IDU2_HCV_model_012913_cleaned.csv" value2012="data/IDU3_2012-2014-04-17.csv" />
</sweep>