<sweep jobNum="80" runs="1">
		
		<parameter constant_type="double" name="ab_prob_acute" type="constant" value="0.0191719511201" />
		<parameter constant_type="double" name="ab_prob_chronic" type="constant" value="0.606395460158" />
		<parameter constant_type="double" name="attrition_rate" type="constant" value="0.0384271397489" />
		<parameter constant_type="double" name="burn_in_days" type="constant" value="365.0" value_nob="0" />
		<parameter constant_type="number" name="dump_network_distances" type="constant" value="-1" />
		<parameter constant_type="double" name="homophily_strength" type="constant" value="0.638423067723" />
		<parameter constant_type="number" name="initial_pwid_count" type="constant" value="32268" />
		<parameter constant_type="double" name="interaction_home_cutoff" type="constant" value="2.48303336974" />
		<parameter constant_type="double" name="interaction_rate_constant" type="constant" value="0.0159486619101" />
		<parameter constant_type="double" name="interaction_rate_at_drug_sites" type="constant" value="0.000126093240375" />
		<parameter constant_type="double" name="interaction_rate_exzone" type="constant" value="0.0830187785588" />
		<parameter constant_type="double" name="mean_career_duration" type="constant" value="20.2921189925" />
        <parameter constant_type="double" name="mean_days_acute_naive" type="constant" value="113.280591494" />
		<parameter constant_type="double" name="mean_days_acute_rechallenged" type="constant" value="39.0966818251" />
		<parameter constant_type="double" name="mean_days_naive_to_infectious" type="constant" value="3.84706729122" />
		<parameter constant_type="double" name="mean_enrichment_ChicagoNonNEP" type="constant" value="0.693521700486" />
		<parameter constant_type="double" name="mean_enrichment_suburbs" type="constant" value="2.47031576403" />
		<parameter constant_type="double" name="mean_tie_lifetime" type="constant" value="599.808595651" />
		<parameter constant_type="double" name="net_inflow" type="constant" value="0.0" />
		<parameter constant_type="double" name="nonNEP_age_boost" type="constant" value="3.21031504078" />
		<parameter constant_type="double" name="nonNEP_age_started_boost" type="constant" value="1.43156728128" />
		<parameter constant_type="double" name="nonNEP_degree_boost" type="constant" value="0.292841230383" />
		<parameter constant_type="double" name="nonNEP_hcv_ab_boost" type="constant" value="0.00781085529366" />
		<parameter constant_type="double" name="nonNEP_injection_ratio" type="constant" value="0.852710804672" />
		<parameter constant_type="double" name="nonNEP_sharing_boost" type="constant" value="0.286137169705" />
		<parameter constant_type="string" name="output_directory" type="constant" value="output" />
		<parameter constant_type="double" name="prob_cessation" type="constant" value="0.213282996718" />
		<parameter constant_type="double" name="prob_infected_when_arrive" type="constant" value="0.0231233283901" />
		<parameter constant_type="double" name="prob_self_limiting_female" type="constant" value="0.359545638204" />
		<parameter constant_type="double" name="prob_self_limiting_male" type="constant" value="0.139910697738" />
		<parameter constant_type="double" name="prob_clearing" type="constant" value="0.797158769617" />
		<parameter constant_type="double" name="pwid_maturity_threshold" type="constant" value="4.63868190886" />
        <parameter comment="365*5 + 365 burnin" constant_type="number" name="run_length" shortvalue="4015" type="constant" value="4040" />
        <parameter constant_type="double" name="status_report_frequency" type="constant" value="365.0" />
        <parameter constant_type="double" name="transmissibility" type="constant" value="0.0162394660397" />
        <parameter constant_type="string" name="NEP_data" simulated_value="datagen/NEP_mock_2014.csv" type="constant" value="data/NEP_Risk_Base_Merge.csv" />
        <parameter constant_type="string" name="NHBS_data" simulated_value="datagen/NHBS_mock_2014.csv" type="constant" value="data/IDU2_HCV_model_012913_cleaned.csv" value2012="data/IDU3_2012-2014-04-17.csv" />
</sweep>