<sweep jobNum="260" runs="1">
		
		<parameter constant_type="double" name="ab_prob_acute" type="constant" value="0.0204279427789" />
		<parameter constant_type="double" name="ab_prob_chronic" type="constant" value="0.640722061513" />
		<parameter constant_type="double" name="attrition_rate" type="constant" value="0.0369105212443" />
		<parameter constant_type="double" name="burn_in_days" type="constant" value="365.0" value_nob="0" />
		<parameter constant_type="number" name="dump_network_distances" type="constant" value="-1" />
		<parameter constant_type="double" name="homophily_strength" type="constant" value="0.77081045177" />
		<parameter constant_type="number" name="initial_pwid_count" type="constant" value="32280" />
		<parameter constant_type="double" name="interaction_home_cutoff" type="constant" value="2.5023543949" />
		<parameter constant_type="double" name="interaction_rate_constant" type="constant" value="0.0148812392292" />
		<parameter constant_type="double" name="interaction_rate_at_drug_sites" type="constant" value="9.00959325344e-05" />
		<parameter constant_type="double" name="interaction_rate_exzone" type="constant" value="0.0786973229479" />
		<parameter constant_type="double" name="mean_career_duration" type="constant" value="27.5126319523" />
        <parameter constant_type="double" name="mean_days_acute_naive" type="constant" value="105.937834628" />
		<parameter constant_type="double" name="mean_days_acute_rechallenged" type="constant" value="35.5327364708" />
		<parameter constant_type="double" name="mean_days_naive_to_infectious" type="constant" value="3.18065904557" />
		<parameter constant_type="double" name="mean_enrichment_ChicagoNonNEP" type="constant" value="0.471957994563" />
		<parameter constant_type="double" name="mean_enrichment_suburbs" type="constant" value="2.25117719745" />
		<parameter constant_type="double" name="mean_tie_lifetime" type="constant" value="784.066021665" />
		<parameter constant_type="double" name="net_inflow" type="constant" value="0.0" />
		<parameter constant_type="double" name="nonNEP_age_boost" type="constant" value="1.62851652934" />
		<parameter constant_type="double" name="nonNEP_age_started_boost" type="constant" value="1.85751338511" />
		<parameter constant_type="double" name="nonNEP_degree_boost" type="constant" value="0.260972938423" />
		<parameter constant_type="double" name="nonNEP_hcv_ab_boost" type="constant" value="0.00956437726808" />
		<parameter constant_type="double" name="nonNEP_injection_ratio" type="constant" value="0.841546255358" />
		<parameter constant_type="double" name="nonNEP_sharing_boost" type="constant" value="0.291723262705" />
		<parameter constant_type="string" name="output_directory" type="constant" value="output" />
		<parameter constant_type="double" name="prob_cessation" type="constant" value="0.307929267646" />
		<parameter constant_type="double" name="prob_infected_when_arrive" type="constant" value="0.0180382604041" />
		<parameter constant_type="double" name="prob_self_limiting_female" type="constant" value="0.380052700594" />
		<parameter constant_type="double" name="prob_self_limiting_male" type="constant" value="0.119422988019" />
		<parameter constant_type="double" name="prob_clearing" type="constant" value="0.934706729122" />
		<parameter constant_type="double" name="pwid_maturity_threshold" type="constant" value="5.38453498617" />
        <parameter comment="365*5 + 365 burnin" constant_type="number" name="run_length" shortvalue="4015" type="constant" value="4040" />
        <parameter constant_type="double" name="status_report_frequency" type="constant" value="365.0" />
        <parameter constant_type="double" name="transmissibility" type="constant" value="0.00881578159137" />
        <parameter constant_type="string" name="NEP_data" simulated_value="datagen/NEP_mock_2014.csv" type="constant" value="data/NEP_Risk_Base_Merge.csv" />
        <parameter constant_type="string" name="NHBS_data" simulated_value="datagen/NHBS_mock_2014.csv" type="constant" value="data/IDU2_HCV_model_012913_cleaned.csv" value2012="data/IDU3_2012-2014-04-17.csv" />
</sweep>