<sweep jobNum="243" runs="1">
		
		<parameter constant_type="double" name="ab_prob_acute" type="constant" value="0.0216329141059" />
		<parameter constant_type="double" name="ab_prob_chronic" type="constant" value="0.604875448709" />
		<parameter constant_type="double" name="attrition_rate" type="constant" value="0.0552541363918" />
		<parameter constant_type="double" name="burn_in_days" type="constant" value="365.0" value_nob="0" />
		<parameter constant_type="number" name="dump_network_distances" type="constant" value="-1" />
		<parameter constant_type="double" name="homophily_strength" type="constant" value="0.634937789988" />
		<parameter constant_type="number" name="initial_pwid_count" type="constant" value="32384" />
		<parameter constant_type="double" name="interaction_home_cutoff" type="constant" value="1.37038155156" />
		<parameter constant_type="double" name="interaction_rate_constant" type="constant" value="0.0165655484275" />
		<parameter constant_type="double" name="interaction_rate_at_drug_sites" type="constant" value="5.88590917447e-05" />
		<parameter constant_type="double" name="interaction_rate_exzone" type="constant" value="0.0777718183489" />
		<parameter constant_type="double" name="mean_career_duration" type="constant" value="17.1442293867" />
        <parameter constant_type="double" name="mean_days_acute_naive" type="constant" value="126.190212561" />
		<parameter constant_type="double" name="mean_days_acute_rechallenged" type="constant" value="45.2702740568" />
		<parameter constant_type="double" name="mean_days_naive_to_infectious" type="constant" value="3.40743680186" />
		<parameter constant_type="double" name="mean_enrichment_ChicagoNonNEP" type="constant" value="0.429549410389" />
		<parameter constant_type="double" name="mean_enrichment_suburbs" type="constant" value="2.02425219734" />
		<parameter constant_type="double" name="mean_tie_lifetime" type="constant" value="502.463882644" />
		<parameter constant_type="double" name="net_inflow" type="constant" value="0.0" />
		<parameter constant_type="double" name="nonNEP_age_boost" type="constant" value="3.08989434221" />
		<parameter constant_type="double" name="nonNEP_age_started_boost" type="constant" value="2.2749067617" />
		<parameter constant_type="double" name="nonNEP_degree_boost" type="constant" value="0.190410644851" />
		<parameter constant_type="double" name="nonNEP_hcv_ab_boost" type="constant" value="0.0107060468436" />
		<parameter constant_type="double" name="nonNEP_injection_ratio" type="constant" value="0.805990146654" />
		<parameter constant_type="double" name="nonNEP_sharing_boost" type="constant" value="0.39576871248" />
		<parameter constant_type="string" name="output_directory" type="constant" value="output" />
		<parameter constant_type="double" name="prob_cessation" type="constant" value="0.184262856702" />
		<parameter constant_type="double" name="prob_infected_when_arrive" type="constant" value="0.0631230704312" />
		<parameter constant_type="double" name="prob_self_limiting_female" type="constant" value="0.340876278581" />
		<parameter constant_type="double" name="prob_self_limiting_male" type="constant" value="0.130738421595" />
		<parameter constant_type="double" name="prob_clearing" type="constant" value="0.773961002078" />
		<parameter constant_type="double" name="pwid_maturity_threshold" type="constant" value="3.02801748427" />
        <parameter comment="365*5 + 365 burnin" constant_type="number" name="run_length" shortvalue="4015" type="constant" value="4040" />
        <parameter constant_type="double" name="status_report_frequency" type="constant" value="365.0" />
        <parameter constant_type="double" name="transmissibility" type="constant" value="0.00985070478381" />
        <parameter constant_type="string" name="NEP_data" simulated_value="datagen/NEP_mock_2014.csv" type="constant" value="data/NEP_Risk_Base_Merge.csv" />
        <parameter constant_type="string" name="NHBS_data" simulated_value="datagen/NHBS_mock_2014.csv" type="constant" value="data/IDU2_HCV_model_012913_cleaned.csv" value2012="data/IDU3_2012-2014-04-17.csv" />
</sweep>