<sweep jobNum="6" runs="1">
		
		<parameter constant_type="double" name="ab_prob_acute" type="constant" value="0.0203708555609" />
		<parameter constant_type="double" name="ab_prob_chronic" type="constant" value="0.619692606836" />
		<parameter constant_type="double" name="attrition_rate" type="constant" value="0.0641141667306" />
		<parameter constant_type="double" name="burn_in_days" type="constant" value="365.0" value_nob="0" />
		<parameter constant_type="number" name="dump_network_distances" type="constant" value="-1" />
		<parameter constant_type="double" name="homophily_strength" type="constant" value="0.641158210633" />
		<parameter constant_type="number" name="initial_pwid_count" type="constant" value="32741" />
		<parameter constant_type="double" name="interaction_home_cutoff" type="constant" value="2.31606107485" />
		<parameter constant_type="double" name="interaction_rate_constant" type="constant" value="0.0202047636675" />
		<parameter constant_type="double" name="interaction_rate_at_drug_sites" type="constant" value="9.52870964373e-05" />
		<parameter constant_type="double" name="interaction_rate_exzone" type="constant" value="0.0855720572211" />
		<parameter constant_type="double" name="mean_career_duration" type="constant" value="30.4531358182" />
        <parameter constant_type="double" name="mean_days_acute_naive" type="constant" value="124.215780864" />
		<parameter constant_type="double" name="mean_days_acute_rechallenged" type="constant" value="14.4183442354" />
		<parameter constant_type="double" name="mean_days_naive_to_infectious" type="constant" value="2.79609809135" />
		<parameter constant_type="double" name="mean_enrichment_ChicagoNonNEP" type="constant" value="0.525739610575" />
		<parameter constant_type="double" name="mean_enrichment_suburbs" type="constant" value="1.83596161961" />
		<parameter constant_type="double" name="mean_tie_lifetime" type="constant" value="517.210488958" />
		<parameter constant_type="double" name="net_inflow" type="constant" value="0.0" />
		<parameter constant_type="double" name="nonNEP_age_boost" type="constant" value="2.26581998694" />
		<parameter constant_type="double" name="nonNEP_age_started_boost" type="constant" value="2.01606107485" />
		<parameter constant_type="double" name="nonNEP_degree_boost" type="constant" value="0.219609809135" />
		<parameter constant_type="double" name="nonNEP_hcv_ab_boost" type="constant" value="0.0127036876529" />
		<parameter constant_type="double" name="nonNEP_injection_ratio" type="constant" value="0.887639778051" />
		<parameter constant_type="double" name="nonNEP_sharing_boost" type="constant" value="0.355662433935" />
		<parameter constant_type="string" name="output_directory" type="constant" value="output" />
		<parameter constant_type="double" name="prob_cessation" type="constant" value="0.187435090776" />
		<parameter constant_type="double" name="prob_infected_when_arrive" type="constant" value="0.0569945614399" />
		<parameter constant_type="double" name="prob_self_limiting_female" type="constant" value="0.313738372187" />
		<parameter constant_type="double" name="prob_self_limiting_male" type="constant" value="0.133535022507" />
		<parameter constant_type="double" name="prob_clearing" type="constant" value="0.804245184145" />
		<parameter constant_type="double" name="pwid_maturity_threshold" type="constant" value="5.95326648968" />
        <parameter comment="365*5 + 365 burnin" constant_type="number" name="run_length" shortvalue="4015" type="constant" value="4040" />
        <parameter constant_type="double" name="status_report_frequency" type="constant" value="365.0" />
        <parameter constant_type="double" name="transmissibility" type="constant" value="0.0266702940259" />
        <parameter constant_type="string" name="NEP_data" simulated_value="datagen/NEP_mock_2014.csv" type="constant" value="data/NEP_Risk_Base_Merge.csv" />
        <parameter constant_type="string" name="NHBS_data" simulated_value="datagen/NHBS_mock_2014.csv" type="constant" value="data/IDU2_HCV_model_012913_cleaned.csv" value2012="data/IDU3_2012-2014-04-17.csv" />
</sweep>