<sweep jobNum="112" runs="1">
		
		<parameter constant_type="double" name="ab_prob_acute" type="constant" value="0.0174926635607" />
		<parameter constant_type="double" name="ab_prob_chronic" type="constant" value="0.621132880646" />
		<parameter constant_type="double" name="attrition_rate" type="constant" value="0.0116031300919" />
		<parameter constant_type="double" name="burn_in_days" type="constant" value="365.0" value_nob="0" />
		<parameter constant_type="number" name="dump_network_distances" type="constant" value="-1" />
		<parameter constant_type="double" name="homophily_strength" type="constant" value="0.632808320975" />
		<parameter constant_type="number" name="initial_pwid_count" type="constant" value="32051" />
		<parameter constant_type="double" name="interaction_home_cutoff" type="constant" value="1.35641059717" />
		<parameter constant_type="double" name="interaction_rate_constant" type="constant" value="0.0156061300809" />
		<parameter constant_type="double" name="interaction_rate_at_drug_sites" type="constant" value="0.000116403838039" />
		<parameter constant_type="double" name="interaction_rate_exzone" type="constant" value="0.0885662433935" />
		<parameter constant_type="double" name="mean_career_duration" type="constant" value="30.5152186063" />
        <parameter constant_type="double" name="mean_days_acute_naive" type="constant" value="106.806687327" />
		<parameter constant_type="double" name="mean_days_acute_rechallenged" type="constant" value="15.4076310312" />
		<parameter constant_type="double" name="mean_days_naive_to_infectious" type="constant" value="3.05421609344" />
		<parameter constant_type="double" name="mean_enrichment_ChicagoNonNEP" type="constant" value="0.674365010446" />
		<parameter constant_type="double" name="mean_enrichment_suburbs" type="constant" value="2.31133947844" />
		<parameter constant_type="double" name="mean_tie_lifetime" type="constant" value="688.985188675" />
		<parameter constant_type="double" name="net_inflow" type="constant" value="0.0" />
		<parameter constant_type="double" name="nonNEP_age_boost" type="constant" value="1.60231476452" />
		<parameter constant_type="double" name="nonNEP_age_started_boost" type="constant" value="2.58019706692" />
		<parameter constant_type="double" name="nonNEP_degree_boost" type="constant" value="0.260390190865" />
		<parameter constant_type="double" name="nonNEP_hcv_ab_boost" type="constant" value="0.0119009420113" />
		<parameter constant_type="double" name="nonNEP_injection_ratio" type="constant" value="0.863421635936" />
		<parameter constant_type="double" name="nonNEP_sharing_boost" type="constant" value="0.360409084981" />
		<parameter constant_type="string" name="output_directory" type="constant" value="output" />
		<parameter constant_type="double" name="prob_cessation" type="constant" value="0.209788403699" />
		<parameter constant_type="double" name="prob_infected_when_arrive" type="constant" value="0.0332054327417" />
		<parameter constant_type="double" name="prob_self_limiting_female" type="constant" value="0.344014890858" />
		<parameter constant_type="double" name="prob_self_limiting_male" type="constant" value="0.137869864471" />
		<parameter constant_type="double" name="prob_clearing" type="constant" value="0.857708246084" />
		<parameter constant_type="double" name="pwid_maturity_threshold" type="constant" value="3.55431882326" />
        <parameter comment="365*5 + 365 burnin" constant_type="number" name="run_length" shortvalue="4015" type="constant" value="4040" />
        <parameter constant_type="double" name="status_report_frequency" type="constant" value="365.0" />
        <parameter constant_type="double" name="transmissibility" type="constant" value="0.0114031815621" />
        <parameter constant_type="string" name="NEP_data" simulated_value="datagen/NEP_mock_2014.csv" type="constant" value="data/NEP_Risk_Base_Merge.csv" />
        <parameter constant_type="string" name="NHBS_data" simulated_value="datagen/NHBS_mock_2014.csv" type="constant" value="data/IDU2_HCV_model_012913_cleaned.csv" value2012="data/IDU3_2012-2014-04-17.csv" />
</sweep>