<sweep jobNum="235" runs="1">
		
		<parameter constant_type="double" name="ab_prob_acute" type="constant" value="0.0145842406412" />
		<parameter constant_type="double" name="ab_prob_chronic" type="constant" value="0.697112600919" />
		<parameter constant_type="double" name="attrition_rate" type="constant" value="0.0323098861506" />
		<parameter constant_type="double" name="burn_in_days" type="constant" value="365.0" value_nob="0" />
		<parameter constant_type="number" name="dump_network_distances" type="constant" value="-1" />
		<parameter constant_type="double" name="homophily_strength" type="constant" value="0.731007040868" />
		<parameter constant_type="number" name="initial_pwid_count" type="constant" value="33163" />
		<parameter constant_type="double" name="interaction_home_cutoff" type="constant" value="1.91719511201" />
		<parameter constant_type="double" name="interaction_rate_constant" type="constant" value="0.012868811155" />
		<parameter constant_type="double" name="interaction_rate_at_drug_sites" type="constant" value="7.05791053164e-05" />
		<parameter constant_type="double" name="interaction_rate_exzone" type="constant" value="0.0805180703162" />
		<parameter constant_type="double" name="mean_career_duration" type="constant" value="22.3804786703" />
        <parameter constant_type="double" name="mean_days_acute_naive" type="constant" value="109.453053603" />
		<parameter constant_type="double" name="mean_days_acute_rechallenged" type="constant" value="9.71355372455" />
		<parameter constant_type="double" name="mean_days_naive_to_infectious" type="constant" value="2.37732104312" />
		<parameter constant_type="double" name="mean_enrichment_ChicagoNonNEP" type="constant" value="0.585220430408" />
		<parameter constant_type="double" name="mean_enrichment_suburbs" type="constant" value="2.31829419686" />
		<parameter constant_type="double" name="mean_tie_lifetime" type="constant" value="627.145922741" />
		<parameter constant_type="double" name="net_inflow" type="constant" value="0.0" />
		<parameter constant_type="double" name="nonNEP_age_boost" type="constant" value="3.21895934159" />
		<parameter constant_type="double" name="nonNEP_age_started_boost" type="constant" value="1.45514836372" />
		<parameter constant_type="double" name="nonNEP_degree_boost" type="constant" value="0.235149560531" />
		<parameter constant_type="double" name="nonNEP_hcv_ab_boost" type="constant" value="0.00887124699932" />
		<parameter constant_type="double" name="nonNEP_injection_ratio" type="constant" value="0.888019498961" />
		<parameter constant_type="double" name="nonNEP_sharing_boost" type="constant" value="0.275842406412" />
		<parameter constant_type="string" name="output_directory" type="constant" value="output" />
		<parameter constant_type="double" name="prob_cessation" type="constant" value="0.143889878706" />
		<parameter constant_type="double" name="prob_infected_when_arrive" type="constant" value="0.0507986358236" />
		<parameter constant_type="double" name="prob_self_limiting_female" type="constant" value="0.340590133254" />
		<parameter constant_type="double" name="prob_self_limiting_male" type="constant" value="0.104670193814" />
		<parameter constant_type="double" name="prob_clearing" type="constant" value="0.893235674759" />
		<parameter constant_type="double" name="pwid_maturity_threshold" type="constant" value="3.20574181211" />
        <parameter comment="365*5 + 365 burnin" constant_type="number" name="run_length" shortvalue="4015" type="constant" value="4040" />
        <parameter constant_type="double" name="status_report_frequency" type="constant" value="365.0" />
        <parameter constant_type="double" name="transmissibility" type="constant" value="0.0172130164802" />
        <parameter constant_type="string" name="NEP_data" simulated_value="datagen/NEP_mock_2014.csv" type="constant" value="data/NEP_Risk_Base_Merge.csv" />
        <parameter constant_type="string" name="NHBS_data" simulated_value="datagen/NHBS_mock_2014.csv" type="constant" value="data/IDU2_HCV_model_012913_cleaned.csv" value2012="data/IDU3_2012-2014-04-17.csv" />
</sweep>