<sweep jobNum="40" runs="1">
		
		<parameter constant_type="double" name="ab_prob_acute" type="constant" value="0.0185978997281" />
		<parameter constant_type="double" name="ab_prob_chronic" type="constant" value="0.642770677017" />
		<parameter constant_type="double" name="attrition_rate" type="constant" value="0.0238014599616" />
		<parameter constant_type="double" name="burn_in_days" type="constant" value="365.0" value_nob="0" />
		<parameter constant_type="number" name="dump_network_distances" type="constant" value="-1" />
		<parameter constant_type="double" name="homophily_strength" type="constant" value="0.750883627635" />
		<parameter constant_type="number" name="initial_pwid_count" type="constant" value="31271" />
		<parameter constant_type="double" name="interaction_home_cutoff" type="constant" value="2.14597289439" />
		<parameter constant_type="double" name="interaction_rate_constant" type="constant" value="0.0119684992585" />
		<parameter constant_type="double" name="interaction_rate_at_drug_sites" type="constant" value="0.00013431419146" />
		<parameter constant_type="double" name="interaction_rate_exzone" type="constant" value="0.0805842406412" />
		<parameter constant_type="double" name="mean_career_duration" type="constant" value="24.2676481715" />
        <parameter constant_type="double" name="mean_days_acute_naive" type="constant" value="97.0479662672" />
		<parameter constant_type="double" name="mean_days_acute_rechallenged" type="constant" value="21.7985918265" />
		<parameter constant_type="double" name="mean_days_naive_to_infectious" type="constant" value="2.26226467453" />
		<parameter constant_type="double" name="mean_enrichment_ChicagoNonNEP" type="constant" value="0.489156781312" />
		<parameter constant_type="double" name="mean_enrichment_suburbs" type="constant" value="2.23831662242" />
		<parameter constant_type="double" name="mean_tie_lifetime" type="constant" value="808.029507063" />
		<parameter constant_type="double" name="net_inflow" type="constant" value="0.0" />
		<parameter constant_type="double" name="nonNEP_age_boost" type="constant" value="2.77238907964" />
		<parameter constant_type="double" name="nonNEP_age_started_boost" type="constant" value="2.13862830295" />
		<parameter constant_type="double" name="nonNEP_degree_boost" type="constant" value="0.151980293308" />
		<parameter constant_type="double" name="nonNEP_hcv_ab_boost" type="constant" value="0.0177149156047" />
		<parameter constant_type="double" name="nonNEP_injection_ratio" type="constant" value="0.855860155484" />
		<parameter constant_type="double" name="nonNEP_sharing_boost" type="constant" value="0.366441780074" />
		<parameter constant_type="string" name="output_directory" type="constant" value="output" />
		<parameter constant_type="double" name="prob_cessation" type="constant" value="0.156637250531" />
		<parameter constant_type="double" name="prob_infected_when_arrive" type="constant" value="0.0411437621914" />
		<parameter constant_type="double" name="prob_self_limiting_female" type="constant" value="0.362824083258" />
		<parameter constant_type="double" name="prob_self_limiting_male" type="constant" value="0.111050246977" />
		<parameter constant_type="double" name="prob_clearing" type="constant" value="0.79781351925" />
		<parameter constant_type="double" name="pwid_maturity_threshold" type="constant" value="5.86471349517" />
        <parameter comment="365*5 + 365 burnin" constant_type="number" name="run_length" shortvalue="4015" type="constant" value="4040" />
        <parameter constant_type="double" name="status_report_frequency" type="constant" value="365.0" />
        <parameter constant_type="double" name="transmissibility" type="constant" value="0.0414904973275" />
        <parameter constant_type="string" name="NEP_data" simulated_value="datagen/NEP_mock_2014.csv" type="constant" value="data/NEP_Risk_Base_Merge.csv" />
        <parameter constant_type="string" name="NHBS_data" simulated_value="datagen/NHBS_mock_2014.csv" type="constant" value="data/IDU2_HCV_model_012913_cleaned.csv" value2012="data/IDU3_2012-2014-04-17.csv" />
</sweep>