<sweep jobNum="185" runs="1">
		
		<parameter constant_type="double" name="ab_prob_acute" type="constant" value="0.0200855634832" />
		<parameter constant_type="double" name="ab_prob_chronic" type="constant" value="0.539491117155" />
		<parameter constant_type="double" name="attrition_rate" type="constant" value="0.0341285399221" />
		<parameter constant_type="double" name="burn_in_days" type="constant" value="365.0" value_nob="0" />
		<parameter constant_type="number" name="dump_network_distances" type="constant" value="-1" />
		<parameter constant_type="double" name="homophily_strength" type="constant" value="0.64976456051" />
		<parameter constant_type="number" name="initial_pwid_count" type="constant" value="31172" />
		<parameter constant_type="double" name="interaction_home_cutoff" type="constant" value="2.87182505223" />
		<parameter constant_type="double" name="interaction_rate_constant" type="constant" value="0.0146364672062" />
		<parameter constant_type="double" name="interaction_rate_at_drug_sites" type="constant" value="0.000128745338085" />
		<parameter constant_type="double" name="interaction_rate_exzone" type="constant" value="0.0898276737295" />
		<parameter constant_type="double" name="mean_career_duration" type="constant" value="20.4622533387" />
        <parameter constant_type="double" name="mean_days_acute_naive" type="constant" value="103.927061521" />
		<parameter constant_type="double" name="mean_days_acute_rechallenged" type="constant" value="45.7726246911" />
		<parameter constant_type="double" name="mean_days_naive_to_infectious" type="constant" value="3.7081045177" />
		<parameter constant_type="double" name="mean_enrichment_ChicagoNonNEP" type="constant" value="0.463868190886" />
		<parameter constant_type="double" name="mean_enrichment_suburbs" type="constant" value="2.45284611874" />
		<parameter constant_type="double" name="mean_tie_lifetime" type="constant" value="456.147965114" />
		<parameter constant_type="double" name="net_inflow" type="constant" value="0.0" />
		<parameter constant_type="double" name="nonNEP_age_boost" type="constant" value="3.40264907808" />
		<parameter constant_type="double" name="nonNEP_age_started_boost" type="constant" value="0.79430776252" />
		<parameter constant_type="double" name="nonNEP_degree_boost" type="constant" value="0.224248661489" />
		<parameter constant_type="double" name="nonNEP_hcv_ab_boost" type="constant" value="0.0128191450998" />
		<parameter constant_type="double" name="nonNEP_injection_ratio" type="constant" value="0.833596161961" />
		<parameter constant_type="double" name="nonNEP_sharing_boost" type="constant" value="0.333137804265" />
		<parameter constant_type="string" name="output_directory" type="constant" value="output" />
		<parameter constant_type="double" name="prob_cessation" type="constant" value="0.251150254411" />
		<parameter constant_type="double" name="prob_infected_when_arrive" type="constant" value="0.041843923654" />
		<parameter constant_type="double" name="prob_self_limiting_female" type="constant" value="0.311606193562" />
		<parameter constant_type="double" name="prob_self_limiting_male" type="constant" value="0.123995065915" />
		<parameter constant_type="double" name="prob_clearing" type="constant" value="0.938863123456" />
		<parameter constant_type="double" name="pwid_maturity_threshold" type="constant" value="4.56887201823" />
        <parameter comment="365*5 + 365 burnin" constant_type="number" name="run_length" shortvalue="4015" type="constant" value="4040" />
        <parameter constant_type="double" name="status_report_frequency" type="constant" value="365.0" />
        <parameter constant_type="double" name="transmissibility" type="constant" value="0.0409487886943" />
        <parameter constant_type="string" name="NEP_data" simulated_value="datagen/NEP_mock_2014.csv" type="constant" value="data/NEP_Risk_Base_Merge.csv" />
        <parameter constant_type="string" name="NHBS_data" simulated_value="datagen/NHBS_mock_2014.csv" type="constant" value="data/IDU2_HCV_model_012913_cleaned.csv" value2012="data/IDU3_2012-2014-04-17.csv" />
</sweep>