<sweep jobNum="259" runs="1">
		
		<parameter constant_type="double" name="ab_prob_acute" type="constant" value="0.0232807676078" />
		<parameter constant_type="double" name="ab_prob_chronic" type="constant" value="0.693714789434" />
		<parameter constant_type="double" name="attrition_rate" type="constant" value="0.0248554222331" />
		<parameter constant_type="double" name="burn_in_days" type="constant" value="365.0" value_nob="0" />
		<parameter constant_type="number" name="dump_network_distances" type="constant" value="-1" />
		<parameter constant_type="double" name="homophily_strength" type="constant" value="0.654245184145" />
		<parameter constant_type="number" name="initial_pwid_count" type="constant" value="30656" />
		<parameter constant_type="double" name="interaction_home_cutoff" type="constant" value="1.96291444391" />
		<parameter constant_type="double" name="interaction_rate_constant" type="constant" value="0.0150202515365" />
		<parameter constant_type="double" name="interaction_rate_at_drug_sites" type="constant" value="7.90067909272e-05" />
		<parameter constant_type="double" name="interaction_rate_exzone" type="constant" value="0.0769430776252" />
		<parameter constant_type="double" name="mean_career_duration" type="constant" value="29.7701375085" />
        <parameter constant_type="double" name="mean_days_acute_naive" type="constant" value="107.974452198" />
		<parameter constant_type="double" name="mean_days_acute_rechallenged" type="constant" value="29.6560977597" />
		<parameter constant_type="double" name="mean_days_naive_to_infectious" type="constant" value="3.75279556103" />
		<parameter constant_type="double" name="mean_enrichment_ChicagoNonNEP" type="constant" value="0.523440621935" />
		<parameter constant_type="double" name="mean_enrichment_suburbs" type="constant" value="2.37262215719" />
		<parameter constant_type="double" name="mean_tie_lifetime" type="constant" value="724.324458828" />
		<parameter constant_type="double" name="net_inflow" type="constant" value="0.0" />
		<parameter constant_type="double" name="nonNEP_age_boost" type="constant" value="1.95971904795" />
		<parameter constant_type="double" name="nonNEP_age_started_boost" type="constant" value="2.4081045177" />
		<parameter constant_type="double" name="nonNEP_degree_boost" type="constant" value="0.151136876544" />
		<parameter constant_type="double" name="nonNEP_hcv_ab_boost" type="constant" value="0.00314789666504" />
		<parameter constant_type="double" name="nonNEP_injection_ratio" type="constant" value="0.849857395741" />
		<parameter constant_type="double" name="nonNEP_sharing_boost" type="constant" value="0.348646012847" />
		<parameter constant_type="string" name="output_directory" type="constant" value="output" />
		<parameter constant_type="double" name="prob_cessation" type="constant" value="0.281499877661" />
		<parameter constant_type="double" name="prob_infected_when_arrive" type="constant" value="0.0519401757875" />
		<parameter constant_type="double" name="prob_self_limiting_female" type="constant" value="0.368357236001" />
		<parameter constant_type="double" name="prob_self_limiting_male" type="constant" value="0.112695008931" />
		<parameter constant_type="double" name="prob_clearing" type="constant" value="0.816589769575" />
		<parameter constant_type="double" name="pwid_maturity_threshold" type="constant" value="3.47922004157" />
        <parameter comment="365*5 + 365 burnin" constant_type="number" name="run_length" shortvalue="4015" type="constant" value="4040" />
        <parameter constant_type="double" name="status_report_frequency" type="constant" value="365.0" />
        <parameter constant_type="double" name="transmissibility" type="constant" value="0.0168870873272" />
        <parameter constant_type="string" name="NEP_data" simulated_value="datagen/NEP_mock_2014.csv" type="constant" value="data/NEP_Risk_Base_Merge.csv" />
        <parameter constant_type="string" name="NHBS_data" simulated_value="datagen/NHBS_mock_2014.csv" type="constant" value="data/IDU2_HCV_model_012913_cleaned.csv" value2012="data/IDU3_2012-2014-04-17.csv" />
</sweep>