<sweep jobNum="263" runs="1">
		
		<parameter constant_type="double" name="ab_prob_acute" type="constant" value="0.0181353987153" />
		<parameter constant_type="double" name="ab_prob_chronic" type="constant" value="0.633832797643" />
		<parameter constant_type="double" name="attrition_rate" type="constant" value="0.0615153980097" />
		<parameter constant_type="double" name="burn_in_days" type="constant" value="365.0" value_nob="0" />
		<parameter constant_type="number" name="dump_network_distances" type="constant" value="-1" />
		<parameter constant_type="double" name="homophily_strength" type="constant" value="0.704850439469" />
		<parameter constant_type="number" name="initial_pwid_count" type="constant" value="32177" />
		<parameter constant_type="double" name="interaction_home_cutoff" type="constant" value="1.60492796777" />
		<parameter constant_type="double" name="interaction_rate_constant" type="constant" value="0.0101394482749" />
		<parameter constant_type="double" name="interaction_rate_at_drug_sites" type="constant" value="9.27013552803e-05" />
		<parameter constant_type="double" name="interaction_rate_exzone" type="constant" value="0.0814245184145" />
		<parameter constant_type="double" name="mean_career_duration" type="constant" value="26.2883005797" />
        <parameter constant_type="double" name="mean_days_acute_naive" type="constant" value="120.071014709" />
		<parameter constant_type="double" name="mean_days_acute_rechallenged" type="constant" value="33.0146728785" />
		<parameter constant_type="double" name="mean_days_naive_to_infectious" type="constant" value="3.08280488799" />
		<parameter constant_type="double" name="mean_enrichment_ChicagoNonNEP" type="constant" value="0.538453498617" />
		<parameter constant_type="double" name="mean_enrichment_suburbs" type="constant" value="2.23194550613" />
		<parameter constant_type="double" name="mean_tie_lifetime" type="constant" value="735.169708814" />
		<parameter constant_type="double" name="net_inflow" type="constant" value="0.0" />
		<parameter constant_type="double" name="nonNEP_age_boost" type="constant" value="3.47409161227" />
		<parameter constant_type="double" name="nonNEP_age_started_boost" type="constant" value="1.59427636737" />
		<parameter constant_type="double" name="nonNEP_degree_boost" type="constant" value="0.207793689454" />
		<parameter constant_type="double" name="nonNEP_hcv_ab_boost" type="constant" value="0.000845281768287" />
		<parameter constant_type="double" name="nonNEP_injection_ratio" type="constant" value="0.815323968265" />
		<parameter constant_type="double" name="nonNEP_sharing_boost" type="constant" value="0.318853846489" />
		<parameter constant_type="string" name="output_directory" type="constant" value="output" />
		<parameter constant_type="double" name="prob_cessation" type="constant" value="0.306416157115" />
		<parameter constant_type="double" name="prob_infected_when_arrive" type="constant" value="0.0462296771498" />
		<parameter constant_type="double" name="prob_self_limiting_female" type="constant" value="0.314087998384" />
		<parameter constant_type="double" name="prob_self_limiting_male" type="constant" value="0.100098648063" />
		<parameter constant_type="double" name="prob_clearing" type="constant" value="0.756820984301" />
		<parameter constant_type="double" name="pwid_maturity_threshold" type="constant" value="6.13638100442" />
        <parameter comment="365*5 + 365 burnin" constant_type="number" name="run_length" shortvalue="4015" type="constant" value="4040" />
        <parameter constant_type="double" name="status_report_frequency" type="constant" value="365.0" />
        <parameter constant_type="double" name="transmissibility" type="constant" value="0.0466910493185" />
        <parameter constant_type="string" name="NEP_data" simulated_value="datagen/NEP_mock_2014.csv" type="constant" value="data/NEP_Risk_Base_Merge.csv" />
        <parameter constant_type="string" name="NHBS_data" simulated_value="datagen/NHBS_mock_2014.csv" type="constant" value="data/IDU2_HCV_model_012913_cleaned.csv" value2012="data/IDU3_2012-2014-04-17.csv" />
</sweep>