<sweep jobNum="201" runs="1">
		
		<parameter constant_type="double" name="ab_prob_acute" type="constant" value="0.0111136876544" />
		<parameter constant_type="double" name="ab_prob_chronic" type="constant" value="0.60334574564" />
		<parameter constant_type="double" name="attrition_rate" type="constant" value="0.0591085234695" />
		<parameter constant_type="double" name="burn_in_days" type="constant" value="365.0" value_nob="0" />
		<parameter constant_type="number" name="dump_network_distances" type="constant" value="-1" />
		<parameter constant_type="double" name="homophily_strength" type="constant" value="0.704279427789" />
		<parameter constant_type="number" name="initial_pwid_count" type="constant" value="33863" />
		<parameter constant_type="double" name="interaction_home_cutoff" type="constant" value="2.4449171584" />
		<parameter constant_type="double" name="interaction_rate_constant" type="constant" value="0.0111584941246" />
		<parameter constant_type="double" name="interaction_rate_at_drug_sites" type="constant" value="9.03866253458e-05" />
		<parameter constant_type="double" name="interaction_rate_exzone" type="constant" value="0.0874021002719" />
		<parameter constant_type="double" name="mean_career_duration" type="constant" value="25.09191016" />
        <parameter constant_type="double" name="mean_days_acute_naive" type="constant" value="113.915831121" />
		<parameter constant_type="double" name="mean_days_acute_rechallenged" type="constant" value="26.0002158226" />
		<parameter constant_type="double" name="mean_days_naive_to_infectious" type="constant" value="3.5218648075" />
		<parameter constant_type="double" name="mean_enrichment_ChicagoNonNEP" type="constant" value="0.441567191922" />
		<parameter constant_type="double" name="mean_enrichment_suburbs" type="constant" value="2.25766980372" />
		<parameter constant_type="double" name="mean_tie_lifetime" type="constant" value="711.828164468" />
		<parameter constant_type="double" name="net_inflow" type="constant" value="0.0" />
		<parameter constant_type="double" name="nonNEP_age_boost" type="constant" value="4.4789868868" />
		<parameter constant_type="double" name="nonNEP_age_started_boost" type="constant" value="2.23498253195" />
		<parameter constant_type="double" name="nonNEP_degree_boost" type="constant" value="0.249425807125" />
		<parameter constant_type="double" name="nonNEP_hcv_ab_boost" type="constant" value="0.00468278064267" />
		<parameter constant_type="double" name="nonNEP_injection_ratio" type="constant" value="0.868526019852" />
		<parameter constant_type="double" name="nonNEP_sharing_boost" type="constant" value="0.319427636737" />
		<parameter constant_type="string" name="output_directory" type="constant" value="output" />
		<parameter constant_type="double" name="prob_cessation" type="constant" value="0.297668084985" />
		<parameter constant_type="double" name="prob_infected_when_arrive" type="constant" value="0.0492013641764" />
		<parameter constant_type="double" name="prob_self_limiting_female" type="constant" value="0.381137267188" />
		<parameter constant_type="double" name="prob_self_limiting_male" type="constant" value="0.108790350924" />
		<parameter constant_type="double" name="prob_clearing" type="constant" value="0.822564912893" />
		<parameter constant_type="double" name="pwid_maturity_threshold" type="constant" value="6.08315187175" />
        <parameter comment="365*5 + 365 burnin" constant_type="number" name="run_length" shortvalue="4015" type="constant" value="4040" />
        <parameter constant_type="double" name="status_report_frequency" type="constant" value="365.0" />
        <parameter constant_type="double" name="transmissibility" type="constant" value="0.0245641078816" />
        <parameter constant_type="string" name="NEP_data" simulated_value="datagen/NEP_mock_2014.csv" type="constant" value="data/NEP_Risk_Base_Merge.csv" />
        <parameter constant_type="string" name="NHBS_data" simulated_value="datagen/NHBS_mock_2014.csv" type="constant" value="data/IDU2_HCV_model_012913_cleaned.csv" value2012="data/IDU3_2012-2014-04-17.csv" />
</sweep>