<sweep jobNum="246" runs="1">
		
		<parameter constant_type="double" name="ab_prob_acute" type="constant" value="0.0128454686738" />
		<parameter constant_type="double" name="ab_prob_chronic" type="constant" value="0.724544107174" />
		<parameter constant_type="double" name="attrition_rate" type="constant" value="0.0458715170196" />
		<parameter constant_type="double" name="burn_in_days" type="constant" value="365.0" value_nob="0" />
		<parameter constant_type="number" name="dump_network_distances" type="constant" value="-1" />
		<parameter constant_type="double" name="homophily_strength" type="constant" value="0.75023543949" />
		<parameter constant_type="number" name="initial_pwid_count" type="constant" value="31545" />
		<parameter constant_type="double" name="interaction_home_cutoff" type="constant" value="2.72284058837" />
		<parameter constant_type="double" name="interaction_rate_constant" type="constant" value="0.0161882682559" />
		<parameter constant_type="double" name="interaction_rate_at_drug_sites" type="constant" value="0.000138785605768" />
		<parameter constant_type="double" name="interaction_rate_exzone" type="constant" value="0.0872294855055" />
		<parameter constant_type="double" name="mean_career_duration" type="constant" value="16.0102607253" />
        <parameter constant_type="double" name="mean_days_acute_naive" type="constant" value="117.050932704" />
		<parameter constant_type="double" name="mean_days_acute_rechallenged" type="constant" value="43.9808697979" />
		<parameter constant_type="double" name="mean_days_naive_to_infectious" type="constant" value="2.3137161708" />
		<parameter constant_type="double" name="mean_enrichment_ChicagoNonNEP" type="constant" value="0.681138447496" />
		<parameter constant_type="double" name="mean_enrichment_suburbs" type="constant" value="2.38019498961" />
		<parameter constant_type="double" name="mean_tie_lifetime" type="constant" value="393.916240254" />
		<parameter constant_type="double" name="net_inflow" type="constant" value="0.0" />
		<parameter constant_type="double" name="nonNEP_age_boost" type="constant" value="1.65430635908" />
		<parameter constant_type="double" name="nonNEP_age_started_boost" type="constant" value="0.811368765444" />
		<parameter constant_type="double" name="nonNEP_degree_boost" type="constant" value="0.259808134931" />
		<parameter constant_type="double" name="nonNEP_hcv_ab_boost" type="constant" value="0.0111608143896" />
		<parameter constant_type="double" name="nonNEP_injection_ratio" type="constant" value="0.820917547249" />
		<parameter constant_type="double" name="nonNEP_sharing_boost" type="constant" value="0.288013581854" />
		<parameter constant_type="string" name="output_directory" type="constant" value="output" />
		<parameter constant_type="double" name="prob_cessation" type="constant" value="0.237348344447" />
		<parameter constant_type="double" name="prob_infected_when_arrive" type="constant" value="0.0441610842243" />
		<parameter constant_type="double" name="prob_self_limiting_female" type="constant" value="0.3789839251" />
		<parameter constant_type="double" name="prob_self_limiting_male" type="constant" value="0.123879847509" />
		<parameter constant_type="double" name="prob_clearing" type="constant" value="0.900883627635" />
		<parameter constant_type="double" name="pwid_maturity_threshold" type="constant" value="5.41945876846" />
        <parameter comment="365*5 + 365 burnin" constant_type="number" name="run_length" shortvalue="4015" type="constant" value="4040" />
        <parameter constant_type="double" name="status_report_frequency" type="constant" value="365.0" />
        <parameter constant_type="double" name="transmissibility" type="constant" value="0.0225785164839" />
        <parameter constant_type="string" name="NEP_data" simulated_value="datagen/NEP_mock_2014.csv" type="constant" value="data/NEP_Risk_Base_Merge.csv" />
        <parameter constant_type="string" name="NHBS_data" simulated_value="datagen/NHBS_mock_2014.csv" type="constant" value="data/IDU2_HCV_model_012913_cleaned.csv" value2012="data/IDU3_2012-2014-04-17.csv" />
</sweep>