<sweep jobNum="53" runs="1">
		
		<parameter constant_type="double" name="ab_prob_acute" type="constant" value="0.0292302103043" />
		<parameter constant_type="double" name="ab_prob_chronic" type="constant" value="0.618245622821" />
		<parameter constant_type="double" name="attrition_rate" type="constant" value="0.0393887868322" />
		<parameter constant_type="double" name="burn_in_days" type="constant" value="365.0" value_nob="0" />
		<parameter constant_type="number" name="dump_network_distances" type="constant" value="-1" />
		<parameter constant_type="double" name="homophily_strength" type="constant" value="0.688279689033" />
		<parameter constant_type="number" name="initial_pwid_count" type="constant" value="31971" />
		<parameter constant_type="double" name="interaction_home_cutoff" type="constant" value="2.66478513138" />
		<parameter constant_type="double" name="interaction_rate_constant" type="constant" value="0.0144602539639" />
		<parameter constant_type="double" name="interaction_rate_at_drug_sites" type="constant" value="9.18354294706e-05" />
		<parameter constant_type="double" name="interaction_rate_exzone" type="constant" value="0.0943084686851" />
		<parameter constant_type="double" name="mean_career_duration" type="constant" value="30.1427479112" />
        <parameter constant_type="double" name="mean_days_acute_naive" type="constant" value="82.7992872867" />
		<parameter constant_type="double" name="mean_days_acute_rechallenged" type="constant" value="20.8334250801" />
		<parameter constant_type="double" name="mean_days_naive_to_infectious" type="constant" value="2.34937789988" />
		<parameter constant_type="double" name="mean_enrichment_ChicagoNonNEP" type="constant" value="0.64162090354" />
		<parameter constant_type="double" name="mean_enrichment_suburbs" type="constant" value="2.41542343426" />
		<parameter constant_type="double" name="mean_tie_lifetime" type="constant" value="896.159946624" />
		<parameter constant_type="double" name="net_inflow" type="constant" value="0.0" />
		<parameter constant_type="double" name="nonNEP_age_boost" type="constant" value="2.52590838773" />
		<parameter constant_type="double" name="nonNEP_age_started_boost" type="constant" value="0.900956510104" />
		<parameter constant_type="double" name="nonNEP_degree_boost" type="constant" value="0.256907489284" />
		<parameter constant_type="double" name="nonNEP_hcv_ab_boost" type="constant" value="0.0181485850196" />
		<parameter constant_type="double" name="nonNEP_injection_ratio" type="constant" value="0.810827910303" />
		<parameter constant_type="double" name="nonNEP_sharing_boost" type="constant" value="0.235936847193" />
		<parameter constant_type="string" name="output_directory" type="constant" value="output" />
		<parameter constant_type="double" name="prob_cessation" type="constant" value="0.247675797304" />
		<parameter constant_type="double" name="prob_infected_when_arrive" type="constant" value="0.0399706542429" />
		<parameter constant_type="double" name="prob_self_limiting_female" type="constant" value="0.350566676014" />
		<parameter constant_type="double" name="prob_self_limiting_male" type="constant" value="0.134809443685" />
		<parameter constant_type="double" name="prob_clearing" type="constant" value="0.788423067723" />
		<parameter constant_type="double" name="pwid_maturity_threshold" type="constant" value="4.49853271215" />
        <parameter comment="365*5 + 365 burnin" constant_type="number" name="run_length" shortvalue="4015" type="constant" value="4040" />
        <parameter constant_type="double" name="status_report_frequency" type="constant" value="365.0" />
        <parameter constant_type="double" name="transmissibility" type="constant" value="0.00526471873573" />
        <parameter constant_type="string" name="NEP_data" simulated_value="datagen/NEP_mock_2014.csv" type="constant" value="data/NEP_Risk_Base_Merge.csv" />
        <parameter constant_type="string" name="NHBS_data" simulated_value="datagen/NHBS_mock_2014.csv" type="constant" value="data/IDU2_HCV_model_012913_cleaned.csv" value2012="data/IDU3_2012-2014-04-17.csv" />
</sweep>