<sweep jobNum="242" runs="1">
		
		<parameter constant_type="double" name="ab_prob_acute" type="constant" value="0.0184825938643" />
		<parameter constant_type="double" name="ab_prob_chronic" type="constant" value="0.503070515017" />
		<parameter constant_type="double" name="attrition_rate" type="constant" value="0.0337627731377" />
		<parameter constant_type="double" name="burn_in_days" type="constant" value="365.0" value_nob="0" />
		<parameter constant_type="number" name="dump_network_distances" type="constant" value="-1" />
		<parameter constant_type="double" name="homophily_strength" type="constant" value="0.785526157991" />
		<parameter constant_type="number" name="initial_pwid_count" type="constant" value="31777" />
		<parameter constant_type="double" name="interaction_home_cutoff" type="constant" value="2.58164905501" />
		<parameter constant_type="double" name="interaction_rate_constant" type="constant" value="0.0150549196893" />
		<parameter constant_type="double" name="interaction_rate_at_drug_sites" type="constant" value="8.26904936998e-05" />
		<parameter constant_type="double" name="interaction_rate_exzone" type="constant" value="0.0772817494777" />
		<parameter constant_type="double" name="mean_career_duration" type="constant" value="18.8566948505" />
        <parameter constant_type="double" name="mean_days_acute_naive" type="constant" value="103.498239037" />
		<parameter constant_type="double" name="mean_days_acute_rechallenged" type="constant" value="15.6846135446" />
		<parameter constant_type="double" name="mean_days_naive_to_infectious" type="constant" value="2.70187785588" />
		<parameter constant_type="double" name="mean_enrichment_ChicagoNonNEP" type="constant" value="0.30464827583" />
		<parameter constant_type="double" name="mean_enrichment_suburbs" type="constant" value="1.66045860589" />
		<parameter constant_type="double" name="mean_tie_lifetime" type="constant" value="780.171257188" />
		<parameter constant_type="double" name="net_inflow" type="constant" value="0.0" />
		<parameter constant_type="double" name="nonNEP_age_boost" type="constant" value="2.78968495922" />
		<parameter constant_type="double" name="nonNEP_age_started_boost" type="constant" value="0.969732294791" />
		<parameter constant_type="double" name="nonNEP_degree_boost" type="constant" value="0.148567768623" />
		<parameter constant_type="double" name="nonNEP_hcv_ab_boost" type="constant" value="0.0158328712673" />
		<parameter constant_type="double" name="nonNEP_injection_ratio" type="constant" value="0.879760690007" />
		<parameter constant_type="double" name="nonNEP_sharing_boost" type="constant" value="0.284245184145" />
		<parameter constant_type="string" name="output_directory" type="constant" value="output" />
		<parameter constant_type="double" name="prob_cessation" type="constant" value="0.19056309249" />
		<parameter constant_type="double" name="prob_infected_when_arrive" type="constant" value="0.0807211403413" />
		<parameter constant_type="double" name="prob_self_limiting_female" type="constant" value="0.31817059192" />
		<parameter constant_type="double" name="prob_self_limiting_male" type="constant" value="0.113066331457" />
		<parameter constant_type="double" name="prob_clearing" type="constant" value="0.76930823541" />
		<parameter constant_type="double" name="pwid_maturity_threshold" type="constant" value="3.99529121021" />
        <parameter comment="365*5 + 365 burnin" constant_type="number" name="run_length" shortvalue="4015" type="constant" value="4040" />
        <parameter constant_type="double" name="status_report_frequency" type="constant" value="365.0" />
        <parameter constant_type="double" name="transmissibility" type="constant" value="0.0148530884097" />
        <parameter constant_type="string" name="NEP_data" simulated_value="datagen/NEP_mock_2014.csv" type="constant" value="data/NEP_Risk_Base_Merge.csv" />
        <parameter constant_type="string" name="NHBS_data" simulated_value="datagen/NHBS_mock_2014.csv" type="constant" value="data/IDU2_HCV_model_012913_cleaned.csv" value2012="data/IDU3_2012-2014-04-17.csv" />
</sweep>