<sweep jobNum="265" runs="1">
		
		<parameter constant_type="double" name="ab_prob_acute" type="constant" value="0.013911110368" />
		<parameter constant_type="double" name="ab_prob_chronic" type="constant" value="0.646169133313" />
		<parameter constant_type="double" name="attrition_rate" type="constant" value="0.0299780103986" />
		<parameter constant_type="double" name="burn_in_days" type="constant" value="365.0" value_nob="0" />
		<parameter constant_type="number" name="dump_network_distances" type="constant" value="-1" />
		<parameter constant_type="double" name="homophily_strength" type="constant" value="0.654877634025" />
		<parameter constant_type="number" name="initial_pwid_count" type="constant" value="31283" />
		<parameter constant_type="double" name="interaction_home_cutoff" type="constant" value="2.25073364393" />
		<parameter constant_type="double" name="interaction_rate_constant" type="constant" value="0.0156404226312" />
		<parameter constant_type="double" name="interaction_rate_at_drug_sites" type="constant" value="7.52053224255e-05" />
		<parameter constant_type="double" name="interaction_rate_exzone" type="constant" value="0.0851719511201" />
		<parameter constant_type="double" name="mean_career_duration" type="constant" value="31.760040796" />
        <parameter constant_type="double" name="mean_days_acute_naive" type="constant" value="124.642305937" />
		<parameter constant_type="double" name="mean_days_acute_rechallenged" type="constant" value="8.28017484273" />
		<parameter constant_type="double" name="mean_days_naive_to_infectious" type="constant" value="3.30409084981" />
		<parameter constant_type="double" name="mean_enrichment_ChicagoNonNEP" type="constant" value="0.608315187175" />
		<parameter constant_type="double" name="mean_enrichment_suburbs" type="constant" value="1.63857970582" />
		<parameter constant_type="double" name="mean_tie_lifetime" type="constant" value="742.477744221" />
		<parameter constant_type="double" name="net_inflow" type="constant" value="0.0" />
		<parameter constant_type="double" name="nonNEP_age_boost" type="constant" value="3.94442767266" />
		<parameter constant_type="double" name="nonNEP_age_started_boost" type="constant" value="2.43773532547" />
		<parameter constant_type="double" name="nonNEP_degree_boost" type="constant" value="0.249998920887" />
		<parameter constant_type="double" name="nonNEP_hcv_ab_boost" type="constant" value="0.0139305279083" />
		<parameter constant_type="double" name="nonNEP_injection_ratio" type="constant" value="0.843565097356" />
		<parameter constant_type="double" name="nonNEP_sharing_boost" type="constant" value="0.40912185676" />
		<parameter constant_type="string" name="output_directory" type="constant" value="output" />
		<parameter constant_type="double" name="prob_cessation" type="constant" value="0.179083747125" />
		<parameter constant_type="double" name="prob_infected_when_arrive" type="constant" value="0.0690653297935" />
		<parameter constant_type="double" name="prob_self_limiting_female" type="constant" value="0.335399680897" />
		<parameter constant_type="double" name="prob_self_limiting_male" type="constant" value="0.131125244903" />
		<parameter constant_type="double" name="prob_clearing" type="constant" value="0.849144365168" />
		<parameter constant_type="double" name="pwid_maturity_threshold" type="constant" value="3.52452934907" />
        <parameter comment="365*5 + 365 burnin" constant_type="number" name="run_length" shortvalue="4015" type="constant" value="4040" />
        <parameter constant_type="double" name="status_report_frequency" type="constant" value="365.0" />
        <parameter constant_type="double" name="transmissibility" type="constant" value="0.0184217498272" />
        <parameter constant_type="string" name="NEP_data" simulated_value="datagen/NEP_mock_2014.csv" type="constant" value="data/NEP_Risk_Base_Merge.csv" />
        <parameter constant_type="string" name="NHBS_data" simulated_value="datagen/NHBS_mock_2014.csv" type="constant" value="data/IDU2_HCV_model_012913_cleaned.csv" value2012="data/IDU3_2012-2014-04-17.csv" />
</sweep>