<sweep jobNum="62" runs="1">
		
		<parameter constant_type="double" name="ab_prob_acute" type="constant" value="0.0176688722756" />
		<parameter constant_type="double" name="ab_prob_chronic" type="constant" value="0.710934354792" />
		<parameter constant_type="double" name="attrition_rate" type="constant" value="0.0301563155441" />
		<parameter constant_type="double" name="burn_in_days" type="constant" value="365.0" value_nob="0" />
		<parameter constant_type="number" name="dump_network_distances" type="constant" value="-1" />
		<parameter constant_type="double" name="homophily_strength" type="constant" value="0.697432844881" />
		<parameter constant_type="number" name="initial_pwid_count" type="constant" value="32372" />
		<parameter constant_type="double" name="interaction_home_cutoff" type="constant" value="2.18065904557" />
		<parameter constant_type="double" name="interaction_rate_constant" type="constant" value="0.0101943489854" />
		<parameter constant_type="double" name="interaction_rate_at_drug_sites" type="constant" value="0.000112536682196" />
		<parameter constant_type="double" name="interaction_rate_exzone" type="constant" value="0.091749067617" />
		<parameter constant_type="double" name="mean_career_duration" type="constant" value="34.701512742" />
        <parameter constant_type="double" name="mean_days_acute_naive" type="constant" value="112.031168719" />
		<parameter constant_type="double" name="mean_days_acute_rechallenged" type="constant" value="8.09382566175" />
		<parameter constant_type="double" name="mean_days_naive_to_infectious" type="constant" value="3.6862838292" />
		<parameter constant_type="double" name="mean_enrichment_ChicagoNonNEP" type="constant" value="0.565615352156" />
		<parameter constant_type="double" name="mean_enrichment_suburbs" type="constant" value="1.84795457509" />
		<parameter constant_type="double" name="mean_tie_lifetime" type="constant" value="601.521638839" />
		<parameter constant_type="double" name="net_inflow" type="constant" value="0.0" />
		<parameter constant_type="double" name="nonNEP_age_boost" type="constant" value="4.27060093683" />
		<parameter constant_type="double" name="nonNEP_age_started_boost" type="constant" value="1.05641059717" />
		<parameter constant_type="double" name="nonNEP_degree_boost" type="constant" value="0.180478619987" />
		<parameter constant_type="double" name="nonNEP_hcv_ab_boost" type="constant" value="0.00595253089357" />
		<parameter constant_type="double" name="nonNEP_injection_ratio" type="constant" value="0.859323006424" />
		<parameter constant_type="double" name="nonNEP_sharing_boost" type="constant" value="0.314248661489" />
		<parameter constant_type="string" name="output_directory" type="constant" value="output" />
		<parameter constant_type="double" name="prob_cessation" type="constant" value="0.282793383127" />
		<parameter constant_type="double" name="prob_infected_when_arrive" type="constant" value="0.043930375457" />
		<parameter constant_type="double" name="prob_self_limiting_female" type="constant" value="0.355743770805" />
		<parameter constant_type="double" name="prob_self_limiting_male" type="constant" value="0.132578107885" />
		<parameter constant_type="double" name="prob_clearing" type="constant" value="0.841719511201" />
		<parameter constant_type="double" name="pwid_maturity_threshold" type="constant" value="3.96932078512" />
        <parameter comment="365*5 + 365 burnin" constant_type="number" name="run_length" shortvalue="4015" type="constant" value="4040" />
        <parameter constant_type="double" name="status_report_frequency" type="constant" value="365.0" />
        <parameter constant_type="double" name="transmissibility" type="constant" value="0.0104713670229" />
        <parameter constant_type="string" name="NEP_data" simulated_value="datagen/NEP_mock_2014.csv" type="constant" value="data/NEP_Risk_Base_Merge.csv" />
        <parameter constant_type="string" name="NHBS_data" simulated_value="datagen/NHBS_mock_2014.csv" type="constant" value="data/IDU2_HCV_model_012913_cleaned.csv" value2012="data/IDU3_2012-2014-04-17.csv" />
</sweep>