<sweep jobNum="116" runs="1">
		
		<parameter constant_type="double" name="ab_prob_acute" type="constant" value="0.0207136255675" />
		<parameter constant_type="double" name="ab_prob_chronic" type="constant" value="0.725277175474" />
		<parameter constant_type="double" name="attrition_rate" type="constant" value="0.0669552351043" />
		<parameter constant_type="double" name="burn_in_days" type="constant" value="365.0" value_nob="0" />
		<parameter constant_type="number" name="dump_network_distances" type="constant" value="-1" />
		<parameter constant_type="double" name="homophily_strength" type="constant" value="0.652336675516" />
		<parameter constant_type="number" name="initial_pwid_count" type="constant" value="32119" />
		<parameter constant_type="double" name="interaction_home_cutoff" type="constant" value="2.40124674878" />
		<parameter constant_type="double" name="interaction_rate_constant" type="constant" value="0.0151587398369" />
		<parameter constant_type="double" name="interaction_rate_at_drug_sites" type="constant" value="8.44964795661e-05" />
		<parameter constant_type="double" name="interaction_rate_exzone" type="constant" value="0.0851146997201" />
		<parameter constant_type="double" name="mean_career_duration" type="constant" value="16.2463430642" />
        <parameter constant_type="double" name="mean_days_acute_naive" type="constant" value="101.35821122" />
		<parameter constant_type="double" name="mean_days_acute_rechallenged" type="constant" value="25.541028989" />
		<parameter constant_type="double" name="mean_days_naive_to_infectious" type="constant" value="3.9585386879" />
		<parameter constant_type="double" name="mean_enrichment_ChicagoNonNEP" type="constant" value="0.526890362545" />
		<parameter constant_type="double" name="mean_enrichment_suburbs" type="constant" value="2.05573076756" />
		<parameter constant_type="double" name="mean_tie_lifetime" type="constant" value="567.021011796" />
		<parameter constant_type="double" name="net_inflow" type="constant" value="0.0" />
		<parameter constant_type="double" name="nonNEP_age_boost" type="constant" value="1.98137581766" />
		<parameter constant_type="double" name="nonNEP_age_started_boost" type="constant" value="1.1781351925" />
		<parameter constant_type="double" name="nonNEP_degree_boost" type="constant" value="0.258646012847" />
		<parameter constant_type="double" name="nonNEP_hcv_ab_boost" type="constant" value="0.0141687142417" />
		<parameter constant_type="double" name="nonNEP_injection_ratio" type="constant" value="0.825848331513" />
		<parameter constant_type="double" name="nonNEP_sharing_boost" type="constant" value="0.357435087107" />
		<parameter constant_type="string" name="output_directory" type="constant" value="output" />
		<parameter constant_type="double" name="prob_cessation" type="constant" value="0.166152189989" />
		<parameter constant_type="double" name="prob_infected_when_arrive" type="constant" value="0.0380751142353" />
		<parameter constant_type="double" name="prob_self_limiting_female" type="constant" value="0.340017301099" />
		<parameter constant_type="double" name="prob_self_limiting_male" type="constant" value="0.136602051158" />
		<parameter constant_type="double" name="prob_clearing" type="constant" value="0.799116372365" />
		<parameter constant_type="double" name="pwid_maturity_threshold" type="constant" value="5.19997841774" />
        <parameter comment="365*5 + 365 burnin" constant_type="number" name="run_length" shortvalue="4015" type="constant" value="4040" />
        <parameter constant_type="double" name="status_report_frequency" type="constant" value="365.0" />
        <parameter constant_type="double" name="transmissibility" type="constant" value="0.0259971744687" />
        <parameter constant_type="string" name="NEP_data" simulated_value="datagen/NEP_mock_2014.csv" type="constant" value="data/NEP_Risk_Base_Merge.csv" />
        <parameter constant_type="string" name="NHBS_data" simulated_value="datagen/NHBS_mock_2014.csv" type="constant" value="data/IDU2_HCV_model_012913_cleaned.csv" value2012="data/IDU3_2012-2014-04-17.csv" />
</sweep>