<sweep jobNum="226" runs="1">
		
		<parameter constant_type="double" name="ab_prob_acute" type="constant" value="0.0284706729122" />
		<parameter constant_type="double" name="ab_prob_chronic" type="constant" value="0.686968846875" />
		<parameter constant_type="double" name="attrition_rate" type="constant" value="0.0346792852543" />
		<parameter constant_type="double" name="burn_in_days" type="constant" value="365.0" value_nob="0" />
		<parameter constant_type="number" name="dump_network_distances" type="constant" value="-1" />
		<parameter constant_type="double" name="homophily_strength" type="constant" value="0.63423128752" />
		<parameter constant_type="number" name="initial_pwid_count" type="constant" value="30956" />
		<parameter constant_type="double" name="interaction_home_cutoff" type="constant" value="2.00855634832" />
		<parameter constant_type="double" name="interaction_rate_constant" type="constant" value="0.021181082217" />
		<parameter constant_type="double" name="interaction_rate_at_drug_sites" type="constant" value="9.64318721626e-05" />
		<parameter constant_type="double" name="interaction_rate_exzone" type="constant" value="0.0954063152807" />
		<parameter constant_type="double" name="mean_career_duration" type="constant" value="23.343904615" />
        <parameter constant_type="double" name="mean_days_acute_naive" type="constant" value="96.172180689" />
		<parameter constant_type="double" name="mean_days_acute_rechallenged" type="constant" value="17.0361406324" />
		<parameter constant_type="double" name="mean_days_naive_to_infectious" type="constant" value="2.05936847193" />
		<parameter constant_type="double" name="mean_enrichment_ChicagoNonNEP" type="constant" value="0.44867513213" />
		<parameter constant_type="double" name="mean_enrichment_suburbs" type="constant" value="2.20682125312" />
		<parameter constant_type="double" name="mean_tie_lifetime" type="constant" value="443.946978382" />
		<parameter constant_type="double" name="net_inflow" type="constant" value="0.0" />
		<parameter constant_type="double" name="nonNEP_age_boost" type="constant" value="1.94880908313" />
		<parameter constant_type="double" name="nonNEP_age_started_boost" type="constant" value="0.741461312096" />
		<parameter constant_type="double" name="nonNEP_degree_boost" type="constant" value="0.285122365975" />
		<parameter constant_type="double" name="nonNEP_hcv_ab_boost" type="constant" value="0.00950692471337" />
		<parameter constant_type="double" name="nonNEP_injection_ratio" type="constant" value="0.897031576403" />
		<parameter constant_type="double" name="nonNEP_sharing_boost" type="constant" value="0.273850022438" />
		<parameter constant_type="string" name="output_directory" type="constant" value="output" />
		<parameter constant_type="double" name="prob_cessation" type="constant" value="0.215021493673" />
		<parameter constant_type="double" name="prob_infected_when_arrive" type="constant" value="0.0177232941639" />
		<parameter constant_type="double" name="prob_self_limiting_female" type="constant" value="0.361325758819" />
		<parameter constant_type="double" name="prob_self_limiting_male" type="constant" value="0.108927394958" />
		<parameter constant_type="double" name="prob_clearing" type="constant" value="0.939712909395" />
		<parameter constant_type="double" name="pwid_maturity_threshold" type="constant" value="4.67341717882" />
        <parameter comment="365*5 + 365 burnin" constant_type="number" name="run_length" shortvalue="4015" type="constant" value="4040" />
        <parameter constant_type="double" name="status_report_frequency" type="constant" value="365.0" />
        <parameter constant_type="double" name="transmissibility" type="constant" value="0.0215041713998" />
        <parameter constant_type="string" name="NEP_data" simulated_value="datagen/NEP_mock_2014.csv" type="constant" value="data/NEP_Risk_Base_Merge.csv" />
        <parameter constant_type="string" name="NHBS_data" simulated_value="datagen/NHBS_mock_2014.csv" type="constant" value="data/IDU2_HCV_model_012913_cleaned.csv" value2012="data/IDU3_2012-2014-04-17.csv" />
</sweep>