<sweep jobNum="199" runs="1">
		
		<parameter constant_type="double" name="ab_prob_acute" type="constant" value="0.0171378370974" />
		<parameter constant_type="double" name="ab_prob_chronic" type="constant" value="0.623994296621" />
		<parameter constant_type="double" name="attrition_rate" type="constant" value="0.0177971792866" />
		<parameter constant_type="double" name="burn_in_days" type="constant" value="365.0" value_nob="0" />
		<parameter constant_type="number" name="dump_network_distances" type="constant" value="-1" />
		<parameter constant_type="double" name="homophily_strength" type="constant" value="0.709998920887" />
		<parameter constant_type="number" name="initial_pwid_count" type="constant" value="31331" />
		<parameter constant_type="double" name="interaction_home_cutoff" type="constant" value="1.24720443897" />
		<parameter constant_type="double" name="interaction_rate_constant" type="constant" value="0.0209850812111" />
		<parameter constant_type="double" name="interaction_rate_at_drug_sites" type="constant" value="0.000112831216968" />
		<parameter constant_type="double" name="interaction_rate_exzone" type="constant" value="0.0816764325241" />
		<parameter constant_type="double" name="mean_career_duration" type="constant" value="32.0730351133" />
        <parameter constant_type="double" name="mean_days_acute_naive" type="constant" value="91.8140799535" />
		<parameter constant_type="double" name="mean_days_acute_rechallenged" type="constant" value="22.6313456256" />
		<parameter constant_type="double" name="mean_days_naive_to_infectious" type="constant" value="3.58164905501" />
		<parameter constant_type="double" name="mean_enrichment_ChicagoNonNEP" type="constant" value="0.442756741947" />
		<parameter constant_type="double" name="mean_enrichment_suburbs" type="constant" value="2.48837931042" />
		<parameter constant_type="double" name="mean_tie_lifetime" type="constant" value="812.133348159" />
		<parameter constant_type="double" name="net_inflow" type="constant" value="0.0" />
		<parameter constant_type="double" name="nonNEP_age_boost" type="constant" value="2.55281678382" />
		<parameter constant_type="double" name="nonNEP_age_started_boost" type="constant" value="2.10743680186" />
		<parameter constant_type="double" name="nonNEP_degree_boost" type="constant" value="0.329712909395" />
		<parameter constant_type="double" name="nonNEP_hcv_ab_boost" type="constant" value="0.0147724764187" />
		<parameter constant_type="double" name="nonNEP_injection_ratio" type="constant" value="0.876420615191" />
		<parameter constant_type="double" name="nonNEP_sharing_boost" type="constant" value="0.336564498652" />
		<parameter constant_type="string" name="output_directory" type="constant" value="output" />
		<parameter constant_type="double" name="prob_cessation" type="constant" value="0.20271230327" />
		<parameter constant_type="double" name="prob_infected_when_arrive" type="constant" value="0.0242564238869" />
		<parameter constant_type="double" name="prob_self_limiting_female" type="constant" value="0.335690532433" />
		<parameter constant_type="double" name="prob_self_limiting_male" type="constant" value="0.109470034149" />
		<parameter constant_type="double" name="prob_clearing" type="constant" value="0.766107051089" />
		<parameter constant_type="double" name="pwid_maturity_threshold" type="constant" value="6.93521700486" />
        <parameter comment="365*5 + 365 burnin" constant_type="number" name="run_length" shortvalue="4015" type="constant" value="4040" />
        <parameter constant_type="double" name="status_report_frequency" type="constant" value="365.0" />
        <parameter constant_type="double" name="transmissibility" type="constant" value="0.0107818031674" />
        <parameter constant_type="string" name="NEP_data" simulated_value="datagen/NEP_mock_2014.csv" type="constant" value="data/NEP_Risk_Base_Merge.csv" />
        <parameter constant_type="string" name="NHBS_data" simulated_value="datagen/NHBS_mock_2014.csv" type="constant" value="data/IDU2_HCV_model_012913_cleaned.csv" value2012="data/IDU3_2012-2014-04-17.csv" />
</sweep>