<sweep jobNum="23" runs="1">
		
		<parameter constant_type="double" name="ab_prob_acute" type="constant" value="0.0240124674878" />
		<parameter constant_type="double" name="ab_prob_chronic" type="constant" value="0.623281257877" />
		<parameter constant_type="double" name="attrition_rate" type="constant" value="0.0692877323449" />
		<parameter constant_type="double" name="burn_in_days" type="constant" value="365.0" value_nob="0" />
		<parameter constant_type="number" name="dump_network_distances" type="constant" value="-1" />
		<parameter constant_type="double" name="homophily_strength" type="constant" value="0.696862195735" />
		<parameter constant_type="number" name="initial_pwid_count" type="constant" value="33358" />
		<parameter constant_type="double" name="interaction_home_cutoff" type="constant" value="2.65062210012" />
		<parameter constant_type="double" name="interaction_rate_constant" type="constant" value="0.0145308901823" />
		<parameter constant_type="double" name="interaction_rate_at_drug_sites" type="constant" value="9.67177506741e-05" />
		<parameter constant_type="double" name="interaction_rate_exzone" type="constant" value="0.0936038997922" />
		<parameter constant_type="double" name="mean_career_duration" type="constant" value="34.438286885" />
        <parameter constant_type="double" name="mean_days_acute_naive" type="constant" value="116.03749439" />
		<parameter constant_type="double" name="mean_days_acute_rechallenged" type="constant" value="17.3003493611" />
		<parameter constant_type="double" name="mean_days_naive_to_infectious" type="constant" value="2.56137169705" />
		<parameter constant_type="double" name="mean_enrichment_ChicagoNonNEP" type="constant" value="0.544281189043" />
		<parameter constant_type="double" name="mean_enrichment_suburbs" type="constant" value="1.99572182584" />
		<parameter constant_type="double" name="mean_tie_lifetime" type="constant" value="782.115388232" />
		<parameter constant_type="double" name="net_inflow" type="constant" value="0.0" />
		<parameter constant_type="double" name="nonNEP_age_boost" type="constant" value="2.3326242624" />
		<parameter constant_type="double" name="nonNEP_age_started_boost" type="constant" value="1.58853846489" />
		<parameter constant_type="double" name="nonNEP_degree_boost" type="constant" value="0.198013581854" />
		<parameter constant_type="double" name="nonNEP_hcv_ab_boost" type="constant" value="0.0120722953995" />
		<parameter constant_type="double" name="nonNEP_injection_ratio" type="constant" value="0.836578364064" />
		<parameter constant_type="double" name="nonNEP_sharing_boost" type="constant" value="0.371986418146" />
		<parameter constant_type="string" name="output_directory" type="constant" value="output" />
		<parameter constant_type="double" name="prob_cessation" type="constant" value="0.188691356771" />
		<parameter constant_type="double" name="prob_infected_when_arrive" type="constant" value="0.0311898966228" />
		<parameter constant_type="double" name="prob_self_limiting_female" type="constant" value="0.372199954743" />
		<parameter constant_type="double" name="prob_self_limiting_male" type="constant" value="0.133813682782" />
		<parameter constant_type="double" name="prob_clearing" type="constant" value="0.750469128309" />
		<parameter constant_type="double" name="pwid_maturity_threshold" type="constant" value="4.76559378065" />
        <parameter comment="365*5 + 365 burnin" constant_type="number" name="run_length" shortvalue="4015" type="constant" value="4040" />
        <parameter constant_type="double" name="status_report_frequency" type="constant" value="365.0" />
        <parameter constant_type="double" name="transmissibility" type="constant" value="0.0152774640269" />
        <parameter constant_type="string" name="NEP_data" simulated_value="datagen/NEP_mock_2014.csv" type="constant" value="data/NEP_Risk_Base_Merge.csv" />
        <parameter constant_type="string" name="NHBS_data" simulated_value="datagen/NHBS_mock_2014.csv" type="constant" value="data/IDU2_HCV_model_012913_cleaned.csv" value2012="data/IDU3_2012-2014-04-17.csv" />
</sweep>