<sweep jobNum="96" runs="1">
		
		<parameter constant_type="double" name="ab_prob_acute" type="constant" value="0.022389780879" />
		<parameter constant_type="double" name="ab_prob_chronic" type="constant" value="0.677602569257" />
		<parameter constant_type="double" name="attrition_rate" type="constant" value="0.0658574359824" />
		<parameter constant_type="double" name="burn_in_days" type="constant" value="365.0" value_nob="0" />
		<parameter constant_type="number" name="dump_network_distances" type="constant" value="-1" />
		<parameter constant_type="double" name="homophily_strength" type="constant" value="0.75749067617" />
		<parameter constant_type="number" name="initial_pwid_count" type="constant" value="30370" />
		<parameter constant_type="double" name="interaction_home_cutoff" type="constant" value="1.58635749377" />
		<parameter constant_type="double" name="interaction_rate_constant" type="constant" value="0.0134808149113" />
		<parameter constant_type="double" name="interaction_rate_at_drug_sites" type="constant" value="0.000125441813817" />
		<parameter constant_type="double" name="interaction_rate_exzone" type="constant" value="0.079064793653" />
		<parameter constant_type="double" name="mean_career_duration" type="constant" value="23.1254188248" />
        <parameter constant_type="double" name="mean_days_acute_naive" type="constant" value="121.586044848" />
		<parameter constant_type="double" name="mean_days_acute_rechallenged" type="constant" value="14.274323416" />
		<parameter constant_type="double" name="mean_days_naive_to_infectious" type="constant" value="2.83092510716" />
		<parameter constant_type="double" name="mean_enrichment_ChicagoNonNEP" type="constant" value="0.43317953915" />
		<parameter constant_type="double" name="mean_enrichment_suburbs" type="constant" value="2.41946474456" />
		<parameter constant_type="double" name="mean_tie_lifetime" type="constant" value="706.51817143" />
		<parameter constant_type="double" name="net_inflow" type="constant" value="0.0" />
		<parameter constant_type="double" name="nonNEP_age_boost" type="constant" value="1.61546845436" />
		<parameter constant_type="double" name="nonNEP_age_started_boost" type="constant" value="1.18466039256" />
		<parameter constant_type="double" name="nonNEP_degree_boost" type="constant" value="0.218443600911" />
		<parameter constant_type="double" name="nonNEP_hcv_ab_boost" type="constant" value="0.00775099280213" />
		<parameter constant_type="double" name="nonNEP_injection_ratio" type="constant" value="0.856722590636" />
		<parameter constant_type="double" name="nonNEP_sharing_boost" type="constant" value="0.298393892515" />
		<parameter constant_type="string" name="output_directory" type="constant" value="output" />
		<parameter constant_type="double" name="prob_cessation" type="constant" value="0.255233534632" />
		<parameter constant_type="double" name="prob_infected_when_arrive" type="constant" value="0.0526257994607" />
		<parameter constant_type="double" name="prob_self_limiting_female" type="constant" value="0.330092090894" />
		<parameter constant_type="double" name="prob_self_limiting_male" type="constant" value="0.139733214661" />
		<parameter constant_type="double" name="prob_clearing" type="constant" value="0.776226467453" />
		<parameter constant_type="double" name="pwid_maturity_threshold" type="constant" value="4.43944270373" />
        <parameter comment="365*5 + 365 burnin" constant_type="number" name="run_length" shortvalue="4015" type="constant" value="4040" />
        <parameter constant_type="double" name="status_report_frequency" type="constant" value="365.0" />
        <parameter constant_type="double" name="transmissibility" type="constant" value="0.00600257805086" />
        <parameter constant_type="string" name="NEP_data" simulated_value="datagen/NEP_mock_2014.csv" type="constant" value="data/NEP_Risk_Base_Merge.csv" />
        <parameter constant_type="string" name="NHBS_data" simulated_value="datagen/NHBS_mock_2014.csv" type="constant" value="data/IDU2_HCV_model_012913_cleaned.csv" value2012="data/IDU3_2012-2014-04-17.csv" />
</sweep>