<sweep jobNum="287" runs="1">
		
		<parameter constant_type="double" name="ab_prob_acute" type="constant" value="0.0187130194713" />
		<parameter constant_type="double" name="ab_prob_chronic" type="constant" value="0.501432546833" />
		<parameter constant_type="double" name="attrition_rate" type="constant" value="0.031948987701" />
		<parameter constant_type="double" name="burn_in_days" type="constant" value="365.0" value_nob="0" />
		<parameter constant_type="number" name="dump_network_distances" type="constant" value="-1" />
		<parameter constant_type="double" name="homophily_strength" type="constant" value="0.699714791483" />
		<parameter constant_type="number" name="initial_pwid_count" type="constant" value="31295" />
		<parameter constant_type="double" name="interaction_home_cutoff" type="constant" value="1.83092510716" />
		<parameter constant_type="double" name="interaction_rate_constant" type="constant" value="0.0188982002184" />
		<parameter constant_type="double" name="interaction_rate_at_drug_sites" type="constant" value="0.000118831841177" />
		<parameter constant_type="double" name="interaction_rate_exzone" type="constant" value="0.0798423067723" />
		<parameter constant_type="double" name="mean_career_duration" type="constant" value="30.2669039918" />
        <parameter constant_type="double" name="mean_days_acute_naive" type="constant" value="101.928697871" />
		<parameter constant_type="double" name="mean_days_acute_rechallenged" type="constant" value="25.7707692978" />
		<parameter constant_type="double" name="mean_days_naive_to_infectious" type="constant" value="2.11136876544" />
		<parameter constant_type="double" name="mean_enrichment_ChicagoNonNEP" type="constant" value="0.507417111219" />
		<parameter constant_type="double" name="mean_enrichment_suburbs" type="constant" value="1.64960302771" />
		<parameter constant_type="double" name="mean_tie_lifetime" type="constant" value="433.542737947" />
		<parameter constant_type="double" name="net_inflow" type="constant" value="0.0" />
		<parameter constant_type="double" name="nonNEP_age_boost" type="constant" value="3.262296054" />
		<parameter constant_type="double" name="nonNEP_age_started_boost" type="constant" value="2.53892948911" />
		<parameter constant_type="double" name="nonNEP_degree_boost" type="constant" value="0.225402710561" />
		<parameter constant_type="double" name="nonNEP_hcv_ab_boost" type="constant" value="0.0142884764536" />
		<parameter constant_type="double" name="nonNEP_injection_ratio" type="constant" value="0.874794677574" />
		<parameter constant_type="double" name="nonNEP_sharing_boost" type="constant" value="0.352725546563" />
		<parameter constant_type="string" name="output_directory" type="constant" value="output" />
		<parameter constant_type="double" name="prob_cessation" type="constant" value="0.299089893589" />
		<parameter constant_type="double" name="prob_infected_when_arrive" type="constant" value="0.0432370042865" />
		<parameter constant_type="double" name="prob_self_limiting_female" type="constant" value="0.38643904701" />
		<parameter constant_type="double" name="prob_self_limiting_male" type="constant" value="0.123649693225" />
		<parameter constant_type="double" name="prob_clearing" type="constant" value="0.854850439469" />
		<parameter constant_type="double" name="pwid_maturity_threshold" type="constant" value="4.28334250801" />
        <parameter comment="365*5 + 365 burnin" constant_type="number" name="run_length" shortvalue="4015" type="constant" value="4040" />
        <parameter constant_type="double" name="status_report_frequency" type="constant" value="365.0" />
        <parameter constant_type="double" name="transmissibility" type="constant" value="0.0228211167021" />
        <parameter constant_type="string" name="NEP_data" simulated_value="datagen/NEP_mock_2014.csv" type="constant" value="data/NEP_Risk_Base_Merge.csv" />
        <parameter constant_type="string" name="NHBS_data" simulated_value="datagen/NHBS_mock_2014.csv" type="constant" value="data/IDU2_HCV_model_012913_cleaned.csv" value2012="data/IDU3_2012-2014-04-17.csv" />
</sweep>