<sweep jobNum="228" runs="1">
		
		<parameter constant_type="double" name="ab_prob_acute" type="constant" value="0.0158013581854" />
		<parameter constant_type="double" name="ab_prob_chronic" type="constant" value="0.552553864198" />
		<parameter constant_type="double" name="attrition_rate" type="constant" value="0.0202815575536" />
		<parameter constant_type="double" name="burn_in_days" type="constant" value="365.0" value_nob="0" />
		<parameter constant_type="number" name="dump_network_distances" type="constant" value="-1" />
		<parameter constant_type="double" name="homophily_strength" type="constant" value="0.72389780879" />
		<parameter constant_type="number" name="initial_pwid_count" type="constant" value="33598" />
		<parameter constant_type="double" name="interaction_home_cutoff" type="constant" value="2.09425807125" />
		<parameter constant_type="double" name="interaction_rate_constant" type="constant" value="0.0185191850887" />
		<parameter constant_type="double" name="interaction_rate_at_drug_sites" type="constant" value="0.000147926934395" />
		<parameter constant_type="double" name="interaction_rate_exzone" type="constant" value="0.0826589769575" />
		<parameter constant_type="double" name="mean_career_duration" type="constant" value="32.7658433641" />
        <parameter constant_type="double" name="mean_days_acute_naive" type="constant" value="78.9244742393" />
		<parameter constant_type="double" name="mean_days_acute_rechallenged" type="constant" value="14.129587306" />
		<parameter constant_type="double" name="mean_days_naive_to_infectious" type="constant" value="3.66478513138" />
		<parameter constant_type="double" name="mean_enrichment_ChicagoNonNEP" type="constant" value="0.609638593676" />
		<parameter constant_type="double" name="mean_enrichment_suburbs" type="constant" value="2.10486469211" />
		<parameter constant_type="double" name="mean_tie_lifetime" type="constant" value="701.232727884" />
		<parameter constant_type="double" name="net_inflow" type="constant" value="0.0" />
		<parameter constant_type="double" name="nonNEP_age_boost" type="constant" value="4.22226323035" />
		<parameter constant_type="double" name="nonNEP_age_started_boost" type="constant" value="1.24877634025" />
		<parameter constant_type="double" name="nonNEP_degree_boost" type="constant" value="0.143239149757" />
		<parameter constant_type="double" name="nonNEP_hcv_ab_boost" type="constant" value="0.0116159149373" />
		<parameter constant_type="double" name="nonNEP_injection_ratio" type="constant" value="0.864608202019" />
		<parameter constant_type="double" name="nonNEP_sharing_boost" type="constant" value="0.38023543949" />
		<parameter constant_type="string" name="output_directory" type="constant" value="output" />
		<parameter constant_type="double" name="prob_cessation" type="constant" value="0.22707777171" />
		<parameter constant_type="double" name="prob_infected_when_arrive" type="constant" value="0.0286006987221" />
		<parameter constant_type="double" name="prob_self_limiting_female" type="constant" value="0.360433411489" />
		<parameter constant_type="double" name="prob_self_limiting_male" type="constant" value="0.127396802545" />
		<parameter constant_type="double" name="prob_clearing" type="constant" value="0.840001079113" />
		<parameter constant_type="double" name="pwid_maturity_threshold" type="constant" value="6.30124420025" />
        <parameter comment="365*5 + 365 burnin" constant_type="number" name="run_length" shortvalue="4015" type="constant" value="4040" />
        <parameter constant_type="double" name="status_report_frequency" type="constant" value="365.0" />
        <parameter constant_type="double" name="transmissibility" type="constant" value="0.0470876670153" />
        <parameter constant_type="string" name="NEP_data" simulated_value="datagen/NEP_mock_2014.csv" type="constant" value="data/NEP_Risk_Base_Merge.csv" />
        <parameter constant_type="string" name="NHBS_data" simulated_value="datagen/NHBS_mock_2014.csv" type="constant" value="data/IDU2_HCV_model_012913_cleaned.csv" value2012="data/IDU3_2012-2014-04-17.csv" />
</sweep>