<sweep jobNum="91" runs="1">
		
		<parameter constant_type="double" name="ab_prob_acute" type="constant" value="0.0171972135187" />
		<parameter constant_type="double" name="ab_prob_chronic" type="constant" value="0.655599910503" />
		<parameter constant_type="double" name="attrition_rate" type="constant" value="0.0147364883608" />
		<parameter constant_type="double" name="burn_in_days" type="constant" value="365.0" value_nob="0" />
		<parameter constant_type="number" name="dump_network_distances" type="constant" value="-1" />
		<parameter constant_type="double" name="homophily_strength" type="constant" value="0.706564498652" />
		<parameter constant_type="number" name="initial_pwid_count" type="constant" value="32165" />
		<parameter constant_type="double" name="interaction_home_cutoff" type="constant" value="2.16907489284" />
		<parameter constant_type="double" name="interaction_rate_constant" type="constant" value="0.0173284356713" />
		<parameter constant_type="double" name="interaction_rate_at_drug_sites" type="constant" value="0.000127741704563" />
		<parameter constant_type="double" name="interaction_rate_exzone" type="constant" value="0.0850574192875" />
		<parameter constant_type="double" name="mean_career_duration" type="constant" value="32.1357612973" />
        <parameter constant_type="double" name="mean_days_acute_naive" type="constant" value="99.6435482186" />
		<parameter constant_type="double" name="mean_days_acute_rechallenged" type="constant" value="20.5895920593" />
		<parameter constant_type="double" name="mean_days_naive_to_infectious" type="constant" value="2.67793689454" />
		<parameter constant_type="double" name="mean_enrichment_ChicagoNonNEP" type="constant" value="0.69535172417" />
		<parameter constant_type="double" name="mean_enrichment_suburbs" type="constant" value="2.12536682196" />
		<parameter constant_type="double" name="mean_tie_lifetime" type="constant" value="869.233067855" />
		<parameter constant_type="double" name="net_inflow" type="constant" value="0.0" />
		<parameter constant_type="double" name="nonNEP_age_boost" type="constant" value="2.43504476469" />
		<parameter constant_type="double" name="nonNEP_age_started_boost" type="constant" value="2.08891234214" />
		<parameter constant_type="double" name="nonNEP_degree_boost" type="constant" value="0.231719511201" />
		<parameter constant_type="double" name="nonNEP_hcv_ab_boost" type="constant" value="0.0054289448256" />
		<parameter constant_type="double" name="nonNEP_injection_ratio" type="constant" value="0.838344361378" />
		<parameter constant_type="double" name="nonNEP_sharing_boost" type="constant" value="0.354485163628" />
		<parameter constant_type="string" name="output_directory" type="constant" value="output" />
		<parameter constant_type="double" name="prob_cessation" type="constant" value="0.173758586613" />
		<parameter constant_type="double" name="prob_infected_when_arrive" type="constant" value="0.0337025279255" />
		<parameter constant_type="double" name="prob_self_limiting_female" type="constant" value="0.392678387417" />
		<parameter constant_type="double" name="prob_self_limiting_male" type="constant" value="0.106362318176" />
		<parameter constant_type="double" name="prob_clearing" type="constant" value="0.784937789988" />
		<parameter constant_type="double" name="pwid_maturity_threshold" type="constant" value="3.71282119435" />
        <parameter comment="365*5 + 365 burnin" constant_type="number" name="run_length" shortvalue="4015" type="constant" value="4040" />
        <parameter constant_type="double" name="status_report_frequency" type="constant" value="365.0" />
        <parameter constant_type="double" name="transmissibility" type="constant" value="0.0238070014911" />
        <parameter constant_type="string" name="NEP_data" simulated_value="datagen/NEP_mock_2014.csv" type="constant" value="data/NEP_Risk_Base_Merge.csv" />
        <parameter constant_type="string" name="NHBS_data" simulated_value="datagen/NHBS_mock_2014.csv" type="constant" value="data/IDU2_HCV_model_012913_cleaned.csv" value2012="data/IDU3_2012-2014-04-17.csv" />
</sweep>