<sweep jobNum="136" runs="1">
		
		<parameter constant_type="double" name="ab_prob_acute" type="constant" value="0.0278344179394" />
		<parameter constant_type="double" name="ab_prob_chronic" type="constant" value="0.730464050981" />
		<parameter constant_type="double" name="attrition_rate" type="constant" value="0.0290887127669" />
		<parameter constant_type="double" name="burn_in_days" type="constant" value="365.0" value_nob="0" />
		<parameter constant_type="number" name="dump_network_distances" type="constant" value="-1" />
		<parameter constant_type="double" name="homophily_strength" type="constant" value="0.767191679025" />
		<parameter constant_type="number" name="initial_pwid_count" type="constant" value="30641" />
		<parameter constant_type="double" name="interaction_home_cutoff" type="constant" value="1.67192323922" />
		<parameter constant_type="double" name="interaction_rate_constant" type="constant" value="0.0113457273079" />
		<parameter constant_type="double" name="interaction_rate_at_drug_sites" type="constant" value="0.000140345882295" />
		<parameter constant_type="double" name="interaction_rate_exzone" type="constant" value="0.0897663682354" />
		<parameter constant_type="double" name="mean_career_duration" type="constant" value="23.6319628654" />
        <parameter constant_type="double" name="mean_days_acute_naive" type="constant" value="116.541226375" />
		<parameter constant_type="double" name="mean_days_acute_rechallenged" type="constant" value="34.8028000522" />
		<parameter constant_type="double" name="mean_days_naive_to_infectious" type="constant" value="3.46389101227" />
		<parameter constant_type="double" name="mean_enrichment_ChicagoNonNEP" type="constant" value="0.628717880565" />
		<parameter constant_type="double" name="mean_enrichment_suburbs" type="constant" value="2.40742107678" />
		<parameter constant_type="double" name="mean_tie_lifetime" type="constant" value="389.264213226" />
		<parameter constant_type="double" name="net_inflow" type="constant" value="0.0" />
		<parameter constant_type="double" name="nonNEP_age_boost" type="constant" value="3.34088319845" />
		<parameter constant_type="double" name="nonNEP_age_started_boost" type="constant" value="2.06441780074" />
		<parameter constant_type="double" name="nonNEP_degree_boost" type="constant" value="0.273410230425" />
		<parameter constant_type="double" name="nonNEP_hcv_ab_boost" type="constant" value="0.000749631756177" />
		<parameter constant_type="double" name="nonNEP_injection_ratio" type="constant" value="0.802522647665" />
		<parameter constant_type="double" name="nonNEP_sharing_boost" type="constant" value="0.267732104312" />
		<parameter constant_type="string" name="output_directory" type="constant" value="output" />
		<parameter constant_type="double" name="prob_cessation" type="constant" value="0.259355940478" />
		<parameter constant_type="double" name="prob_infected_when_arrive" type="constant" value="0.0677966863361" />
		<parameter constant_type="double" name="prob_self_limiting_female" type="constant" value="0.333646648823" />
		<parameter constant_type="double" name="prob_self_limiting_male" type="constant" value="0.129473946097" />
		<parameter constant_type="double" name="prob_clearing" type="constant" value="0.798466039256" />
		<parameter constant_type="double" name="pwid_maturity_threshold" type="constant" value="6.3870412694" />
        <parameter comment="365*5 + 365 burnin" constant_type="number" name="run_length" shortvalue="4015" type="constant" value="4040" />
        <parameter constant_type="double" name="status_report_frequency" type="constant" value="365.0" />
        <parameter constant_type="double" name="transmissibility" type="constant" value="0.0404244483485" />
        <parameter constant_type="string" name="NEP_data" simulated_value="datagen/NEP_mock_2014.csv" type="constant" value="data/NEP_Risk_Base_Merge.csv" />
        <parameter constant_type="string" name="NHBS_data" simulated_value="datagen/NHBS_mock_2014.csv" type="constant" value="data/IDU2_HCV_model_012913_cleaned.csv" value2012="data/IDU3_2012-2014-04-17.csv" />
</sweep>