<sweep jobNum="28" runs="1">
		
		<parameter constant_type="double" name="ab_prob_acute" type="constant" value="0.0258841789367" />
		<parameter constant_type="double" name="ab_prob_chronic" type="constant" value="0.696431514658" />
		<parameter constant_type="double" name="attrition_rate" type="constant" value="0.0308711848453" />
		<parameter constant_type="double" name="burn_in_days" type="constant" value="365.0" value_nob="0" />
		<parameter constant_type="number" name="dump_network_distances" type="constant" value="-1" />
		<parameter constant_type="double" name="homophily_strength" type="constant" value="0.782281816511" />
		<parameter constant_type="number" name="initial_pwid_count" type="constant" value="30712" />
		<parameter constant_type="double" name="interaction_home_cutoff" type="constant" value="2.53498253195" />
		<parameter constant_type="double" name="interaction_rate_constant" type="constant" value="0.018077140756" />
		<parameter constant_type="double" name="interaction_rate_at_drug_sites" type="constant" value="0.000115503520434" />
		<parameter constant_type="double" name="interaction_rate_exzone" type="constant" value="0.0762324137915" />
		<parameter constant_type="double" name="mean_career_duration" type="constant" value="24.6140766803" />
        <parameter constant_type="double" name="mean_days_acute_naive" type="constant" value="124.004926673" />
		<parameter constant_type="double" name="mean_days_acute_rechallenged" type="constant" value="9.3641968603" />
		<parameter constant_type="double" name="mean_days_naive_to_infectious" type="constant" value="2.77859405479" />
		<parameter constant_type="double" name="mean_enrichment_ChicagoNonNEP" type="constant" value="0.572883560148" />
		<parameter constant_type="double" name="mean_enrichment_suburbs" type="constant" value="2.173095063" />
		<parameter constant_type="double" name="mean_tie_lifetime" type="constant" value="462.142378375" />
		<parameter constant_type="double" name="net_inflow" type="constant" value="0.0" />
		<parameter constant_type="double" name="nonNEP_age_boost" type="constant" value="3.97593315018" />
		<parameter constant_type="double" name="nonNEP_age_started_boost" type="constant" value="1.38393892515" />
		<parameter constant_type="double" name="nonNEP_degree_boost" type="constant" value="0.156107051089" />
		<parameter constant_type="double" name="nonNEP_hcv_ab_boost" type="constant" value="0.00671323291722" />
		<parameter constant_type="double" name="nonNEP_injection_ratio" type="constant" value="0.803410492151" />
		<parameter constant_type="double" name="nonNEP_sharing_boost" type="constant" value="0.27250932383" />
		<parameter constant_type="string" name="output_directory" type="constant" value="output" />
		<parameter constant_type="double" name="prob_cessation" type="constant" value="0.228790213724" />
		<parameter constant_type="double" name="prob_infected_when_arrive" type="constant" value="0.0590902186252" />
		<parameter constant_type="double" name="prob_self_limiting_female" type="constant" value="0.361027781058" />
		<parameter constant_type="double" name="prob_self_limiting_male" type="constant" value="0.121818475378" />
		<parameter constant_type="double" name="prob_clearing" type="constant" value="0.819590915019" />
		<parameter constant_type="double" name="pwid_maturity_threshold" type="constant" value="6.00470878979" />
        <parameter comment="365*5 + 365 burnin" constant_type="number" name="run_length" shortvalue="4015" type="constant" value="4040" />
        <parameter constant_type="double" name="status_report_frequency" type="constant" value="365.0" />
        <parameter constant_type="double" name="transmissibility" type="constant" value="0.00954036057869" />
        <parameter constant_type="string" name="NEP_data" simulated_value="datagen/NEP_mock_2014.csv" type="constant" value="data/NEP_Risk_Base_Merge.csv" />
        <parameter constant_type="string" name="NHBS_data" simulated_value="datagen/NHBS_mock_2014.csv" type="constant" value="data/IDU2_HCV_model_012913_cleaned.csv" value2012="data/IDU3_2012-2014-04-17.csv" />
</sweep>