<sweep jobNum="248" runs="1">
		
		<parameter constant_type="double" name="ab_prob_acute" type="constant" value="0.0213445181272" />
		<parameter constant_type="double" name="ab_prob_chronic" type="constant" value="0.498066821397" />
		<parameter constant_type="double" name="attrition_rate" type="constant" value="0.0176186717238" />
		<parameter constant_type="double" name="burn_in_days" type="constant" value="365.0" value_nob="0" />
		<parameter constant_type="number" name="dump_network_distances" type="constant" value="-1" />
		<parameter constant_type="double" name="homophily_strength" type="constant" value="0.613648629716" />
		<parameter constant_type="number" name="initial_pwid_count" type="constant" value="33416" />
		<parameter constant_type="double" name="interaction_home_cutoff" type="constant" value="2.83892948911" />
		<parameter constant_type="double" name="interaction_rate_constant" type="constant" value="0.0110149187889" />
		<parameter constant_type="double" name="interaction_rate_at_drug_sites" type="constant" value="0.000104712903563" />
		<parameter constant_type="double" name="interaction_rate_exzone" type="constant" value="0.0763239149757" />
		<parameter constant_type="double" name="mean_career_duration" type="constant" value="11.1826747275" />
        <parameter constant_type="double" name="mean_days_acute_naive" type="constant" value="103.069856947" />
		<parameter constant_type="double" name="mean_days_acute_rechallenged" type="constant" value="43.6688358788" />
		<parameter constant_type="double" name="mean_days_naive_to_infectious" type="constant" value="3.34014000261" />
		<parameter constant_type="double" name="mean_enrichment_ChicagoNonNEP" type="constant" value="0.500570417035" />
		<parameter constant_type="double" name="mean_enrichment_suburbs" type="constant" value="1.51162068958" />
		<parameter constant_type="double" name="mean_tie_lifetime" type="constant" value="608.365812383" />
		<parameter constant_type="double" name="net_inflow" type="constant" value="0.0" />
		<parameter constant_type="double" name="nonNEP_age_boost" type="constant" value="3.96538410424" />
		<parameter constant_type="double" name="nonNEP_age_started_boost" type="constant" value="2.64063152807" />
		<parameter constant_type="double" name="nonNEP_degree_boost" type="constant" value="0.163961002078" />
		<parameter constant_type="double" name="nonNEP_hcv_ab_boost" type="constant" value="0.0123012662437" />
		<parameter constant_type="double" name="nonNEP_injection_ratio" type="constant" value="0.846145876958" />
		<parameter constant_type="double" name="nonNEP_sharing_boost" type="constant" value="0.296589769575" />
		<parameter constant_type="string" name="output_directory" type="constant" value="output" />
		<parameter constant_type="double" name="prob_cessation" type="constant" value="0.227648721305" />
		<parameter constant_type="double" name="prob_infected_when_arrive" type="constant" value="0.0192788596587" />
		<parameter constant_type="double" name="prob_self_limiting_female" type="constant" value="0.364947767277" />
		<parameter constant_type="double" name="prob_self_limiting_male" type="constant" value="0.106510903417" />
		<parameter constant_type="double" name="prob_clearing" type="constant" value="0.855421609344" />
		<parameter constant_type="double" name="pwid_maturity_threshold" type="constant" value="4.4867513213" />
        <parameter comment="365*5 + 365 burnin" constant_type="number" name="run_length" shortvalue="4015" type="constant" value="4040" />
        <parameter constant_type="double" name="status_report_frequency" type="constant" value="365.0" />
        <parameter constant_type="double" name="transmissibility" type="constant" value="0.00610761805354" />
        <parameter constant_type="string" name="NEP_data" simulated_value="datagen/NEP_mock_2014.csv" type="constant" value="data/NEP_Risk_Base_Merge.csv" />
        <parameter constant_type="string" name="NHBS_data" simulated_value="datagen/NHBS_mock_2014.csv" type="constant" value="data/IDU2_HCV_model_012913_cleaned.csv" value2012="data/IDU3_2012-2014-04-17.csv" />
</sweep>