<sweep jobNum="149" runs="1">
		
		<parameter constant_type="double" name="ab_prob_acute" type="constant" value="0.0147158769617" />
		<parameter constant_type="double" name="ab_prob_chronic" type="constant" value="0.639351969911" />
		<parameter constant_type="double" name="attrition_rate" type="constant" value="0.0662187601405" />
		<parameter constant_type="double" name="burn_in_days" type="constant" value="365.0" value_nob="0" />
		<parameter constant_type="number" name="dump_network_distances" type="constant" value="-1" />
		<parameter constant_type="double" name="homophily_strength" type="constant" value="0.771545313262" />
		<parameter constant_type="number" name="initial_pwid_count" type="constant" value="30903" />
		<parameter constant_type="double" name="interaction_home_cutoff" type="constant" value="1.16915313149" />
		<parameter constant_type="double" name="interaction_rate_constant" type="constant" value="0.0157432343326" />
		<parameter constant_type="double" name="interaction_rate_at_drug_sites" type="constant" value="9.78602861054e-05" />
		<parameter constant_type="double" name="interaction_rate_exzone" type="constant" value="0.077930823541" />
		<parameter constant_type="double" name="mean_career_duration" type="constant" value="19.2291697307" />
        <parameter constant_type="double" name="mean_days_acute_naive" type="constant" value="88.4606016031" />
		<parameter constant_type="double" name="mean_days_acute_rechallenged" type="constant" value="24.0383730138" />
		<parameter constant_type="double" name="mean_days_naive_to_infectious" type="constant" value="2.78443600911" />
		<parameter constant_type="double" name="mean_enrichment_ChicagoNonNEP" type="constant" value="0.431971999478" />
		<parameter constant_type="double" name="mean_enrichment_suburbs" type="constant" value="2.07010501359" />
		<parameter constant_type="double" name="mean_tie_lifetime" type="constant" value="898.715051642" />
		<parameter constant_type="double" name="net_inflow" type="constant" value="0.0" />
		<parameter constant_type="double" name="nonNEP_age_boost" type="constant" value="2.86720495802" />
		<parameter constant_type="double" name="nonNEP_age_started_boost" type="constant" value="2.43026770521" />
		<parameter constant_type="double" name="nonNEP_degree_boost" type="constant" value="0.18976456051" />
		<parameter constant_type="double" name="nonNEP_hcv_ab_boost" type="constant" value="0.00121893404954" />
		<parameter constant_type="double" name="nonNEP_injection_ratio" type="constant" value="0.892353364561" />
		<parameter constant_type="double" name="nonNEP_sharing_boost" type="constant" value="0.28550828416" />
		<parameter constant_type="string" name="output_directory" type="constant" value="output" />
		<parameter constant_type="double" name="prob_cessation" type="constant" value="0.232212777334" />
		<parameter constant_type="double" name="prob_infected_when_arrive" type="constant" value="0.0894396503145" />
		<parameter constant_type="double" name="prob_self_limiting_female" type="constant" value="0.337717325952" />
		<parameter constant_type="double" name="prob_self_limiting_male" type="constant" value="0.129225223227" />
		<parameter constant_type="double" name="prob_clearing" type="constant" value="0.878027864813" />
		<parameter constant_type="double" name="pwid_maturity_threshold" type="constant" value="6.84604206085" />
        <parameter comment="365*5 + 365 burnin" constant_type="number" name="run_length" shortvalue="4015" type="constant" value="4040" />
        <parameter constant_type="double" name="status_report_frequency" type="constant" value="365.0" />
        <parameter constant_type="double" name="transmissibility" type="constant" value="0.0218592601935" />
        <parameter constant_type="string" name="NEP_data" simulated_value="datagen/NEP_mock_2014.csv" type="constant" value="data/NEP_Risk_Base_Merge.csv" />
        <parameter constant_type="string" name="NHBS_data" simulated_value="datagen/NHBS_mock_2014.csv" type="constant" value="data/IDU2_HCV_model_012913_cleaned.csv" value2012="data/IDU3_2012-2014-04-17.csv" />
</sweep>