<sweep jobNum="72" runs="1">
		
		<parameter constant_type="double" name="ab_prob_acute" type="constant" value="0.0248303336974" />
		<parameter constant_type="double" name="ab_prob_chronic" type="constant" value="0.512346527103" />
		<parameter constant_type="double" name="attrition_rate" type="constant" value="0.0491744754716" />
		<parameter constant_type="double" name="burn_in_days" type="constant" value="365.0" value_nob="0" />
		<parameter constant_type="number" name="dump_network_distances" type="constant" value="-1" />
		<parameter constant_type="double" name="homophily_strength" type="constant" value="0.721556399089" />
		<parameter constant_type="number" name="initial_pwid_count" type="constant" value="32291" />
		<parameter constant_type="double" name="interaction_home_cutoff" type="constant" value="2.83084686851" />
		<parameter constant_type="double" name="interaction_rate_constant" type="constant" value="0.0162910263681" />
		<parameter constant_type="double" name="interaction_rate_at_drug_sites" type="constant" value="0.000136142029418" />
		<parameter constant_type="double" name="interaction_rate_exzone" type="constant" value="0.0949712909395" />
		<parameter constant_type="double" name="mean_career_duration" type="constant" value="23.7034216046" />
        <parameter constant_type="double" name="mean_days_acute_naive" type="constant" value="90.5612960361" />
		<parameter constant_type="double" name="mean_days_acute_rechallenged" type="constant" value="22.2756741947" />
		<parameter constant_type="double" name="mean_days_naive_to_infectious" type="constant" value="2.58013581854" />
		<parameter constant_type="double" name="mean_enrichment_ChicagoNonNEP" type="constant" value="0.350951137123" />
		<parameter constant_type="double" name="mean_enrichment_suburbs" type="constant" value="2.11948904395" />
		<parameter constant_type="double" name="mean_tie_lifetime" type="constant" value="544.185568232" />
		<parameter constant_type="double" name="net_inflow" type="constant" value="0.0" />
		<parameter constant_type="double" name="nonNEP_age_boost" type="constant" value="2.46250688101" />
		<parameter constant_type="double" name="nonNEP_age_started_boost" type="constant" value="1.17158769617" />
		<parameter constant_type="double" name="nonNEP_degree_boost" type="constant" value="0.339530871691" />
		<parameter constant_type="double" name="nonNEP_hcv_ab_boost" type="constant" value="0.00714550783465" />
		<parameter constant_type="double" name="nonNEP_injection_ratio" type="constant" value="0.801162068958" />
		<parameter constant_type="double" name="nonNEP_sharing_boost" type="constant" value="0.286764325241" />
		<parameter constant_type="string" name="output_directory" type="constant" value="output" />
		<parameter constant_type="double" name="prob_cessation" type="constant" value="0.315774965951" />
		<parameter constant_type="double" name="prob_infected_when_arrive" type="constant" value="0.0359098820777" />
		<parameter constant_type="double" name="prob_self_limiting_female" type="constant" value="0.330391142847" />
		<parameter constant_type="double" name="prob_self_limiting_male" type="constant" value="0.135246756714" />
		<parameter constant_type="double" name="prob_clearing" type="constant" value="0.820187785588" />
		<parameter constant_type="double" name="pwid_maturity_threshold" type="constant" value="6.5514242307" />
        <parameter comment="365*5 + 365 burnin" constant_type="number" name="run_length" shortvalue="4015" type="constant" value="4040" />
        <parameter constant_type="double" name="status_report_frequency" type="constant" value="365.0" />
        <parameter constant_type="double" name="transmissibility" type="constant" value="0.0208023912146" />
        <parameter constant_type="string" name="NEP_data" simulated_value="datagen/NEP_mock_2014.csv" type="constant" value="data/NEP_Risk_Base_Merge.csv" />
        <parameter constant_type="string" name="NHBS_data" simulated_value="datagen/NHBS_mock_2014.csv" type="constant" value="data/IDU2_HCV_model_012913_cleaned.csv" value2012="data/IDU3_2012-2014-04-17.csv" />
</sweep>