<sweep jobNum="83" runs="1">
		
		<parameter constant_type="double" name="ab_prob_acute" type="constant" value="0.0166589769575" />
		<parameter constant_type="double" name="ab_prob_chronic" type="constant" value="0.54509972032" />
		<parameter constant_type="double" name="attrition_rate" type="constant" value="0.0677112370462" />
		<parameter constant_type="double" name="burn_in_days" type="constant" value="365.0" value_nob="0" />
		<parameter constant_type="number" name="dump_network_distances" type="constant" value="-1" />
		<parameter constant_type="double" name="homophily_strength" type="constant" value="0.673747604672" />
		<parameter constant_type="number" name="initial_pwid_count" type="constant" value="33990" />
		<parameter constant_type="double" name="interaction_home_cutoff" type="constant" value="2.60203730816" />
		<parameter constant_type="double" name="interaction_rate_constant" type="constant" value="0.0173986766346" />
		<parameter constant_type="double" name="interaction_rate_at_drug_sites" type="constant" value="0.000123831662242" />
		<parameter constant_type="double" name="interaction_rate_exzone" type="constant" value="0.0876329141059" />
		<parameter constant_type="double" name="mean_career_duration" type="constant" value="17.7754749148" />
        <parameter constant_type="double" name="mean_days_acute_naive" type="constant" value="110.051577637" />
		<parameter constant_type="double" name="mean_days_acute_rechallenged" type="constant" value="38.0470878979" />
		<parameter constant_type="double" name="mean_days_naive_to_infectious" type="constant" value="3.63658839373" />
		<parameter constant_type="double" name="mean_enrichment_ChicagoNonNEP" type="constant" value="0.396932078512" />
		<parameter constant_type="double" name="mean_enrichment_suburbs" type="constant" value="2.3288435624" />
		<parameter constant_type="double" name="mean_tie_lifetime" type="constant" value="489.308540895" />
		<parameter constant_type="double" name="net_inflow" type="constant" value="0.0" />
		<parameter constant_type="double" name="nonNEP_age_boost" type="constant" value="2.90153252022" />
		<parameter constant_type="double" name="nonNEP_age_started_boost" type="constant" value="0.999206055419" />
		<parameter constant_type="double" name="nonNEP_degree_boost" type="constant" value="0.234007043853" />
		<parameter constant_type="double" name="nonNEP_hcv_ab_boost" type="constant" value="0.00299221590489" />
		<parameter constant_type="double" name="nonNEP_injection_ratio" type="constant" value="0.852996478074" />
		<parameter constant_type="double" name="nonNEP_sharing_boost" type="constant" value="0.313670858941" />
		<parameter constant_type="string" name="output_directory" type="constant" value="output" />
		<parameter constant_type="double" name="prob_cessation" type="constant" value="0.280214601974" />
		<parameter constant_type="double" name="prob_infected_when_arrive" type="constant" value="0.0597940654511" />
		<parameter constant_type="double" name="prob_self_limiting_female" type="constant" value="0.307905133876" />
		<parameter constant_type="double" name="prob_self_limiting_male" type="constant" value="0.132713147667" />
		<parameter constant_type="double" name="prob_clearing" type="constant" value="0.847432844881" />
		<parameter constant_type="double" name="pwid_maturity_threshold" type="constant" value="5.75327364708" />
        <parameter comment="365*5 + 365 burnin" constant_type="number" name="run_length" shortvalue="4015" type="constant" value="4040" />
        <parameter constant_type="double" name="status_report_frequency" type="constant" value="365.0" />
        <parameter constant_type="double" name="transmissibility" type="constant" value="0.019882630403" />
        <parameter constant_type="string" name="NEP_data" simulated_value="datagen/NEP_mock_2014.csv" type="constant" value="data/NEP_Risk_Base_Merge.csv" />
        <parameter constant_type="string" name="NHBS_data" simulated_value="datagen/NHBS_mock_2014.csv" type="constant" value="data/IDU2_HCV_model_012913_cleaned.csv" value2012="data/IDU3_2012-2014-04-17.csv" />
</sweep>