<sweep jobNum="119" runs="1">
		
		<parameter constant_type="double" name="ab_prob_acute" type="constant" value="0.0291432231377" />
		<parameter constant_type="double" name="ab_prob_chronic" type="constant" value="0.688986554394" />
		<parameter constant_type="double" name="attrition_rate" type="constant" value="0.044813814222" />
		<parameter constant_type="double" name="burn_in_days" type="constant" value="365.0" value_nob="0" />
		<parameter constant_type="number" name="dump_network_distances" type="constant" value="-1" />
		<parameter constant_type="double" name="homophily_strength" type="constant" value="0.658635749377" />
		<parameter constant_type="number" name="initial_pwid_count" type="constant" value="32953" />
		<parameter constant_type="double" name="interaction_home_cutoff" type="constant" value="2.39507203223" />
		<parameter constant_type="double" name="interaction_rate_constant" type="constant" value="0.015296781342" />
		<parameter constant_type="double" name="interaction_rate_at_drug_sites" type="constant" value="0.000116103155273" />
		<parameter constant_type="double" name="interaction_rate_exzone" type="constant" value="0.0878065904557" />
		<parameter constant_type="double" name="mean_career_duration" type="constant" value="15.2694023575" />
        <parameter constant_type="double" name="mean_days_acute_naive" type="constant" value="98.0621653722" />
		<parameter constant_type="double" name="mean_days_acute_rechallenged" type="constant" value="14.8462575039" />
		<parameter constant_type="double" name="mean_days_naive_to_infectious" type="constant" value="2.73156728128" />
		<parameter constant_type="double" name="mean_enrichment_ChicagoNonNEP" type="constant" value="0.380957239973" />
		<parameter constant_type="double" name="mean_enrichment_suburbs" type="constant" value="1.75527332898" />
		<parameter constant_type="double" name="mean_tie_lifetime" type="constant" value="746.157167441" />
		<parameter constant_type="double" name="net_inflow" type="constant" value="0.0" />
		<parameter constant_type="double" name="nonNEP_age_boost" type="constant" value="3.14138710688" />
		<parameter constant_type="double" name="nonNEP_age_started_boost" type="constant" value="2.03410230425" />
		<parameter constant_type="double" name="nonNEP_degree_boost" type="constant" value="0.227705144945" />
		<parameter constant_type="double" name="nonNEP_hcv_ab_boost" type="constant" value="0.016350567594" />
		<parameter constant_type="double" name="nonNEP_injection_ratio" type="constant" value="0.831168158823" />
		<parameter constant_type="double" name="nonNEP_sharing_boost" type="constant" value="0.367052039704" />
		<parameter constant_type="string" name="output_directory" type="constant" value="output" />
		<parameter constant_type="double" name="prob_cessation" type="constant" value="0.155877436942" />
		<parameter constant_type="double" name="prob_infected_when_arrive" type="constant" value="0.0760248840049" />
		<parameter constant_type="double" name="prob_self_limiting_female" type="constant" value="0.350280997797" />
		<parameter constant_type="double" name="prob_self_limiting_male" type="constant" value="0.13599121029" />
		<parameter constant_type="double" name="prob_clearing" type="constant" value="0.908841789367" />
		<parameter constant_type="double" name="pwid_maturity_threshold" type="constant" value="3.37031569287" />
        <parameter comment="365*5 + 365 burnin" constant_type="number" name="run_length" shortvalue="4015" type="constant" value="4040" />
        <parameter constant_type="double" name="status_report_frequency" type="constant" value="365.0" />
        <parameter constant_type="double" name="transmissibility" type="constant" value="0.00579223401943" />
        <parameter constant_type="string" name="NEP_data" simulated_value="datagen/NEP_mock_2014.csv" type="constant" value="data/NEP_Risk_Base_Merge.csv" />
        <parameter constant_type="string" name="NHBS_data" simulated_value="datagen/NHBS_mock_2014.csv" type="constant" value="data/IDU2_HCV_model_012913_cleaned.csv" value2012="data/IDU3_2012-2014-04-17.csv" />
</sweep>