<sweep jobNum="82" runs="1">
		
		<parameter constant_type="double" name="ab_prob_acute" type="constant" value="0.0107697896957" />
		<parameter constant_type="double" name="ab_prob_chronic" type="constant" value="0.649550062175" />
		<parameter constant_type="double" name="attrition_rate" type="constant" value="0.0123484359309" />
		<parameter constant_type="double" name="burn_in_days" type="constant" value="365.0" value_nob="0" />
		<parameter constant_type="number" name="dump_network_distances" type="constant" value="-1" />
		<parameter constant_type="double" name="homophily_strength" type="constant" value="0.617718183489" />
		<parameter constant_type="number" name="initial_pwid_count" type="constant" value="33004" />
		<parameter constant_type="double" name="interaction_home_cutoff" type="constant" value="2.70079394458" />
		<parameter constant_type="double" name="interaction_rate_constant" type="constant" value="0.0200744967294" />
		<parameter constant_type="double" name="interaction_rate_at_drug_sites" type="constant" value="0.000141140908255" />
		<parameter constant_type="double" name="interaction_rate_exzone" type="constant" value="0.0915483409125" />
		<parameter constant_type="double" name="mean_career_duration" type="constant" value="17.5686664918" />
        <parameter constant_type="double" name="mean_days_acute_naive" type="constant" value="78.7052460754" />
		<parameter constant_type="double" name="mean_days_acute_rechallenged" type="constant" value="30.5739610575" />
		<parameter constant_type="double" name="mean_days_naive_to_infectious" type="constant" value="3.04279427789" />
		<parameter constant_type="double" name="mean_enrichment_ChicagoNonNEP" type="constant" value="0.458054123154" />
		<parameter constant_type="double" name="mean_enrichment_suburbs" type="constant" value="1.88637226718" />
		<parameter constant_type="double" name="mean_tie_lifetime" type="constant" value="883.665082333" />
		<parameter constant_type="double" name="net_inflow" type="constant" value="0.0" />
		<parameter constant_type="double" name="nonNEP_age_boost" type="constant" value="4.09540155781" />
		<parameter constant_type="double" name="nonNEP_age_started_boost" type="constant" value="2.04014000261" />
		<parameter constant_type="double" name="nonNEP_degree_boost" type="constant" value="0.163197149147" />
		<parameter constant_type="double" name="nonNEP_hcv_ab_boost" type="constant" value="0.0149562173301" />
		<parameter constant_type="double" name="nonNEP_injection_ratio" type="constant" value="0.856434902644" />
		<parameter constant_type="double" name="nonNEP_sharing_boost" type="constant" value="0.339425807125" />
		<parameter constant_type="string" name="output_directory" type="constant" value="output" />
		<parameter constant_type="double" name="prob_cessation" type="constant" value="0.256995039938" />
		<parameter constant_type="double" name="prob_infected_when_arrive" type="constant" value="0.0207892917916" />
		<parameter constant_type="double" name="prob_self_limiting_female" type="constant" value="0.334524928205" />
		<parameter constant_type="double" name="prob_self_limiting_male" type="constant" value="0.112570602222" />
		<parameter constant_type="double" name="prob_clearing" type="constant" value="0.79976456051" />
		<parameter constant_type="double" name="pwid_maturity_threshold" type="constant" value="6.4162090354" />
        <parameter comment="365*5 + 365 burnin" constant_type="number" name="run_length" shortvalue="4015" type="constant" value="4040" />
        <parameter constant_type="double" name="status_report_frequency" type="constant" value="365.0" />
        <parameter constant_type="double" name="transmissibility" type="constant" value="0.0369309726056" />
        <parameter constant_type="string" name="NEP_data" simulated_value="datagen/NEP_mock_2014.csv" type="constant" value="data/NEP_Risk_Base_Merge.csv" />
        <parameter constant_type="string" name="NHBS_data" simulated_value="datagen/NHBS_mock_2014.csv" type="constant" value="data/IDU2_HCV_model_012913_cleaned.csv" value2012="data/IDU3_2012-2014-04-17.csv" />
</sweep>