<sweep jobNum="174" runs="1">
		
		<parameter constant_type="double" name="ab_prob_acute" type="constant" value="0.0188853846489" />
		<parameter constant_type="double" name="ab_prob_chronic" type="constant" value="0.567270731854" />
		<parameter constant_type="double" name="attrition_rate" type="constant" value="0.0158236259995" />
		<parameter constant_type="double" name="burn_in_days" type="constant" value="365.0" value_nob="0" />
		<parameter constant_type="number" name="dump_network_distances" type="constant" value="-1" />
		<parameter constant_type="double" name="homophily_strength" type="constant" value="0.758841789367" />
		<parameter constant_type="number" name="initial_pwid_count" type="constant" value="30850" />
		<parameter constant_type="double" name="interaction_home_cutoff" type="constant" value="2.5218648075" />
		<parameter constant_type="double" name="interaction_rate_constant" type="constant" value="0.0194091430132" />
		<parameter constant_type="double" name="interaction_rate_at_drug_sites" type="constant" value="0.000113126197664" />
		<parameter constant_type="double" name="interaction_rate_exzone" type="constant" value="0.0817389784796" />
		<parameter constant_type="double" name="mean_career_duration" type="constant" value="18.6665976809" />
        <parameter constant_type="double" name="mean_days_acute_naive" type="constant" value="96.3186133592" />
		<parameter constant_type="double" name="mean_days_acute_rechallenged" type="constant" value="42.9048862877" />
		<parameter constant_type="double" name="mean_days_naive_to_infectious" type="constant" value="3.50883627635" />
		<parameter constant_type="double" name="mean_enrichment_ChicagoNonNEP" type="constant" value="0.643090626524" />
		<parameter constant_type="double" name="mean_enrichment_suburbs" type="constant" value="2.27078796794" />
		<parameter constant_type="double" name="mean_tie_lifetime" type="constant" value="748.003542329" />
		<parameter constant_type="double" name="net_inflow" type="constant" value="0.0" />
		<parameter constant_type="double" name="nonNEP_age_boost" type="constant" value="2.07634601584" />
		<parameter constant_type="double" name="nonNEP_age_started_boost" type="constant" value="1.34167125401" />
		<parameter constant_type="double" name="nonNEP_degree_boost" type="constant" value="0.191054665796" />
		<parameter constant_type="double" name="nonNEP_hcv_ab_boost" type="constant" value="0.00454337998365" />
		<parameter constant_type="double" name="nonNEP_injection_ratio" type="constant" value="0.8587432018" />
		<parameter constant_type="double" name="nonNEP_sharing_boost" type="constant" value="0.379589355149" />
		<parameter constant_type="string" name="output_directory" type="constant" value="output" />
		<parameter constant_type="double" name="prob_cessation" type="constant" value="0.177767040583" />
		<parameter constant_type="double" name="prob_infected_when_arrive" type="constant" value="0.0848730020892" />
		<parameter constant_type="double" name="prob_self_limiting_female" type="constant" value="0.345438209695" />
		<parameter constant_type="double" name="prob_self_limiting_male" type="constant" value="0.108652731199" />
		<parameter constant_type="double" name="prob_clearing" type="constant" value="0.866329141059" />
		<parameter constant_type="double" name="pwid_maturity_threshold" type="constant" value="5.43112798177" />
        <parameter comment="365*5 + 365 burnin" constant_type="number" name="run_length" shortvalue="4015" type="constant" value="4040" />
        <parameter constant_type="double" name="status_report_frequency" type="constant" value="365.0" />
        <parameter constant_type="double" name="transmissibility" type="constant" value="0.019203571894" />
        <parameter constant_type="string" name="NEP_data" simulated_value="datagen/NEP_mock_2014.csv" type="constant" value="data/NEP_Risk_Base_Merge.csv" />
        <parameter constant_type="string" name="NHBS_data" simulated_value="datagen/NHBS_mock_2014.csv" type="constant" value="data/IDU2_HCV_model_012913_cleaned.csv" value2012="data/IDU3_2012-2014-04-17.csv" />
</sweep>