<sweep jobNum="74" runs="1">
		
		<parameter constant_type="double" name="ab_prob_acute" type="constant" value="0.0205992956147" />
		<parameter constant_type="double" name="ab_prob_chronic" type="constant" value="0.58408861747" />
		<parameter constant_type="double" name="attrition_rate" type="constant" value="0.0736953570451" />
		<parameter constant_type="double" name="burn_in_days" type="constant" value="365.0" value_nob="0" />
		<parameter constant_type="number" name="dump_network_distances" type="constant" value="-1" />
		<parameter constant_type="double" name="homophily_strength" type="constant" value="0.640478619987" />
		<parameter constant_type="number" name="initial_pwid_count" type="constant" value="31403" />
		<parameter constant_type="double" name="interaction_home_cutoff" type="constant" value="2.37663682354" />
		<parameter constant_type="double" name="interaction_rate_constant" type="constant" value="0.0142112671353" />
		<parameter constant_type="double" name="interaction_rate_at_drug_sites" type="constant" value="0.000111948904395" />
		<parameter constant_type="double" name="interaction_rate_exzone" type="constant" value="0.0853435501348" />
		<parameter constant_type="double" name="mean_career_duration" type="constant" value="20.5466399802" />
        <parameter constant_type="double" name="mean_days_acute_naive" type="constant" value="94.3977287547" />
		<parameter constant_type="double" name="mean_days_acute_rechallenged" type="constant" value="31.9616269862" />
		<parameter constant_type="double" name="mean_days_naive_to_infectious" type="constant" value="3.83892948911" />
		<parameter constant_type="double" name="mean_enrichment_ChicagoNonNEP" type="constant" value="0.399529121021" />
		<parameter constant_type="double" name="mean_enrichment_suburbs" type="constant" value="2.3956092838" />
		<parameter constant_type="double" name="mean_tie_lifetime" type="constant" value="871.599053259" />
		<parameter constant_type="double" name="net_inflow" type="constant" value="0.0" />
		<parameter constant_type="double" name="nonNEP_age_boost" type="constant" value="3.49211514117" />
		<parameter constant_type="double" name="nonNEP_age_started_boost" type="constant" value="2.046190126" />
		<parameter constant_type="double" name="nonNEP_degree_boost" type="constant" value="0.250572363263" />
		<parameter constant_type="double" name="nonNEP_hcv_ab_boost" type="constant" value="0.0160900139793" />
		<parameter constant_type="double" name="nonNEP_injection_ratio" type="constant" value="0.844426923244" />
		<parameter constant_type="double" name="nonNEP_sharing_boost" type="constant" value="0.24930823541" />
		<parameter constant_type="string" name="output_directory" type="constant" value="output" />
		<parameter constant_type="double" name="prob_cessation" type="constant" value="0.141338643647" />
		<parameter constant_type="double" name="prob_infected_when_arrive" type="constant" value="0.0293864157023" />
		<parameter constant_type="double" name="prob_self_limiting_female" type="constant" value="0.384879991427" />
		<parameter constant_type="double" name="prob_self_limiting_male" type="constant" value="0.117468659852" />
		<parameter constant_type="double" name="prob_clearing" type="constant" value="0.92912185676" />
		<parameter constant_type="double" name="pwid_maturity_threshold" type="constant" value="4.9372439147" />
        <parameter comment="365*5 + 365 burnin" constant_type="number" name="run_length" shortvalue="4015" type="constant" value="4040" />
        <parameter constant_type="double" name="status_report_frequency" type="constant" value="365.0" />
        <parameter constant_type="double" name="transmissibility" type="constant" value="0.0448609805124" />
        <parameter constant_type="string" name="NEP_data" simulated_value="datagen/NEP_mock_2014.csv" type="constant" value="data/NEP_Risk_Base_Merge.csv" />
        <parameter constant_type="string" name="NHBS_data" simulated_value="datagen/NHBS_mock_2014.csv" type="constant" value="data/IDU2_HCV_model_012913_cleaned.csv" value2012="data/IDU3_2012-2014-04-17.csv" />
</sweep>