<sweep jobNum="9" runs="1">
		
		<parameter constant_type="double" name="ab_prob_acute" type="constant" value="0.029495470467" />
		<parameter constant_type="double" name="ab_prob_chronic" type="constant" value="0.630347851328" />
		<parameter constant_type="double" name="attrition_rate" type="constant" value="0.0280258248659" />
		<parameter constant_type="double" name="burn_in_days" type="constant" value="365.0" value_nob="0" />
		<parameter constant_type="number" name="dump_network_distances" type="constant" value="-1" />
		<parameter constant_type="double" name="homophily_strength" type="constant" value="0.75218648075" />
		<parameter constant_type="number" name="initial_pwid_count" type="constant" value="31615" />
		<parameter constant_type="double" name="interaction_home_cutoff" type="constant" value="2.67191679025" />
		<parameter constant_type="double" name="interaction_rate_constant" type="constant" value="0.0197360737413" />
		<parameter constant_type="double" name="interaction_rate_at_drug_sites" type="constant" value="8.95135307885e-05" />
		<parameter constant_type="double" name="interaction_rate_exzone" type="constant" value="0.0908303336974" />
		<parameter constant_type="double" name="mean_career_duration" type="constant" value="12.6465044143" />
        <parameter constant_type="double" name="mean_days_acute_naive" type="constant" value="111.415920588" />
		<parameter constant_type="double" name="mean_days_acute_rechallenged" type="constant" value="12.7922004157" />
		<parameter constant_type="double" name="mean_days_naive_to_infectious" type="constant" value="3.28027864813" />
		<parameter constant_type="double" name="mean_enrichment_ChicagoNonNEP" type="constant" value="0.571665749199" />
		<parameter constant_type="double" name="mean_enrichment_suburbs" type="constant" value="2.03568127837" />
		<parameter constant_type="double" name="mean_tie_lifetime" type="constant" value="731.5397151" />
		<parameter constant_type="double" name="net_inflow" type="constant" value="0.0" />
		<parameter constant_type="double" name="nonNEP_age_boost" type="constant" value="2.96149267321" />
		<parameter constant_type="double" name="nonNEP_age_started_boost" type="constant" value="0.916558206061" />
		<parameter constant_type="double" name="nonNEP_degree_boost" type="constant" value="0.24142608899" />
		<parameter constant_type="double" name="nonNEP_hcv_ab_boost" type="constant" value="0.00633625639503" />
		<parameter constant_type="double" name="nonNEP_injection_ratio" type="constant" value="0.826805449387" />
		<parameter constant_type="double" name="nonNEP_sharing_boost" type="constant" value="0.262808320975" />
		<parameter constant_type="string" name="output_directory" type="constant" value="output" />
		<parameter constant_type="double" name="prob_cessation" type="constant" value="0.138726988596" />
		<parameter constant_type="double" name="prob_infected_when_arrive" type="constant" value="0.025644441472" />
		<parameter constant_type="double" name="prob_self_limiting_female" type="constant" value="0.342019277985" />
		<parameter constant_type="double" name="prob_self_limiting_male" type="constant" value="0.115716369058" />
		<parameter constant_type="double" name="prob_clearing" type="constant" value="0.864021002719" />
		<parameter constant_type="double" name="pwid_maturity_threshold" type="constant" value="4.5220438242" />
        <parameter comment="365*5 + 365 burnin" constant_type="number" name="run_length" shortvalue="4015" type="constant" value="4040" />
        <parameter constant_type="double" name="status_report_frequency" type="constant" value="365.0" />
        <parameter constant_type="double" name="transmissibility" type="constant" value="0.00673616217269" />
        <parameter constant_type="string" name="NEP_data" simulated_value="datagen/NEP_mock_2014.csv" type="constant" value="data/NEP_Risk_Base_Merge.csv" />
        <parameter constant_type="string" name="NHBS_data" simulated_value="datagen/NHBS_mock_2014.csv" type="constant" value="data/IDU2_HCV_model_012913_cleaned.csv" value2012="data/IDU3_2012-2014-04-17.csv" />
</sweep>