<sweep jobNum="47" runs="1">
		
		<parameter constant_type="double" name="ab_prob_acute" type="constant" value="0.0139796269184" />
		<parameter constant_type="double" name="ab_prob_chronic" type="constant" value="0.670275822784" />
		<parameter constant_type="double" name="attrition_rate" type="constant" value="0.0644548159085" />
		<parameter constant_type="double" name="burn_in_days" type="constant" value="365.0" value_nob="0" />
		<parameter constant_type="number" name="dump_network_distances" type="constant" value="-1" />
		<parameter constant_type="double" name="homophily_strength" type="constant" value="0.650410644851" />
		<parameter constant_type="number" name="initial_pwid_count" type="constant" value="32777" />
		<parameter constant_type="double" name="interaction_home_cutoff" type="constant" value="2.30409084981" />
		<parameter constant_type="double" name="interaction_rate_constant" type="constant" value="0.0126310013463" />
		<parameter constant_type="double" name="interaction_rate_at_drug_sites" type="constant" value="9.15462553582e-05" />
		<parameter constant_type="double" name="interaction_rate_exzone" type="constant" value="0.093990434899" />
		<parameter constant_type="double" name="mean_career_duration" type="constant" value="19.4117644196" />
        <parameter constant_type="double" name="mean_days_acute_naive" type="constant" value="112.80891869" />
		<parameter constant_type="double" name="mean_days_acute_rechallenged" type="constant" value="31.8453498617" />
		<parameter constant_type="double" name="mean_days_naive_to_infectious" type="constant" value="2.52974741557" />
		<parameter constant_type="double" name="mean_enrichment_ChicagoNonNEP" type="constant" value="0.497147822021" />
		<parameter constant_type="double" name="mean_enrichment_suburbs" type="constant" value="1.86282456447" />
		<parameter constant_type="double" name="mean_tie_lifetime" type="constant" value="862.223337049" />
		<parameter constant_type="double" name="net_inflow" type="constant" value="0.0" />
		<parameter constant_type="double" name="nonNEP_age_boost" type="constant" value="2.12752641748" />
		<parameter constant_type="double" name="nonNEP_age_started_boost" type="constant" value="2.28841789367" />
		<parameter constant_type="double" name="nonNEP_degree_boost" type="constant" value="0.313773532547" />
		<parameter constant_type="double" name="nonNEP_hcv_ab_boost" type="constant" value="0.0132252693741" />
		<parameter constant_type="double" name="nonNEP_injection_ratio" type="constant" value="0.856147427528" />
		<parameter constant_type="double" name="nonNEP_sharing_boost" type="constant" value="0.417182505223" />
		<parameter constant_type="string" name="output_directory" type="constant" value="output" />
		<parameter constant_type="double" name="prob_cessation" type="constant" value="0.320739252158" />
		<parameter constant_type="double" name="prob_infected_when_arrive" type="constant" value="0.0219682422168" />
		<parameter constant_type="double" name="prob_self_limiting_female" type="constant" value="0.357490154783" />
		<parameter constant_type="double" name="prob_self_limiting_male" type="constant" value="0.109604362661" />
		<parameter constant_type="double" name="prob_clearing" type="constant" value="0.842863744325" />
		<parameter constant_type="double" name="pwid_maturity_threshold" type="constant" value="3.9823274473" />
        <parameter comment="365*5 + 365 burnin" constant_type="number" name="run_length" shortvalue="4015" type="constant" value="4040" />
        <parameter constant_type="double" name="status_report_frequency" type="constant" value="365.0" />
        <parameter constant_type="double" name="transmissibility" type="constant" value="0.0222173276696" />
        <parameter constant_type="string" name="NEP_data" simulated_value="datagen/NEP_mock_2014.csv" type="constant" value="data/NEP_Risk_Base_Merge.csv" />
        <parameter constant_type="string" name="NHBS_data" simulated_value="datagen/NHBS_mock_2014.csv" type="constant" value="data/IDU2_HCV_model_012913_cleaned.csv" value2012="data/IDU3_2012-2014-04-17.csv" />
</sweep>