<sweep jobNum="257" runs="1">
		
		<parameter constant_type="double" name="ab_prob_acute" type="constant" value="0.0215751338511" />
		<parameter constant_type="double" name="ab_prob_chronic" type="constant" value="0.693037404751" />
		<parameter constant_type="double" name="attrition_rate" type="constant" value="0.0701116201664" />
		<parameter constant_type="double" name="burn_in_days" type="constant" value="365.0" value_nob="0" />
		<parameter constant_type="number" name="dump_network_distances" type="constant" value="-1" />
		<parameter constant_type="double" name="homophily_strength" type="constant" value="0.722725546563" />
		<parameter constant_type="number" name="initial_pwid_count" type="constant" value="33372" />
		<parameter constant_type="double" name="interaction_home_cutoff" type="constant" value="1.86554818728" />
		<parameter constant_type="double" name="interaction_rate_constant" type="constant" value="0.0189753613089" />
		<parameter constant_type="double" name="interaction_rate_at_drug_sites" type="constant" value="6.88660521561e-05" />
		<parameter constant_type="double" name="interaction_rate_exzone" type="constant" value="0.08425135964" />
		<parameter constant_type="double" name="mean_career_duration" type="constant" value="26.0259733974" />
        <parameter constant_type="double" name="mean_days_acute_naive" type="constant" value="100.215936081" />
		<parameter constant_type="double" name="mean_days_acute_rechallenged" type="constant" value="27.8288730336" />
		<parameter constant_type="double" name="mean_days_naive_to_infectious" type="constant" value="3.12869805287" />
		<parameter constant_type="double" name="mean_enrichment_ChicagoNonNEP" type="constant" value="0.591509631711" />
		<parameter constant_type="double" name="mean_enrichment_suburbs" type="constant" value="1.72590351581" />
		<parameter constant_type="double" name="mean_tie_lifetime" type="constant" value="611.783887419" />
		<parameter constant_type="double" name="net_inflow" type="constant" value="0.0" />
		<parameter constant_type="double" name="nonNEP_age_boost" type="constant" value="2.75506288412" />
		<parameter constant_type="double" name="nonNEP_age_started_boost" type="constant" value="2.24819296838" />
		<parameter constant_type="double" name="nonNEP_degree_boost" type="constant" value="0.168454686738" />
		<parameter constant_type="double" name="nonNEP_hcv_ab_boost" type="constant" value="0.00397258731233" />
		<parameter constant_type="double" name="nonNEP_injection_ratio" type="constant" value="0.84871642244" />
		<parameter constant_type="double" name="nonNEP_sharing_boost" type="constant" value="0.259920605542" />
		<parameter constant_type="string" name="output_directory" type="constant" value="output" />
		<parameter constant_type="double" name="prob_cessation" type="constant" value="0.243645755619" />
		<parameter constant_type="double" name="prob_infected_when_arrive" type="constant" value="0.0409097813748" />
		<parameter constant_type="double" name="prob_self_limiting_female" type="constant" value="0.30398246534" />
		<parameter constant_type="double" name="prob_self_limiting_male" type="constant" value="0.118161314069" />
		<parameter constant_type="double" name="prob_clearing" type="constant" value="0.853708555609" />
		<parameter constant_type="double" name="pwid_maturity_threshold" type="constant" value="6.32957026277" />
        <parameter comment="365*5 + 365 burnin" constant_type="number" name="run_length" shortvalue="4015" type="constant" value="4040" />
        <parameter constant_type="double" name="status_report_frequency" type="constant" value="365.0" />
        <parameter constant_type="double" name="transmissibility" type="constant" value="0.00829751605883" />
        <parameter constant_type="string" name="NEP_data" simulated_value="datagen/NEP_mock_2014.csv" type="constant" value="data/NEP_Risk_Base_Merge.csv" />
        <parameter constant_type="string" name="NHBS_data" simulated_value="datagen/NHBS_mock_2014.csv" type="constant" value="data/IDU2_HCV_model_012913_cleaned.csv" value2012="data/IDU3_2012-2014-04-17.csv" />
</sweep>