<sweep jobNum="103" runs="1">
		
		<parameter constant_type="double" name="ab_prob_acute" type="constant" value="0.0192291753916" />
		<parameter constant_type="double" name="ab_prob_chronic" type="constant" value="0.641405780285" />
		<parameter constant_type="double" name="attrition_rate" type="constant" value="0.0519871024471" />
		<parameter constant_type="double" name="burn_in_days" type="constant" value="365.0" value_nob="0" />
		<parameter constant_type="number" name="dump_network_distances" type="constant" value="-1" />
		<parameter constant_type="double" name="homophily_strength" type="constant" value="0.739507203223" />
		<parameter constant_type="number" name="initial_pwid_count" type="constant" value="31439" />
		<parameter constant_type="double" name="interaction_home_cutoff" type="constant" value="2.07136255675" />
		<parameter constant_type="double" name="interaction_rate_constant" type="constant" value="0.0165311801679" />
		<parameter constant_type="double" name="interaction_rate_at_drug_sites" type="constant" value="8.83443613779e-05" />
		<parameter constant_type="double" name="interaction_rate_exzone" type="constant" value="0.0957675862085" />
		<parameter constant_type="double" name="mean_career_duration" type="constant" value="27.3213826154" />
        <parameter constant_type="double" name="mean_days_acute_naive" type="constant" value="111.110445019" />
		<parameter constant_type="double" name="mean_days_acute_rechallenged" type="constant" value="26.3439022403" />
		<parameter constant_type="double" name="mean_days_naive_to_infectious" type="constant" value="2.00469128309" />
		<parameter constant_type="double" name="mean_enrichment_ChicagoNonNEP" type="constant" value="0.437985918265" />
		<parameter constant_type="double" name="mean_enrichment_suburbs" type="constant" value="1.84196946258" />
		<parameter constant_type="double" name="mean_tie_lifetime" type="constant" value="606.655856089" />
		<parameter constant_type="double" name="net_inflow" type="constant" value="0.0" />
		<parameter constant_type="double" name="nonNEP_age_boost" type="constant" value="2.38884479721" />
		<parameter constant_type="double" name="nonNEP_age_started_boost" type="constant" value="1.92725546563" />
		<parameter constant_type="double" name="nonNEP_degree_boost" type="constant" value="0.209590915019" />
		<parameter constant_type="double" name="nonNEP_hcv_ab_boost" type="constant" value="0.0108766053978" />
		<parameter constant_type="double" name="nonNEP_injection_ratio" type="constant" value="0.853282249326" />
		<parameter constant_type="double" name="nonNEP_sharing_boost" type="constant" value="0.326862195735" />
		<parameter constant_type="string" name="output_directory" type="constant" value="output" />
		<parameter constant_type="double" name="prob_cessation" type="constant" value="0.148019214966" />
		<parameter constant_type="double" name="prob_infected_when_arrive" type="constant" value="0.0498859165931" />
		<parameter constant_type="double" name="prob_self_limiting_female" type="constant" value="0.336271200816" />
		<parameter constant_type="double" name="prob_self_limiting_male" type="constant" value="0.103696267714" />
		<parameter constant_type="double" name="prob_clearing" type="constant" value="0.904819296838" />
		<parameter constant_type="double" name="pwid_maturity_threshold" type="constant" value="5.2458971011" />
        <parameter comment="365*5 + 365 burnin" constant_type="number" name="run_length" shortvalue="4015" type="constant" value="4040" />
        <parameter constant_type="double" name="status_report_frequency" type="constant" value="365.0" />
        <parameter constant_type="double" name="transmissibility" type="constant" value="0.00736216904112" />
        <parameter constant_type="string" name="NEP_data" simulated_value="datagen/NEP_mock_2014.csv" type="constant" value="data/NEP_Risk_Base_Merge.csv" />
        <parameter constant_type="string" name="NHBS_data" simulated_value="datagen/NHBS_mock_2014.csv" type="constant" value="data/IDU2_HCV_model_012913_cleaned.csv" value2012="data/IDU3_2012-2014-04-17.csv" />
</sweep>