<sweep jobNum="161" runs="1">
		
		<parameter constant_type="double" name="ab_prob_acute" type="constant" value="0.0152336675516" />
		<parameter constant_type="double" name="ab_prob_chronic" type="constant" value="0.650898117973" />
		<parameter constant_type="double" name="attrition_rate" type="constant" value="0.0496316270795" />
		<parameter constant_type="double" name="burn_in_days" type="constant" value="365.0" value_nob="0" />
		<parameter constant_type="number" name="dump_network_distances" type="constant" value="-1" />
		<parameter constant_type="double" name="homophily_strength" type="constant" value="0.696291444391" />
		<parameter constant_type="number" name="initial_pwid_count" type="constant" value="32572" />
		<parameter constant_type="double" name="interaction_home_cutoff" type="constant" value="2.15174061357" />
		<parameter constant_type="double" name="interaction_rate_constant" type="constant" value="0.0169797484635" />
		<parameter constant_type="double" name="interaction_rate_at_drug_sites" type="constant" value="0.000110195095432" />
		<parameter constant_type="double" name="interaction_rate_exzone" type="constant" value="0.0910883627635" />
		<parameter constant_type="double" name="mean_career_duration" type="constant" value="15.5221356456" />
        <parameter constant_type="double" name="mean_days_acute_naive" type="constant" value="114.075834244" />
		<parameter constant_type="double" name="mean_days_acute_rechallenged" type="constant" value="36.3972836291" />
		<parameter constant_type="double" name="mean_days_naive_to_infectious" type="constant" value="2.93435501348" />
		<parameter constant_type="double" name="mean_enrichment_ChicagoNonNEP" type="constant" value="0.533814978567" />
		<parameter constant_type="double" name="mean_enrichment_suburbs" type="constant" value="2.32179470141" />
		<parameter constant_type="double" name="mean_tie_lifetime" type="constant" value="620.320957071" />
		<parameter constant_type="double" name="net_inflow" type="constant" value="0.0" />
		<parameter constant_type="double" name="nonNEP_age_boost" type="constant" value="3.05562833414" />
		<parameter constant_type="double" name="nonNEP_age_started_boost" type="constant" value="1.1250932383" />
		<parameter constant_type="double" name="nonNEP_degree_boost" type="constant" value="0.2225135964" />
		<parameter constant_type="double" name="nonNEP_hcv_ab_boost" type="constant" value="0.0119580279365" />
		<parameter constant_type="double" name="nonNEP_injection_ratio" type="constant" value="0.894009853346" />
		<parameter constant_type="double" name="nonNEP_sharing_boost" type="constant" value="0.317130194713" />
		<parameter constant_type="string" name="output_directory" type="constant" value="output" />
		<parameter constant_type="double" name="prob_cessation" type="constant" value="0.175104841969" />
		<parameter constant_type="double" name="prob_infected_when_arrive" type="constant" value="0.070353451054" />
		<parameter constant_type="double" name="prob_self_limiting_female" type="constant" value="0.358368497471" />
		<parameter constant_type="double" name="prob_self_limiting_male" type="constant" value="0.10767227992" />
		<parameter constant_type="double" name="prob_clearing" type="constant" value="0.830191865069" />
		<parameter constant_type="double" name="pwid_maturity_threshold" type="constant" value="4.25895920593" />
        <parameter comment="365*5 + 365 burnin" constant_type="number" name="run_length" shortvalue="4015" type="constant" value="4040" />
        <parameter constant_type="double" name="status_report_frequency" type="constant" value="365.0" />
        <parameter constant_type="double" name="transmissibility" type="constant" value="0.0066315947526" />
        <parameter constant_type="string" name="NEP_data" simulated_value="datagen/NEP_mock_2014.csv" type="constant" value="data/NEP_Risk_Base_Merge.csv" />
        <parameter constant_type="string" name="NHBS_data" simulated_value="datagen/NHBS_mock_2014.csv" type="constant" value="data/IDU2_HCV_model_012913_cleaned.csv" value2012="data/IDU3_2012-2014-04-17.csv" />
</sweep>