<sweep jobNum="274" runs="1">
		
		<parameter constant_type="double" name="ab_prob_acute" type="constant" value="0.0181934095443" />
		<parameter constant_type="double" name="ab_prob_chronic" type="constant" value="0.616791670028" />
		<parameter constant_type="double" name="attrition_rate" type="constant" value="0.012533926655" />
		<parameter constant_type="double" name="burn_in_days" type="constant" value="365.0" value_nob="0" />
		<parameter constant_type="number" name="dump_network_distances" type="constant" value="-1" />
		<parameter constant_type="double" name="homophily_strength" type="constant" value="0.624720443897" />
		<parameter constant_type="number" name="initial_pwid_count" type="constant" value="30782" />
		<parameter constant_type="double" name="interaction_home_cutoff" type="constant" value="1.81353987153" />
		<parameter constant_type="double" name="interaction_rate_constant" type="constant" value="0.0189367200523" />
		<parameter constant_type="double" name="interaction_rate_at_drug_sites" type="constant" value="8.47954575094e-05" />
		<parameter constant_type="double" name="interaction_rate_exzone" type="constant" value="0.0792091721177" />
		<parameter constant_type="double" name="mean_career_duration" type="constant" value="26.8723246077" />
        <parameter constant_type="double" name="mean_days_acute_naive" type="constant" value="91.6589373441" />
		<parameter constant_type="double" name="mean_days_acute_rechallenged" type="constant" value="18.975526805" />
		<parameter constant_type="double" name="mean_days_naive_to_infectious" type="constant" value="2.5550828416" />
		<parameter constant_type="double" name="mean_enrichment_ChicagoNonNEP" type="constant" value="0.699061743383" />
		<parameter constant_type="double" name="mean_enrichment_suburbs" type="constant" value="1.85391797981" />
		<parameter constant_type="double" name="mean_tie_lifetime" type="constant" value="778.233504215" />
		<parameter constant_type="double" name="net_inflow" type="constant" value="0.0" />
		<parameter constant_type="double" name="nonNEP_age_boost" type="constant" value="3.99717769708" />
		<parameter constant_type="double" name="nonNEP_age_started_boost" type="constant" value="1.91556399089" />
		<parameter constant_type="double" name="nonNEP_degree_boost" type="constant" value="0.235720572211" />
		<parameter constant_type="double" name="nonNEP_hcv_ab_boost" type="constant" value="0.00522867367848" />
		<parameter constant_type="double" name="nonNEP_injection_ratio" type="constant" value="0.865204542491" />
		<parameter constant_type="double" name="nonNEP_sharing_boost" type="constant" value="0.407571211535" />
		<parameter constant_type="string" name="output_directory" type="constant" value="output" />
		<parameter constant_type="double" name="prob_cessation" type="constant" value="0.209203441265" />
		<parameter constant_type="double" name="prob_infected_when_arrive" type="constant" value="0.0576906997233" />
		<parameter constant_type="double" name="prob_self_limiting_female" type="constant" value="0.300216807813" />
		<parameter constant_type="double" name="prob_self_limiting_male" type="constant" value="0.119879964309" />
		<parameter constant_type="double" name="prob_clearing" type="constant" value="0.923026770521" />
		<parameter constant_type="double" name="pwid_maturity_threshold" type="constant" value="4.41567191922" />
        <parameter comment="365*5 + 365 burnin" constant_type="number" name="run_length" shortvalue="4015" type="constant" value="4040" />
        <parameter constant_type="double" name="status_report_frequency" type="constant" value="365.0" />
        <parameter constant_type="double" name="transmissibility" type="constant" value="0.00798614022858" />
        <parameter constant_type="string" name="NEP_data" simulated_value="datagen/NEP_mock_2014.csv" type="constant" value="data/NEP_Risk_Base_Merge.csv" />
        <parameter constant_type="string" name="NHBS_data" simulated_value="datagen/NHBS_mock_2014.csv" type="constant" value="data/IDU2_HCV_model_012913_cleaned.csv" value2012="data/IDU3_2012-2014-04-17.csv" />
</sweep>