<sweep jobNum="126" runs="1">
		
		<parameter constant_type="double" name="ab_prob_acute" type="constant" value="0.0241986418146" />
		<parameter constant_type="double" name="ab_prob_chronic" type="constant" value="0.556631433487" />
		<parameter constant_type="double" name="attrition_rate" type="constant" value="0.0333980695009" />
		<parameter constant_type="double" name="burn_in_days" type="constant" value="365.0" value_nob="0" />
		<parameter constant_type="number" name="dump_network_distances" type="constant" value="-1" />
		<parameter constant_type="double" name="homophily_strength" type="constant" value="0.600469128309" />
		<parameter constant_type="number" name="initial_pwid_count" type="constant" value="31463" />
		<parameter constant_type="double" name="interaction_home_cutoff" type="constant" value="2.7912185676" />
		<parameter constant_type="double" name="interaction_rate_constant" type="constant" value="0.0172583763054" />
		<parameter constant_type="double" name="interaction_rate_at_drug_sites" type="constant" value="7.96281599069e-05" />
		<parameter constant_type="double" name="interaction_rate_exzone" type="constant" value="0.0765936847193" />
		<parameter constant_type="double" name="mean_career_duration" type="constant" value="34.9002146079" />
        <parameter constant_type="double" name="mean_days_acute_naive" type="constant" value="85.9102649293" />
		<parameter constant_type="double" name="mean_days_acute_rechallenged" type="constant" value="41.438335805" />
		<parameter constant_type="double" name="mean_days_naive_to_infectious" type="constant" value="3.59521380013" />
		<parameter constant_type="double" name="mean_enrichment_ChicagoNonNEP" type="constant" value="0.56682046085" />
		<parameter constant_type="double" name="mean_enrichment_suburbs" type="constant" value="2.00713044495" />
		<parameter constant_type="double" name="mean_tie_lifetime" type="constant" value="613.492117869" />
		<parameter constant_type="double" name="net_inflow" type="constant" value="0.0" />
		<parameter constant_type="double" name="nonNEP_age_boost" type="constant" value="4.38453154564" />
		<parameter constant_type="double" name="nonNEP_age_started_boost" type="constant" value="1.96843271872" />
		<parameter constant_type="double" name="nonNEP_degree_boost" type="constant" value="0.237432844881" />
		<parameter constant_type="double" name="nonNEP_hcv_ab_boost" type="constant" value="0.0115020570091" />
		<parameter constant_type="double" name="nonNEP_injection_ratio" type="constant" value="0.877741704563" />
		<parameter constant_type="double" name="nonNEP_sharing_boost" type="constant" value="0.404524431439" />
		<parameter constant_type="string" name="output_directory" type="constant" value="output" />
		<parameter constant_type="double" name="prob_cessation" type="constant" value="0.26835903103" />
		<parameter constant_type="double" name="prob_infected_when_arrive" type="constant" value="0.0105603496855" />
		<parameter constant_type="double" name="prob_self_limiting_female" type="constant" value="0.308661564697" />
		<parameter constant_type="double" name="prob_self_limiting_male" type="constant" value="0.115004705833" />
		<parameter constant_type="double" name="prob_clearing" type="constant" value="0.761136876544" />
		<parameter constant_type="double" name="pwid_maturity_threshold" type="constant" value="5.29194578879" />
        <parameter comment="365*5 + 365 burnin" constant_type="number" name="run_length" shortvalue="4015" type="constant" value="4040" />
        <parameter constant_type="double" name="status_report_frequency" type="constant" value="365.0" />
        <parameter constant_type="double" name="transmissibility" type="constant" value="0.0135896356325" />
        <parameter constant_type="string" name="NEP_data" simulated_value="datagen/NEP_mock_2014.csv" type="constant" value="data/NEP_Risk_Base_Merge.csv" />
        <parameter constant_type="string" name="NHBS_data" simulated_value="datagen/NHBS_mock_2014.csv" type="constant" value="data/IDU2_HCV_model_012913_cleaned.csv" value2012="data/IDU3_2012-2014-04-17.csv" />
</sweep>