<sweep jobNum="180" runs="1">
		
		<parameter constant_type="double" name="ab_prob_acute" type="constant" value="0.0173747604672" />
		<parameter constant_type="double" name="ab_prob_chronic" type="constant" value="0.53717264098" />
		<parameter constant_type="double" name="attrition_rate" type="constant" value="0.0359749781268" />
		<parameter constant_type="double" name="burn_in_days" type="constant" value="365.0" value_nob="0" />
		<parameter constant_type="number" name="dump_network_distances" type="constant" value="-1" />
		<parameter constant_type="double" name="homophily_strength" type="constant" value="0.621655820606" />
		<parameter constant_type="number" name="initial_pwid_count" type="constant" value="30171" />
		<parameter constant_type="double" name="interaction_home_cutoff" type="constant" value="2.48945334204" />
		<parameter constant_type="double" name="interaction_rate_constant" type="constant" value="0.015982887489" />
		<parameter constant_type="double" name="interaction_rate_at_drug_sites" type="constant" value="0.000125117719745" />
		<parameter constant_type="double" name="interaction_rate_exzone" type="constant" value="0.0897052039704" />
		<parameter constant_type="double" name="mean_career_duration" type="constant" value="34.3073661834" />
        <parameter constant_type="double" name="mean_days_acute_naive" type="constant" value="104.643090816" />
		<parameter constant_type="double" name="mean_days_acute_rechallenged" type="constant" value="17.6932078512" />
		<parameter constant_type="double" name="mean_days_naive_to_infectious" type="constant" value="2.71378370974" />
		<parameter constant_type="double" name="mean_enrichment_ChicagoNonNEP" type="constant" value="0.580249349756" />
		<parameter constant_type="double" name="mean_enrichment_suburbs" type="constant" value="1.62737784281" />
		<parameter constant_type="double" name="mean_tie_lifetime" type="constant" value="452.113422362" />
		<parameter constant_type="double" name="net_inflow" type="constant" value="0.0" />
		<parameter constant_type="double" name="nonNEP_age_boost" type="constant" value="2.11737315949" />
		<parameter constant_type="double" name="nonNEP_age_started_boost" type="constant" value="1.75992956147" />
		<parameter constant_type="double" name="nonNEP_degree_boost" type="constant" value="0.236291444391" />
		<parameter constant_type="double" name="nonNEP_hcv_ab_boost" type="constant" value="0.0166814750165" />
		<parameter constant_type="double" name="nonNEP_injection_ratio" type="constant" value="0.832992999869" />
		<parameter constant_type="double" name="nonNEP_sharing_boost" type="constant" value="0.412281816511" />
		<parameter constant_type="string" name="output_directory" type="constant" value="output" />
		<parameter constant_type="double" name="prob_cessation" type="constant" value="0.223648046527" />
		<parameter constant_type="double" name="prob_infected_when_arrive" type="constant" value="0.0434683435765" />
		<parameter constant_type="double" name="prob_self_limiting_female" type="constant" value="0.332174188984" />
		<parameter constant_type="double" name="prob_self_limiting_male" type="constant" value="0.127637197694" />
		<parameter constant_type="double" name="prob_clearing" type="constant" value="0.791835094499" />
		<parameter constant_type="double" name="pwid_maturity_threshold" type="constant" value="4.5921961827" />
        <parameter comment="365*5 + 365 burnin" constant_type="number" name="run_length" shortvalue="4015" type="constant" value="4040" />
        <parameter constant_type="double" name="status_report_frequency" type="constant" value="365.0" />
        <parameter constant_type="double" name="transmissibility" type="constant" value="0.0263992871451" />
        <parameter constant_type="string" name="NEP_data" simulated_value="datagen/NEP_mock_2014.csv" type="constant" value="data/NEP_Risk_Base_Merge.csv" />
        <parameter constant_type="string" name="NHBS_data" simulated_value="datagen/NHBS_mock_2014.csv" type="constant" value="data/IDU2_HCV_model_012913_cleaned.csv" value2012="data/IDU3_2012-2014-04-17.csv" />
</sweep>