<sweep jobNum="35" runs="1">
		
		<parameter constant_type="double" name="ab_prob_acute" type="constant" value="0.0228621629026" />
		<parameter constant_type="double" name="ab_prob_chronic" type="constant" value="0.653587738258" />
		<parameter constant_type="double" name="attrition_rate" type="constant" value="0.0283796601259" />
		<parameter constant_type="double" name="burn_in_days" type="constant" value="365.0" value_nob="0" />
		<parameter constant_type="number" name="dump_network_distances" type="constant" value="-1" />
		<parameter constant_type="double" name="homophily_strength" type="constant" value="0.793179015699" />
		<parameter constant_type="number" name="initial_pwid_count" type="constant" value="33551" />
		<parameter constant_type="double" name="interaction_home_cutoff" type="constant" value="1.54877634025" />
		<parameter constant_type="double" name="interaction_rate_constant" type="constant" value="0.0138864823117" />
		<parameter constant_type="double" name="interaction_rate_at_drug_sites" type="constant" value="0.000127078796794" />
		<parameter constant_type="double" name="interaction_rate_exzone" type="constant" value="0.0789920605542" />
		<parameter constant_type="double" name="mean_career_duration" type="constant" value="16.5913486843" />
        <parameter constant_type="double" name="mean_days_acute_naive" type="constant" value="119.702612942" />
		<parameter constant_type="double" name="mean_days_acute_rechallenged" type="constant" value="11.5436366979" />
		<parameter constant_type="double" name="mean_days_naive_to_infectious" type="constant" value="3.40124674878" />
		<parameter constant_type="double" name="mean_enrichment_ChicagoNonNEP" type="constant" value="0.313641968603" />
		<parameter constant_type="double" name="mean_enrichment_suburbs" type="constant" value="2.29420894684" />
		<parameter constant_type="double" name="mean_tie_lifetime" type="constant" value="328.007762609" />
		<parameter constant_type="double" name="net_inflow" type="constant" value="0.0" />
		<parameter constant_type="double" name="nonNEP_age_boost" type="constant" value="2.94437166586" />
		<parameter constant_type="double" name="nonNEP_age_started_boost" type="constant" value="1.73137804265" />
		<parameter constant_type="double" name="nonNEP_degree_boost" type="constant" value="0.271606107485" />
		<parameter constant_type="double" name="nonNEP_hcv_ab_boost" type="constant" value="0.0124160004867" />
		<parameter constant_type="double" name="nonNEP_injection_ratio" type="constant" value="0.839804904568" />
		<parameter constant_type="double" name="nonNEP_sharing_boost" type="constant" value="0.351556399089" />
		<parameter constant_type="string" name="output_directory" type="constant" value="output" />
		<parameter constant_type="double" name="prob_cessation" type="constant" value="0.1911837601" />
		<parameter constant_type="double" name="prob_infected_when_arrive" type="constant" value="0.0858851637578" />
		<parameter constant_type="double" name="prob_self_limiting_female" type="constant" value="0.335108470223" />
		<parameter constant_type="double" name="prob_self_limiting_male" type="constant" value="0.132309595576" />
		<parameter constant_type="double" name="prob_clearing" type="constant" value="0.855992956147" />
		<parameter constant_type="double" name="pwid_maturity_threshold" type="constant" value="5.00570417035" />
        <parameter comment="365*5 + 365 burnin" constant_type="number" name="run_length" shortvalue="4015" type="constant" value="4040" />
        <parameter constant_type="double" name="status_report_frequency" type="constant" value="365.0" />
        <parameter constant_type="double" name="transmissibility" type="constant" value="0.0128580688913" />
        <parameter constant_type="string" name="NEP_data" simulated_value="datagen/NEP_mock_2014.csv" type="constant" value="data/NEP_Risk_Base_Merge.csv" />
        <parameter constant_type="string" name="NHBS_data" simulated_value="datagen/NHBS_mock_2014.csv" type="constant" value="data/IDU2_HCV_model_012913_cleaned.csv" value2012="data/IDU3_2012-2014-04-17.csv" />
</sweep>