<sweep jobNum="272" runs="1">
		
		<parameter constant_type="double" name="ab_prob_acute" type="constant" value="0.0199714791483" />
		<parameter constant_type="double" name="ab_prob_chronic" type="constant" value="0.583243677068" />
		<parameter constant_type="double" name="attrition_rate" type="constant" value="0.060290506647" />
		<parameter constant_type="double" name="burn_in_days" type="constant" value="365.0" value_nob="0" />
		<parameter constant_type="number" name="dump_network_distances" type="constant" value="-1" />
		<parameter constant_type="double" name="homophily_strength" type="constant" value="0.764358940283" />
		<parameter constant_type="number" name="initial_pwid_count" type="constant" value="33613" />
		<parameter constant_type="double" name="interaction_home_cutoff" type="constant" value="1.65985999739" />
		<parameter constant_type="double" name="interaction_rate_constant" type="constant" value="0.0154688198321" />
		<parameter constant_type="double" name="interaction_rate_at_drug_sites" type="constant" value="8.86372267185e-05" />
		<parameter constant_type="double" name="interaction_rate_exzone" type="constant" value="0.0768567768623" />
		<parameter constant_type="double" name="mean_career_duration" type="constant" value="18.2780884672" />
        <parameter constant_type="double" name="mean_days_acute_naive" type="constant" value="114.558859872" />
		<parameter constant_type="double" name="mean_days_acute_rechallenged" type="constant" value="27.372439147" />
		<parameter constant_type="double" name="mean_days_naive_to_infectious" type="constant" value="3.98599125786" />
		<parameter constant_type="double" name="mean_enrichment_ChicagoNonNEP" type="constant" value="0.664563633021" />
		<parameter constant_type="double" name="mean_enrichment_suburbs" type="constant" value="1.89804904568" />
		<parameter constant_type="double" name="mean_tie_lifetime" type="constant" value="642.506242051" />
		<parameter constant_type="double" name="net_inflow" type="constant" value="0.0" />
		<parameter constant_type="double" name="nonNEP_age_boost" type="constant" value="2.79832228091" />
		<parameter constant_type="double" name="nonNEP_age_started_boost" type="constant" value="1.63435501348" />
		<parameter constant_type="double" name="nonNEP_degree_boost" type="constant" value="0.262725546563" />
		<parameter constant_type="double" name="nonNEP_hcv_ab_boost" type="constant" value="0.00166762583931" />
		<parameter constant_type="double" name="nonNEP_injection_ratio" type="constant" value="0.816404160488" />
		<parameter constant_type="double" name="nonNEP_sharing_boost" type="constant" value="0.308443600911" />
		<parameter constant_type="string" name="output_directory" type="constant" value="output" />
		<parameter constant_type="double" name="prob_cessation" type="constant" value="0.239634547334" />
		<parameter constant_type="double" name="prob_infected_when_arrive" type="constant" value="0.0250928417248" />
		<parameter constant_type="double" name="prob_self_limiting_female" type="constant" value="0.309036588655" />
		<parameter constant_type="double" name="prob_self_limiting_male" type="constant" value="0.103193621973" />
		<parameter constant_type="double" name="prob_clearing" type="constant" value="0.801054665796" />
		<parameter constant_type="double" name="pwid_maturity_threshold" type="constant" value="6.59808697979" />
        <parameter comment="365*5 + 365 burnin" constant_type="number" name="run_length" shortvalue="4015" type="constant" value="4040" />
        <parameter constant_type="double" name="status_report_frequency" type="constant" value="365.0" />
        <parameter constant_type="double" name="transmissibility" type="constant" value="0.0290817027182" />
        <parameter constant_type="string" name="NEP_data" simulated_value="datagen/NEP_mock_2014.csv" type="constant" value="data/NEP_Risk_Base_Merge.csv" />
        <parameter constant_type="string" name="NHBS_data" simulated_value="datagen/NHBS_mock_2014.csv" type="constant" value="data/IDU2_HCV_model_012913_cleaned.csv" value2012="data/IDU3_2012-2014-04-17.csv" />
</sweep>