<sweep jobNum="194" runs="1">
		
		<parameter constant_type="double" name="ab_prob_acute" type="constant" value="0.013423128752" />
		<parameter constant_type="double" name="ab_prob_chronic" type="constant" value="0.523506378082" />
		<parameter constant_type="double" name="attrition_rate" type="constant" value="0.0532134471081" />
		<parameter constant_type="double" name="burn_in_days" type="constant" value="365.0" value_nob="0" />
		<parameter constant_type="number" name="dump_network_distances" type="constant" value="-1" />
		<parameter constant_type="double" name="homophily_strength" type="constant" value="0.726252395328" />
		<parameter constant_type="number" name="initial_pwid_count" type="constant" value="32326" />
		<parameter constant_type="double" name="interaction_home_cutoff" type="constant" value="1.28454686738" />
		<parameter constant_type="double" name="interaction_rate_constant" type="constant" value="0.0127108421897" />
		<parameter constant_type="double" name="interaction_rate_at_drug_sites" type="constant" value="0.000109613374654" />
		<parameter constant_type="double" name="interaction_rate_exzone" type="constant" value="0.0822947960296" />
		<parameter constant_type="double" name="mean_career_duration" type="constant" value="34.7676207212" />
        <parameter constant_type="double" name="mean_days_acute_naive" type="constant" value="111.569184324" />
		<parameter constant_type="double" name="mean_days_acute_rechallenged" type="constant" value="11.861647082" />
		<parameter constant_type="double" name="mean_days_naive_to_infectious" type="constant" value="3.9495470467" />
		<parameter constant_type="double" name="mean_enrichment_ChicagoNonNEP" type="constant" value="0.323960586617" />
		<parameter constant_type="double" name="mean_enrichment_suburbs" type="constant" value="2.20993209073" />
		<parameter constant_type="double" name="mean_tie_lifetime" type="constant" value="833.203305952" />
		<parameter constant_type="double" name="net_inflow" type="constant" value="0.0" />
		<parameter constant_type="double" name="nonNEP_age_boost" type="constant" value="2.48978999608" />
		<parameter constant_type="double" name="nonNEP_age_started_boost" type="constant" value="2.11364250623" />
		<parameter constant_type="double" name="nonNEP_degree_boost" type="constant" value="0.187158769617" />
		<parameter constant_type="double" name="nonNEP_hcv_ab_boost" type="constant" value="0.00307029652239" />
		<parameter constant_type="double" name="nonNEP_injection_ratio" type="constant" value="0.81711564376" />
		<parameter constant_type="double" name="nonNEP_sharing_boost" type="constant" value="0.33142608899" />
		<parameter constant_type="string" name="output_directory" type="constant" value="output" />
		<parameter constant_type="double" name="prob_cessation" type="constant" value="0.231072093066" />
		<parameter constant_type="double" name="prob_infected_when_arrive" type="constant" value="0.0798097725755" />
		<parameter constant_type="double" name="prob_self_limiting_female" type="constant" value="0.379694734759" />
		<parameter constant_type="double" name="prob_self_limiting_male" type="constant" value="0.136757040057" />
		<parameter constant_type="double" name="prob_clearing" type="constant" value="0.899589355149" />
		<parameter constant_type="double" name="pwid_maturity_threshold" type="constant" value="4.58054123154" />
        <parameter comment="365*5 + 365 burnin" constant_type="number" name="run_length" shortvalue="4015" type="constant" value="4040" />
        <parameter constant_type="double" name="status_report_frequency" type="constant" value="365.0" />
        <parameter constant_type="double" name="transmissibility" type="constant" value="0.0315708871381" />
        <parameter constant_type="string" name="NEP_data" simulated_value="datagen/NEP_mock_2014.csv" type="constant" value="data/NEP_Risk_Base_Merge.csv" />
        <parameter constant_type="string" name="NHBS_data" simulated_value="datagen/NHBS_mock_2014.csv" type="constant" value="data/IDU2_HCV_model_012913_cleaned.csv" value2012="data/IDU3_2012-2014-04-17.csv" />
</sweep>