<sweep jobNum="198" runs="1">
		
		<parameter constant_type="double" name="ab_prob_acute" type="constant" value="0.0283892948911" />
		<parameter constant_type="double" name="ab_prob_chronic" type="constant" value="0.533606650238" />
		<parameter constant_type="double" name="attrition_rate" type="constant" value="0.0102849512416" />
		<parameter constant_type="double" name="burn_in_days" type="constant" value="365.0" value_nob="0" />
		<parameter constant_type="number" name="dump_network_distances" type="constant" value="-1" />
		<parameter constant_type="double" name="homophily_strength" type="constant" value="0.728027864813" />
		<parameter constant_type="number" name="initial_pwid_count" type="constant" value="33445" />
		<parameter constant_type="double" name="interaction_home_cutoff" type="constant" value="2.29812214412" />
		<parameter constant_type="double" name="interaction_rate_constant" type="constant" value="0.0164281753405" />
		<parameter constant_type="double" name="interaction_rate_at_drug_sites" type="constant" value="0.000130101865408" />
		<parameter constant_type="double" name="interaction_rate_exzone" type="constant" value="0.091218648075" />
		<parameter constant_type="double" name="mean_career_duration" type="constant" value="31.1365919655" />
        <parameter constant_type="double" name="mean_days_acute_naive" type="constant" value="98.3506776402" />
		<parameter constant_type="double" name="mean_days_acute_rechallenged" type="constant" value="46.4604206085" />
		<parameter constant_type="double" name="mean_days_naive_to_infectious" type="constant" value="3.27435087107" />
		<parameter constant_type="double" name="mean_enrichment_ChicagoNonNEP" type="constant" value="0.3956270385" />
		<parameter constant_type="double" name="mean_enrichment_suburbs" type="constant" value="2.09904067466" />
		<parameter constant_type="double" name="mean_tie_lifetime" type="constant" value="729.730431175" />
		<parameter constant_type="double" name="net_inflow" type="constant" value="0.0" />
		<parameter constant_type="double" name="nonNEP_age_boost" type="constant" value="1.50703692463" />
		<parameter constant_type="double" name="nonNEP_age_started_boost" type="constant" value="1.95662433935" />
		<parameter constant_type="double" name="nonNEP_degree_boost" type="constant" value="0.226554818728" />
		<parameter constant_type="double" name="nonNEP_hcv_ab_boost" type="constant" value="0.0167483978546" />
		<parameter constant_type="double" name="nonNEP_injection_ratio" type="constant" value="0.892763078996" />
		<parameter constant_type="double" name="nonNEP_sharing_boost" type="constant" value="0.254720443897" />
		<parameter constant_type="string" name="output_directory" type="constant" value="output" />
		<parameter constant_type="double" name="prob_cessation" type="constant" value="0.300525396109" />
		<parameter constant_type="double" name="prob_infected_when_arrive" type="constant" value="0.0392626912512" />
		<parameter constant_type="double" name="prob_self_limiting_female" type="constant" value="0.331285005226" />
		<parameter constant_type="double" name="prob_self_limiting_male" type="constant" value="0.139037546823" />
		<parameter constant_type="double" name="prob_clearing" type="constant" value="0.77009565101" />
		<parameter constant_type="double" name="pwid_maturity_threshold" type="constant" value="4.36787785031" />
        <parameter comment="365*5 + 365 burnin" constant_type="number" name="run_length" shortvalue="4015" type="constant" value="4040" />
        <parameter constant_type="double" name="status_report_frequency" type="constant" value="365.0" />
        <parameter constant_type="double" name="transmissibility" type="constant" value="0.0197688438549" />
        <parameter constant_type="string" name="NEP_data" simulated_value="datagen/NEP_mock_2014.csv" type="constant" value="data/NEP_Risk_Base_Merge.csv" />
        <parameter constant_type="string" name="NHBS_data" simulated_value="datagen/NHBS_mock_2014.csv" type="constant" value="data/IDU2_HCV_model_012913_cleaned.csv" value2012="data/IDU3_2012-2014-04-17.csv" />
</sweep>