<sweep jobNum="267" runs="1">
		
		<parameter constant_type="double" name="ab_prob_acute" type="constant" value="0.0239507203223" />
		<parameter constant_type="double" name="ab_prob_chronic" type="constant" value="0.555623462032" />
		<parameter constant_type="double" name="attrition_rate" type="constant" value="0.0344954162568" />
		<parameter constant_type="double" name="burn_in_days" type="constant" value="365.0" value_nob="0" />
		<parameter constant_type="number" name="dump_network_distances" type="constant" value="-1" />
		<parameter constant_type="double" name="homophily_strength" type="constant" value="0.647158769617" />
		<parameter constant_type="number" name="initial_pwid_count" type="constant" value="32680" />
		<parameter constant_type="double" name="interaction_home_cutoff" type="constant" value="2.73026770521" />
		<parameter constant_type="double" name="interaction_rate_constant" type="constant" value="0.0138134931956" />
		<parameter constant_type="double" name="interaction_rate_at_drug_sites" type="constant" value="0.000121305107602" />
		<parameter constant_type="double" name="interaction_rate_exzone" type="constant" value="0.0869998920887" />
		<parameter constant_type="double" name="mean_career_duration" type="constant" value="11.573086889" />
        <parameter constant_type="double" name="mean_days_acute_naive" type="constant" value="121.976087247" />
		<parameter constant_type="double" name="mean_days_acute_rechallenged" type="constant" value="9.18736943867" />
		<parameter constant_type="double" name="mean_days_naive_to_infectious" type="constant" value="3.0142608899" />
		<parameter constant_type="double" name="mean_enrichment_ChicagoNonNEP" type="constant" value="0.574104079407" />
		<parameter constant_type="double" name="mean_enrichment_suburbs" type="constant" value="2.01568902132" />
		<parameter constant_type="double" name="mean_tie_lifetime" type="constant" value="570.499844901" />
		<parameter constant_type="double" name="net_inflow" type="constant" value="0.0" />
		<parameter constant_type="double" name="nonNEP_age_boost" type="constant" value="3.51021000392" />
		<parameter constant_type="double" name="nonNEP_age_started_boost" type="constant" value="1.90972938423" />
		<parameter constant_type="double" name="nonNEP_degree_boost" type="constant" value="0.270409084981" />
		<parameter constant_type="double" name="nonNEP_hcv_ab_boost" type="constant" value="0.00140072935607" />
		<parameter constant_type="double" name="nonNEP_injection_ratio" type="constant" value="0.832387352597" />
		<parameter constant_type="double" name="nonNEP_sharing_boost" type="constant" value="0.293558219926" />
		<parameter constant_type="string" name="output_directory" type="constant" value="output" />
		<parameter constant_type="double" name="prob_cessation" type="constant" value="0.284749787209" />
		<parameter constant_type="double" name="prob_infected_when_arrive" type="constant" value="0.0316980736578" />
		<parameter constant_type="double" name="prob_self_limiting_female" type="constant" value="0.358662115168" />
		<parameter constant_type="double" name="prob_self_limiting_male" type="constant" value="0.104510599179" />
		<parameter constant_type="double" name="prob_clearing" type="constant" value="0.897025258443" />
		<parameter constant_type="double" name="pwid_maturity_threshold" type="constant" value="4.74260389425" />
        <parameter comment="365*5 + 365 burnin" constant_type="number" name="run_length" shortvalue="4015" type="constant" value="4040" />
        <parameter constant_type="double" name="status_report_frequency" type="constant" value="365.0" />
        <parameter constant_type="double" name="transmissibility" type="constant" value="0.0445214446305" />
        <parameter constant_type="string" name="NEP_data" simulated_value="datagen/NEP_mock_2014.csv" type="constant" value="data/NEP_Risk_Base_Merge.csv" />
        <parameter constant_type="string" name="NHBS_data" simulated_value="datagen/NHBS_mock_2014.csv" type="constant" value="data/IDU2_HCV_model_012913_cleaned.csv" value2012="data/IDU3_2012-2014-04-17.csv" />
</sweep>