<sweep jobNum="165" runs="1">
		
		<parameter constant_type="double" name="ab_prob_acute" type="constant" value="0.0141835094499" />
		<parameter constant_type="double" name="ab_prob_chronic" type="constant" value="0.573668494614" />
		<parameter constant_type="double" name="attrition_rate" type="constant" value="0.0746773777264" />
		<parameter constant_type="double" name="burn_in_days" type="constant" value="365.0" value_nob="0" />
		<parameter constant_type="number" name="dump_network_distances" type="constant" value="-1" />
		<parameter constant_type="double" name="homophily_strength" type="constant" value="0.666589769575" />
		<parameter constant_type="number" name="initial_pwid_count" type="constant" value="32584" />
		<parameter constant_type="double" name="interaction_home_cutoff" type="constant" value="1.10287090605" />
		<parameter constant_type="double" name="interaction_rate_constant" type="constant" value="0.0176461052264" />
		<parameter constant_type="double" name="interaction_rate_at_drug_sites" type="constant" value="0.000131133947844" />
		<parameter constant_type="double" name="interaction_rate_exzone" type="constant" value="0.0946351370284" />
		<parameter constant_type="double" name="mean_career_duration" type="constant" value="29.397055587" />
        <parameter constant_type="double" name="mean_days_acute_naive" type="constant" value="92.8895549815" />
		<parameter constant_type="double" name="mean_days_acute_rechallenged" type="constant" value="42.4568117674" />
		<parameter constant_type="double" name="mean_days_naive_to_infectious" type="constant" value="2.22428788465" />
		<parameter constant_type="double" name="mean_enrichment_ChicagoNonNEP" type="constant" value="0.488014087705" />
		<parameter constant_type="double" name="mean_enrichment_suburbs" type="constant" value="1.86873802336" />
		<parameter constant_type="double" name="mean_tie_lifetime" type="constant" value="403.05594528" />
		<parameter constant_type="double" name="net_inflow" type="constant" value="0.0" />
		<parameter constant_type="double" name="nonNEP_age_boost" type="constant" value="2.60621407008" />
		<parameter constant_type="double" name="nonNEP_age_started_boost" type="constant" value="2.01007040868" />
		<parameter constant_type="double" name="nonNEP_degree_boost" type="constant" value="0.225978997281" />
		<parameter constant_type="double" name="nonNEP_hcv_ab_boost" type="constant" value="0.0113882641306" />
		<parameter constant_type="double" name="nonNEP_injection_ratio" type="constant" value="0.880101865408" />
		<parameter constant_type="double" name="nonNEP_sharing_boost" type="constant" value="0.279116372365" />
		<parameter constant_type="string" name="output_directory" type="constant" value="output" />
		<parameter constant_type="double" name="prob_cessation" type="constant" value="0.181041832152" />
		<parameter constant_type="double" name="prob_infected_when_arrive" type="constant" value="0.0822767058361" />
		<parameter constant_type="double" name="prob_self_limiting_female" type="constant" value="0.349995459266" />
		<parameter constant_type="double" name="prob_self_limiting_male" type="constant" value="0.104025374359" />
		<parameter constant_type="double" name="prob_clearing" type="constant" value="0.851996589559" />
		<parameter constant_type="double" name="pwid_maturity_threshold" type="constant" value="3.67042973723" />
        <parameter comment="365*5 + 365 burnin" constant_type="number" name="run_length" shortvalue="4015" type="constant" value="4040" />
        <parameter constant_type="double" name="status_report_frequency" type="constant" value="365.0" />
        <parameter constant_type="double" name="transmissibility" type="constant" value="0.0254688303431" />
        <parameter constant_type="string" name="NEP_data" simulated_value="datagen/NEP_mock_2014.csv" type="constant" value="data/NEP_Risk_Base_Merge.csv" />
        <parameter constant_type="string" name="NHBS_data" simulated_value="datagen/NHBS_mock_2014.csv" type="constant" value="data/IDU2_HCV_model_012913_cleaned.csv" value2012="data/IDU3_2012-2014-04-17.csv" />
</sweep>