<sweep jobNum="224" runs="1">
		
		<parameter constant_type="double" name="ab_prob_acute" type="constant" value="0.0282281816511" />
		<parameter constant_type="double" name="ab_prob_chronic" type="constant" value="0.739611017252" />
		<parameter constant_type="double" name="attrition_rate" type="constant" value="0.0741814293946" />
		<parameter constant_type="double" name="burn_in_days" type="constant" value="365.0" value_nob="0" />
		<parameter constant_type="number" name="dump_network_distances" type="constant" value="-1" />
		<parameter constant_type="double" name="homophily_strength" type="constant" value="0.689427636737" />
		<parameter constant_type="number" name="initial_pwid_count" type="constant" value="32716" />
		<parameter constant_type="double" name="interaction_home_cutoff" type="constant" value="1.92863744325" />
		<parameter constant_type="double" name="interaction_rate_constant" type="constant" value="0.0177529842423" />
		<parameter constant_type="double" name="interaction_rate_at_drug_sites" type="constant" value="9.95721825839e-05" />
		<parameter constant_type="double" name="interaction_rate_exzone" type="constant" value="0.0883311277244" />
		<parameter constant_type="double" name="mean_career_duration" type="constant" value="11.3801877654" />
        <parameter constant_type="double" name="mean_days_acute_naive" type="constant" value="113.597275307" />
		<parameter constant_type="double" name="mean_days_acute_rechallenged" type="constant" value="8.64782995144" />
		<parameter constant_type="double" name="mean_days_naive_to_infectious" type="constant" value="3.45122365975" />
		<parameter constant_type="double" name="mean_enrichment_ChicagoNonNEP" type="constant" value="0.35837909646" />
		<parameter constant_type="double" name="mean_enrichment_suburbs" type="constant" value="2.47926934395" />
		<parameter constant_type="double" name="mean_tie_lifetime" type="constant" value="644.214588669" />
		<parameter constant_type="double" name="net_inflow" type="constant" value="0.0" />
		<parameter constant_type="double" name="nonNEP_age_boost" type="constant" value="4.07317969893" />
		<parameter constant_type="double" name="nonNEP_age_started_boost" type="constant" value="2.40079394458" />
		<parameter constant_type="double" name="nonNEP_degree_boost" type="constant" value="0.326351370284" />
		<parameter constant_type="double" name="nonNEP_hcv_ab_boost" type="constant" value="0.00944942283256" />
		<parameter constant_type="double" name="nonNEP_injection_ratio" type="constant" value="0.889172089697" />
		<parameter constant_type="double" name="nonNEP_sharing_boost" type="constant" value="0.389521380013" />
		<parameter constant_type="string" name="output_directory" type="constant" value="output" />
		<parameter constant_type="double" name="prob_cessation" type="constant" value="0.206266464665" />
		<parameter constant_type="double" name="prob_infected_when_arrive" type="constant" value="0.0304218663183" />
		<parameter constant_type="double" name="prob_self_limiting_female" type="constant" value="0.369941060891" />
		<parameter constant_type="double" name="prob_self_limiting_male" type="constant" value="0.112320801157" />
		<parameter constant_type="double" name="prob_clearing" type="constant" value="0.917191679025" />
		<parameter constant_type="double" name="pwid_maturity_threshold" type="constant" value="4.23446525409" />
        <parameter comment="365*5 + 365 burnin" constant_type="number" name="run_length" shortvalue="4015" type="constant" value="4040" />
        <parameter constant_type="double" name="status_report_frequency" type="constant" value="365.0" />
        <parameter constant_type="double" name="transmissibility" type="constant" value="0.0330944208702" />
        <parameter constant_type="string" name="NEP_data" simulated_value="datagen/NEP_mock_2014.csv" type="constant" value="data/NEP_Risk_Base_Merge.csv" />
        <parameter constant_type="string" name="NHBS_data" simulated_value="datagen/NHBS_mock_2014.csv" type="constant" value="data/IDU2_HCV_model_012913_cleaned.csv" value2012="data/IDU3_2012-2014-04-17.csv" />
</sweep>