<sweep jobNum="255" runs="1">
		
		<parameter constant_type="double" name="ab_prob_acute" type="constant" value="0.0205421609344" />
		<parameter constant_type="double" name="ab_prob_chronic" type="constant" value="0.604111830606" />
		<parameter constant_type="double" name="attrition_rate" type="constant" value="0.0206346544261" />
		<parameter constant_type="double" name="burn_in_days" type="constant" value="365.0" value_nob="0" />
		<parameter constant_type="number" name="dump_network_distances" type="constant" value="-1" />
		<parameter constant_type="double" name="homophily_strength" type="constant" value="0.708280488799" />
		<parameter constant_type="number" name="initial_pwid_count" type="constant" value="30272" />
		<parameter constant_type="double" name="interaction_home_cutoff" type="constant" value="2.43862830295" />
		<parameter constant_type="double" name="interaction_rate_constant" type="constant" value="0.0152623086967" />
		<parameter constant_type="double" name="interaction_rate_at_drug_sites" type="constant" value="0.00013044444816" />
		<parameter constant_type="double" name="interaction_rate_exzone" type="constant" value="0.0796341160627" />
		<parameter constant_type="double" name="mean_career_duration" type="constant" value="28.898300269" />
        <parameter constant_type="double" name="mean_days_acute_naive" type="constant" value="89.9241657565" />
		<parameter constant_type="double" name="mean_days_acute_rechallenged" type="constant" value="13.6909373476" />
		<parameter constant_type="double" name="mean_days_naive_to_infectious" type="constant" value="2.0504529533" />
		<parameter constant_type="double" name="mean_enrichment_ChicagoNonNEP" type="constant" value="0.631537424961" />
		<parameter constant_type="double" name="mean_enrichment_suburbs" type="constant" value="1.57236921004" />
		<parameter constant_type="double" name="mean_tie_lifetime" type="constant" value="319.453346082" />
		<parameter constant_type="double" name="net_inflow" type="constant" value="0.0" />
		<parameter constant_type="double" name="nonNEP_age_boost" type="constant" value="2.01346931279" />
		<parameter constant_type="double" name="nonNEP_age_started_boost" type="constant" value="1.88065904557" />
		<parameter constant_type="double" name="nonNEP_degree_boost" type="constant" value="0.2746190126" />
		<parameter constant_type="double" name="nonNEP_hcv_ab_boost" type="constant" value="0.0129927921016" />
		<parameter constant_type="double" name="nonNEP_injection_ratio" type="constant" value="0.852139713895" />
		<parameter constant_type="double" name="nonNEP_sharing_boost" type="constant" value="0.333708555609" />
		<parameter constant_type="string" name="output_directory" type="constant" value="output" />
		<parameter constant_type="double" name="prob_cessation" type="constant" value="0.254063223812" />
		<parameter constant_type="double" name="prob_infected_when_arrive" type="constant" value="0.06804894639" />
		<parameter constant_type="double" name="prob_self_limiting_female" type="constant" value="0.329492263526" />
		<parameter constant_type="double" name="prob_self_limiting_male" type="constant" value="0.133674045092" />
		<parameter constant_type="double" name="prob_clearing" type="constant" value="0.777715941163" />
		<parameter constant_type="double" name="pwid_maturity_threshold" type="constant" value="4.81148385749" />
        <parameter comment="365*5 + 365 burnin" constant_type="number" name="run_length" shortvalue="4015" type="constant" value="4040" />
        <parameter constant_type="double" name="status_report_frequency" type="constant" value="365.0" />
        <parameter constant_type="double" name="transmissibility" type="constant" value="0.00725798932206" />
        <parameter constant_type="string" name="NEP_data" simulated_value="datagen/NEP_mock_2014.csv" type="constant" value="data/NEP_Risk_Base_Merge.csv" />
        <parameter constant_type="string" name="NHBS_data" simulated_value="datagen/NHBS_mock_2014.csv" type="constant" value="data/IDU2_HCV_model_012913_cleaned.csv" value2012="data/IDU3_2012-2014-04-17.csv" />
</sweep>