<sweep jobNum="50" runs="1">
		
		<parameter constant_type="double" name="ab_prob_acute" type="constant" value="0.0218646012847" />
		<parameter constant_type="double" name="ab_prob_chronic" type="constant" value="0.613861785726" />
		<parameter constant_type="double" name="attrition_rate" type="constant" value="0.0354177742568" />
		<parameter constant_type="double" name="burn_in_days" type="constant" value="365.0" value_nob="0" />
		<parameter constant_type="number" name="dump_network_distances" type="constant" value="-1" />
		<parameter constant_type="double" name="homophily_strength" type="constant" value="0.691719511201" />
		<parameter constant_type="number" name="initial_pwid_count" type="constant" value="33017" />
		<parameter constant_type="double" name="interaction_home_cutoff" type="constant" value="2.37052039704" />
		<parameter constant_type="double" name="interaction_rate_constant" type="constant" value="0.0206542726921" />
		<parameter constant_type="double" name="interaction_rate_at_drug_sites" type="constant" value="0.000115204542491" />
		<parameter constant_type="double" name="interaction_rate_exzone" type="constant" value="0.0845978997281" />
		<parameter constant_type="double" name="mean_career_duration" type="constant" value="33.8524830444" />
        <parameter constant_type="double" name="mean_days_acute_naive" type="constant" value="93.9484223634" />
		<parameter constant_type="double" name="mean_days_acute_rechallenged" type="constant" value="39.498135234" />
		<parameter constant_type="double" name="mean_days_naive_to_infectious" type="constant" value="2.86554818728" />
		<parameter constant_type="double" name="mean_enrichment_ChicagoNonNEP" type="constant" value="0.460383730138" />
		<parameter constant_type="double" name="mean_enrichment_suburbs" type="constant" value="1.90676993576" />
		<parameter constant_type="double" name="mean_tie_lifetime" type="constant" value="699.476047153" />
		<parameter constant_type="double" name="net_inflow" type="constant" value="0.0" />
		<parameter constant_type="double" name="nonNEP_age_boost" type="constant" value="3.54662670111" />
		<parameter constant_type="double" name="nonNEP_age_started_boost" type="constant" value="2.30203730816" />
		<parameter constant_type="double" name="nonNEP_degree_boost" type="constant" value="0.298841789367" />
		<parameter constant_type="double" name="nonNEP_hcv_ab_boost" type="constant" value="0.00157940623714" />
		<parameter constant_type="double" name="nonNEP_injection_ratio" type="constant" value="0.811598574573" />
		<parameter constant_type="double" name="nonNEP_sharing_boost" type="constant" value="0.362807676078" />
		<parameter constant_type="string" name="output_directory" type="constant" value="output" />
		<parameter constant_type="double" name="prob_cessation" type="constant" value="0.265932297622" />
		<parameter constant_type="double" name="prob_infected_when_arrive" type="constant" value="0.0213818746952" />
		<parameter constant_type="double" name="prob_self_limiting_female" type="constant" value="0.36930473469" />
		<parameter constant_type="double" name="prob_self_limiting_male" type="constant" value="0.127157328067" />
		<parameter constant_type="double" name="prob_clearing" type="constant" value="0.836554818728" />
		<parameter constant_type="double" name="pwid_maturity_threshold" type="constant" value="4.0975526805" />
        <parameter comment="365*5 + 365 burnin" constant_type="number" name="run_length" shortvalue="4015" type="constant" value="4040" />
        <parameter constant_type="double" name="status_report_frequency" type="constant" value="365.0" />
        <parameter constant_type="double" name="transmissibility" type="constant" value="0.00568692508907" />
        <parameter constant_type="string" name="NEP_data" simulated_value="datagen/NEP_mock_2014.csv" type="constant" value="data/NEP_Risk_Base_Merge.csv" />
        <parameter constant_type="string" name="NHBS_data" simulated_value="datagen/NHBS_mock_2014.csv" type="constant" value="data/IDU2_HCV_model_012913_cleaned.csv" value2012="data/IDU3_2012-2014-04-17.csv" />
</sweep>