<sweep jobNum="97" runs="1">
		
		<parameter constant_type="double" name="ab_prob_acute" type="constant" value="0.0236441780074" />
		<parameter constant_type="double" name="ab_prob_chronic" type="constant" value="0.6386655512" />
		<parameter constant_type="double" name="attrition_rate" type="constant" value="0.0510302537912" />
		<parameter constant_type="double" name="burn_in_days" type="constant" value="365.0" value_nob="0" />
		<parameter constant_type="number" name="dump_network_distances" type="constant" value="-1" />
		<parameter constant_type="double" name="homophily_strength" type="constant" value="0.661108765786" />
		<parameter constant_type="number" name="initial_pwid_count" type="constant" value="32513" />
		<parameter constant_type="double" name="interaction_home_cutoff" type="constant" value="1.56137169705" />
		<parameter constant_type="double" name="interaction_rate_constant" type="constant" value="0.0148463950415" />
		<parameter constant_type="double" name="interaction_rate_at_drug_sites" type="constant" value="5.20730656048e-05" />
		<parameter constant_type="double" name="interaction_rate_exzone" type="constant" value="0.0821108765786" />
		<parameter constant_type="double" name="mean_career_duration" type="constant" value="10.3405072656" />
        <parameter constant_type="double" name="mean_days_acute_naive" type="constant" value="86.259538789" />
		<parameter constant_type="double" name="mean_days_acute_rechallenged" type="constant" value="42.3090626524" />
		<parameter constant_type="double" name="mean_days_naive_to_infectious" type="constant" value="3.15751338511" />
		<parameter constant_type="double" name="mean_enrichment_ChicagoNonNEP" type="constant" value="0.646053541042" />
		<parameter constant_type="double" name="mean_enrichment_suburbs" type="constant" value="2.19445617107" />
		<parameter constant_type="double" name="mean_tie_lifetime" type="constant" value="586.066559582" />
		<parameter constant_type="double" name="net_inflow" type="constant" value="0.0" />
		<parameter constant_type="double" name="nonNEP_age_boost" type="constant" value="3.18442282583" />
		<parameter constant_type="double" name="nonNEP_age_started_boost" type="constant" value="1.82869805287" />
		<parameter constant_type="double" name="nonNEP_degree_boost" type="constant" value="0.287663324484" />
		<parameter constant_type="double" name="nonNEP_hcv_ab_boost" type="constant" value="0.0142285374635" />
		<parameter constant_type="double" name="nonNEP_injection_ratio" type="constant" value="0.828068584852" />
		<parameter constant_type="double" name="nonNEP_sharing_boost" type="constant" value="0.315978997281" />
		<parameter constant_type="string" name="output_directory" type="constant" value="output" />
		<parameter constant_type="double" name="prob_cessation" type="constant" value="0.2955598719" />
		<parameter constant_type="double" name="prob_infected_when_arrive" type="constant" value="0.0436994645955" />
		<parameter constant_type="double" name="prob_self_limiting_female" type="constant" value="0.347145692889" />
		<parameter constant_type="double" name="prob_self_limiting_male" type="constant" value="0.109335183487" />
		<parameter constant_type="double" name="prob_clearing" type="constant" value="0.856564498652" />
		<parameter constant_type="double" name="pwid_maturity_threshold" type="constant" value="3.8501864766" />
        <parameter comment="365*5 + 365 burnin" constant_type="number" name="run_length" shortvalue="4015" type="constant" value="4040" />
        <parameter constant_type="double" name="status_report_frequency" type="constant" value="365.0" />
        <parameter constant_type="double" name="transmissibility" type="constant" value="0.00933341949527" />
        <parameter constant_type="string" name="NEP_data" simulated_value="datagen/NEP_mock_2014.csv" type="constant" value="data/NEP_Risk_Base_Merge.csv" />
        <parameter constant_type="string" name="NHBS_data" simulated_value="datagen/NHBS_mock_2014.csv" type="constant" value="data/IDU2_HCV_model_012913_cleaned.csv" value2012="data/IDU3_2012-2014-04-17.csv" />
</sweep>