<sweep jobNum="144" runs="1">
		
		<parameter constant_type="double" name="ab_prob_acute" type="constant" value="0.0223311277244" />
		<parameter constant_type="double" name="ab_prob_chronic" type="constant" value="0.569125542871" />
		<parameter constant_type="double" name="attrition_rate" type="constant" value="0.0185096464842" />
		<parameter constant_type="double" name="burn_in_days" type="constant" value="365.0" value_nob="0" />
		<parameter constant_type="number" name="dump_network_distances" type="constant" value="-1" />
		<parameter constant_type="double" name="homophily_strength" type="constant" value="0.747025258443" />
		<parameter constant_type="number" name="initial_pwid_count" type="constant" value="32827" />
		<parameter constant_type="double" name="interaction_home_cutoff" type="constant" value="1.0414613121" />
		<parameter constant_type="double" name="interaction_rate_constant" type="constant" value="0.0114376601247" />
		<parameter constant_type="double" name="interaction_rate_at_drug_sites" type="constant" value="6.00478255052e-05" />
		<parameter constant_type="double" name="interaction_rate_exzone" type="constant" value="0.0862567155119" />
		<parameter constant_type="double" name="mean_career_duration" type="constant" value="32.3871452257" />
        <parameter constant_type="double" name="mean_days_acute_naive" type="constant" value="114.397338787" />
		<parameter constant_type="double" name="mean_days_acute_rechallenged" type="constant" value="10.7297259432" />
		<parameter constant_type="double" name="mean_days_naive_to_infectious" type="constant" value="3.38891234214" />
		<parameter constant_type="double" name="mean_enrichment_ChicagoNonNEP" type="constant" value="0.333830626297" />
		<parameter constant_type="double" name="mean_enrichment_suburbs" type="constant" value="2.23512629222" />
		<parameter constant_type="double" name="mean_tie_lifetime" type="constant" value="603.233825623" />
		<parameter constant_type="double" name="net_inflow" type="constant" value="0.0" />
		<parameter constant_type="double" name="nonNEP_age_boost" type="constant" value="2.37953624065" />
		<parameter constant_type="double" name="nonNEP_age_started_boost" type="constant" value="1.69144365168" />
		<parameter constant_type="double" name="nonNEP_degree_boost" type="constant" value="0.16087814324" />
		<parameter constant_type="double" name="nonNEP_hcv_ab_boost" type="constant" value="0.0180025703417" />
		<parameter constant_type="double" name="nonNEP_injection_ratio" type="constant" value="0.896589507849" />
		<parameter constant_type="double" name="nonNEP_sharing_boost" type="constant" value="0.315402710561" />
		<parameter constant_type="string" name="output_directory" type="constant" value="output" />
		<parameter constant_type="double" name="prob_cessation" type="constant" value="0.304177863365" />
		<parameter constant_type="double" name="prob_infected_when_arrive" type="constant" value="0.0329559139185" />
		<parameter constant_type="double" name="prob_self_limiting_female" type="constant" value="0.354586214989" />
		<parameter constant_type="double" name="prob_self_limiting_male" type="constant" value="0.119994107768" />
		<parameter constant_type="double" name="prob_clearing" type="constant" value="0.78911110368" />
		<parameter constant_type="double" name="pwid_maturity_threshold" type="constant" value="5.08558855578" />
        <parameter comment="365*5 + 365 burnin" constant_type="number" name="run_length" shortvalue="4015" type="constant" value="4040" />
        <parameter constant_type="double" name="status_report_frequency" type="constant" value="365.0" />
        <parameter constant_type="double" name="transmissibility" type="constant" value="0.00871218753012" />
        <parameter constant_type="string" name="NEP_data" simulated_value="datagen/NEP_mock_2014.csv" type="constant" value="data/NEP_Risk_Base_Merge.csv" />
        <parameter constant_type="string" name="NHBS_data" simulated_value="datagen/NHBS_mock_2014.csv" type="constant" value="data/IDU2_HCV_model_012913_cleaned.csv" value2012="data/IDU3_2012-2014-04-17.csv" />
</sweep>