<sweep jobNum="214" runs="1">
		
		<parameter constant_type="double" name="ab_prob_acute" type="constant" value="0.0259521380013" />
		<parameter constant_type="double" name="ab_prob_chronic" type="constant" value="0.598694855266" />
		<parameter constant_type="double" name="attrition_rate" type="constant" value="0.0223957313846" />
		<parameter constant_type="double" name="burn_in_days" type="constant" value="365.0" value_nob="0" />
		<parameter constant_type="number" name="dump_network_distances" type="constant" value="-1" />
		<parameter constant_type="double" name="homophily_strength" type="constant" value="0.664167125401" />
		<parameter constant_type="number" name="initial_pwid_count" type="constant" value="33273" />
		<parameter constant_type="double" name="interaction_home_cutoff" type="constant" value="2.31007040868" />
		<parameter constant_type="double" name="interaction_rate_constant" type="constant" value="0.0152278116828" />
		<parameter constant_type="double" name="interaction_rate_at_drug_sites" type="constant" value="0.000120682125312" />
		<parameter constant_type="double" name="interaction_rate_exzone" type="constant" value="0.0886843271872" />
		<parameter constant_type="double" name="mean_career_duration" type="constant" value="17.358313101" />
        <parameter constant_type="double" name="mean_days_acute_naive" type="constant" value="117.914709843" />
		<parameter constant_type="double" name="mean_days_acute_rechallenged" type="constant" value="39.6329811003" />
		<parameter constant_type="double" name="mean_days_naive_to_infectious" type="constant" value="3.07136255675" />
		<parameter constant_type="double" name="mean_enrichment_ChicagoNonNEP" type="constant" value="0.466185021433" />
		<parameter constant_type="double" name="mean_enrichment_suburbs" type="constant" value="1.58053525544" />
		<parameter constant_type="double" name="mean_tie_lifetime" type="constant" value="565.278554882" />
		<parameter constant_type="double" name="net_inflow" type="constant" value="0.0" />
		<parameter constant_type="double" name="nonNEP_age_boost" type="constant" value="4.16356817303" />
		<parameter constant_type="double" name="nonNEP_age_started_boost" type="constant" value="1.23610898773" />
		<parameter constant_type="double" name="nonNEP_degree_boost" type="constant" value="0.17423128752" />
		<parameter constant_type="double" name="nonNEP_hcv_ab_boost" type="constant" value="0.012934845565" />
		<parameter constant_type="double" name="nonNEP_injection_ratio" type="constant" value="0.834795457509" />
		<parameter constant_type="double" name="nonNEP_sharing_boost" type="constant" value="0.32857391101" />
		<parameter constant_type="string" name="output_directory" type="constant" value="output" />
		<parameter constant_type="double" name="prob_cessation" type="constant" value="0.303439784222" />
		<parameter constant_type="double" name="prob_infected_when_arrive" type="constant" value="0.0675451321182" />
		<parameter constant_type="double" name="prob_self_limiting_female" type="constant" value="0.38763461301" />
		<parameter constant_type="double" name="prob_self_limiting_male" type="constant" value="0.118276403805" />
		<parameter constant_type="double" name="prob_clearing" type="constant" value="0.779920605542" />
		<parameter constant_type="double" name="pwid_maturity_threshold" type="constant" value="5.349728072" />
        <parameter comment="365*5 + 365 burnin" constant_type="number" name="run_length" shortvalue="4015" type="constant" value="4040" />
        <parameter constant_type="double" name="status_report_frequency" type="constant" value="365.0" />
        <parameter constant_type="double" name="transmissibility" type="constant" value="0.0177596525836" />
        <parameter constant_type="string" name="NEP_data" simulated_value="datagen/NEP_mock_2014.csv" type="constant" value="data/NEP_Risk_Base_Merge.csv" />
        <parameter constant_type="string" name="NHBS_data" simulated_value="datagen/NHBS_mock_2014.csv" type="constant" value="data/IDU2_HCV_model_012913_cleaned.csv" value2012="data/IDU3_2012-2014-04-17.csv" />
</sweep>