<sweep jobNum="101" runs="1">
		
		<parameter constant_type="double" name="ab_prob_acute" type="constant" value="0.0154245184145" />
		<parameter constant_type="double" name="ab_prob_chronic" type="constant" value="0.589897808016" />
		<parameter constant_type="double" name="attrition_rate" type="constant" value="0.0179755256449" />
		<parameter constant_type="double" name="burn_in_days" type="constant" value="365.0" value_nob="0" />
		<parameter constant_type="number" name="dump_network_distances" type="constant" value="-1" />
		<parameter constant_type="double" name="homophily_strength" type="constant" value="0.731606107485" />
		<parameter constant_type="number" name="initial_pwid_count" type="constant" value="31122" />
		<parameter constant_type="double" name="interaction_home_cutoff" type="constant" value="2.89712909395" />
		<parameter constant_type="double" name="interaction_rate_constant" type="constant" value="0.0176105963123" />
		<parameter constant_type="double" name="interaction_rate_at_drug_sites" type="constant" value="0.000124794677574" />
		<parameter constant_type="double" name="interaction_rate_exzone" type="constant" value="0.0795641059717" />
		<parameter constant_type="double" name="mean_career_duration" type="constant" value="24.9561914444" />
        <parameter constant_type="double" name="mean_days_acute_naive" type="constant" value="120.25669263" />
		<parameter constant_type="double" name="mean_days_acute_rechallenged" type="constant" value="36.7725660591" />
		<parameter constant_type="double" name="mean_days_naive_to_infectious" type="constant" value="3.01996589559" />
		<parameter constant_type="double" name="mean_enrichment_ChicagoNonNEP" type="constant" value="0.640158788916" />
		<parameter constant_type="double" name="mean_enrichment_suburbs" type="constant" value="2.30788466139" />
		<parameter constant_type="double" name="mean_tie_lifetime" type="constant" value="382.176450556" />
		<parameter constant_type="double" name="net_inflow" type="constant" value="0.0" />
		<parameter constant_type="double" name="nonNEP_age_boost" type="constant" value="2.59735092192" />
		<parameter constant_type="double" name="nonNEP_age_started_boost" type="constant" value="1.02808320975" />
		<parameter constant_type="double" name="nonNEP_degree_boost" type="constant" value="0.194877634025" />
		<parameter constant_type="double" name="nonNEP_hcv_ab_boost" type="constant" value="0.0107629067463" />
		<parameter constant_type="double" name="nonNEP_injection_ratio" type="constant" value="0.88651338526" />
		<parameter constant_type="double" name="nonNEP_sharing_boost" type="constant" value="0.3125135964" />
		<parameter constant_type="string" name="output_directory" type="constant" value="output" />
		<parameter constant_type="double" name="prob_cessation" type="constant" value="0.304919895599" />
		<parameter constant_type="double" name="prob_infected_when_arrive" type="constant" value="0.0883415475161" />
		<parameter constant_type="double" name="prob_self_limiting_female" type="constant" value="0.338293774143" />
		<parameter constant_type="double" name="prob_self_limiting_male" type="constant" value="0.128364333704" />
		<parameter constant_type="double" name="prob_clearing" type="constant" value="0.870972938423" />
		<parameter constant_type="double" name="pwid_maturity_threshold" type="constant" value="6.2177779264" />
        <parameter comment="365*5 + 365 burnin" constant_type="number" name="run_length" shortvalue="4015" type="constant" value="4040" />
        <parameter constant_type="double" name="status_report_frequency" type="constant" value="365.0" />
        <parameter constant_type="double" name="transmissibility" type="constant" value="0.0174311422652" />
        <parameter constant_type="string" name="NEP_data" simulated_value="datagen/NEP_mock_2014.csv" type="constant" value="data/NEP_Risk_Base_Merge.csv" />
        <parameter constant_type="string" name="NHBS_data" simulated_value="datagen/NHBS_mock_2014.csv" type="constant" value="data/IDU2_HCV_model_012913_cleaned.csv" value2012="data/IDU3_2012-2014-04-17.csv" />
</sweep>