<sweep jobNum="275" runs="1">
		
		<parameter constant_type="double" name="ab_prob_acute" type="constant" value="0.0162336317646" />
		<parameter constant_type="double" name="ab_prob_chronic" type="constant" value="0.634526340121" />
		<parameter constant_type="double" name="attrition_rate" type="constant" value="0.0264381215908" />
		<parameter constant_type="double" name="burn_in_days" type="constant" value="365.0" value_nob="0" />
		<parameter constant_type="number" name="dump_network_distances" type="constant" value="-1" />
		<parameter constant_type="double" name="homophily_strength" type="constant" value="0.684825938643" />
		<parameter constant_type="number" name="initial_pwid_count" type="constant" value="30809" />
		<parameter constant_type="double" name="interaction_home_cutoff" type="constant" value="2.49589355149" />
		<parameter constant_type="double" name="interaction_rate_constant" type="constant" value="0.0200315007415" />
		<parameter constant_type="double" name="interaction_rate_at_drug_sites" type="constant" value="0.000139172089697" />
		<parameter constant_type="double" name="interaction_rate_exzone" type="constant" value="0.0881556399089" />
		<parameter constant_type="double" name="mean_career_duration" type="constant" value="28.1457032433" />
        <parameter constant_type="double" name="mean_days_acute_naive" type="constant" value="95.5843915162" />
		<parameter constant_type="double" name="mean_days_acute_rechallenged" type="constant" value="40.5923689688" />
		<parameter constant_type="double" name="mean_days_naive_to_infectious" type="constant" value="3.16907489284" />
		<parameter constant_type="double" name="mean_enrichment_ChicagoNonNEP" type="constant" value="0.499429582965" />
		<parameter constant_type="double" name="mean_enrichment_suburbs" type="constant" value="1.9270135528" />
		<parameter constant_type="double" name="mean_tie_lifetime" type="constant" value="659.620397995" />
		<parameter constant_type="double" name="net_inflow" type="constant" value="0.0" />
		<parameter constant_type="double" name="nonNEP_age_boost" type="constant" value="2.41663148679" />
		<parameter constant_type="double" name="nonNEP_age_started_boost" type="constant" value="1.07732104312" />
		<parameter constant_type="double" name="nonNEP_degree_boost" type="constant" value="0.223670858941" />
		<parameter constant_type="double" name="nonNEP_hcv_ab_boost" type="constant" value="0.00646262646403" />
		<parameter constant_type="double" name="nonNEP_injection_ratio" type="constant" value="0.839513530789" />
		<parameter constant_type="double" name="nonNEP_sharing_boost" type="constant" value="0.377025258443" />
		<parameter constant_type="string" name="output_directory" type="constant" value="output" />
		<parameter constant_type="double" name="prob_cessation" type="constant" value="0.258173666546" />
		<parameter constant_type="double" name="prob_infected_when_arrive" type="constant" value="0.0120181181318" />
		<parameter constant_type="double" name="prob_self_limiting_female" type="constant" value="0.376204202219" />
		<parameter constant_type="double" name="prob_self_limiting_male" type="constant" value="0.114043690838" />
		<parameter constant_type="double" name="prob_clearing" type="constant" value="0.890743680186" />
		<parameter constant_type="double" name="pwid_maturity_threshold" type="constant" value="5.54870174213" />
        <parameter comment="365*5 + 365 burnin" constant_type="number" name="run_length" shortvalue="4015" type="constant" value="4040" />
        <parameter constant_type="double" name="status_report_frequency" type="constant" value="365.0" />
        <parameter constant_type="double" name="transmissibility" type="constant" value="0.00891935055494" />
        <parameter constant_type="string" name="NEP_data" simulated_value="datagen/NEP_mock_2014.csv" type="constant" value="data/NEP_Risk_Base_Merge.csv" />
        <parameter constant_type="string" name="NHBS_data" simulated_value="datagen/NHBS_mock_2014.csv" type="constant" value="data/IDU2_HCV_model_012913_cleaned.csv" value2012="data/IDU3_2012-2014-04-17.csv" />
</sweep>