<sweep jobNum="268" runs="1">
		
		<parameter constant_type="double" name="ab_prob_acute" type="constant" value="0.0133521486862" />
		<parameter constant_type="double" name="ab_prob_chronic" type="constant" value="0.709532287686" />
		<parameter constant_type="double" name="attrition_rate" type="constant" value="0.0262620789967" />
		<parameter constant_type="double" name="burn_in_days" type="constant" value="365.0" value_nob="0" />
		<parameter constant_type="number" name="dump_network_distances" type="constant" value="-1" />
		<parameter constant_type="double" name="homophily_strength" type="constant" value="0.672564912893" />
		<parameter constant_type="number" name="initial_pwid_count" type="constant" value="31355" />
		<parameter constant_type="double" name="interaction_home_cutoff" type="constant" value="2.06564498652" />
		<parameter constant_type="double" name="interaction_rate_constant" type="constant" value="0.0190920376447" />
		<parameter constant_type="double" name="interaction_rate_at_drug_sites" type="constant" value="0.000104999460443" />
		<parameter constant_type="double" name="interaction_rate_exzone" type="constant" value="0.0912841230383" />
		<parameter constant_type="double" name="mean_career_duration" type="constant" value="16.926215529" />
        <parameter constant_type="double" name="mean_days_acute_naive" type="constant" value="114.883490186" />
		<parameter constant_type="double" name="mean_days_acute_rechallenged" type="constant" value="32.4281189043" />
		<parameter constant_type="double" name="mean_days_naive_to_infectious" type="constant" value="2.68992959132" />
		<parameter constant_type="double" name="mean_enrichment_ChicagoNonNEP" type="constant" value="0.335436366979" />
		<parameter constant_type="double" name="mean_enrichment_suburbs" type="constant" value="1.73250873403" />
		<parameter constant_type="double" name="mean_tie_lifetime" type="constant" value="349.710797031" />
		<parameter constant_type="double" name="net_inflow" type="constant" value="0.0" />
		<parameter constant_type="double" name="nonNEP_age_boost" type="constant" value="2.76372992233" />
		<parameter constant_type="double" name="nonNEP_age_started_boost" type="constant" value="2.68599125786" />
		<parameter constant_type="double" name="nonNEP_degree_boost" type="constant" value="0.153648629716" />
		<parameter constant_type="double" name="nonNEP_hcv_ab_boost" type="constant" value="0.0131088882628" />
		<parameter constant_type="double" name="nonNEP_injection_ratio" type="constant" value="0.822921203206" />
		<parameter constant_type="double" name="nonNEP_sharing_boost" type="constant" value="0.275180703162" />
		<parameter constant_type="string" name="output_directory" type="constant" value="output" />
		<parameter constant_type="double" name="prob_cessation" type="constant" value="0.181690172631" />
		<parameter constant_type="double" name="prob_infected_when_arrive" type="constant" value="0.0309346702065" />
		<parameter constant_type="double" name="prob_self_limiting_female" type="constant" value="0.3047871624" />
		<parameter constant_type="double" name="prob_self_limiting_male" type="constant" value="0.118965186827" />
		<parameter constant_type="double" name="prob_clearing" type="constant" value="0.794516590875" />
		<parameter constant_type="double" name="pwid_maturity_threshold" type="constant" value="5.4078038173" />
        <parameter comment="365*5 + 365 burnin" constant_type="number" name="run_length" shortvalue="4015" type="constant" value="4040" />
        <parameter constant_type="double" name="status_report_frequency" type="constant" value="365.0" />
        <parameter constant_type="double" name="transmissibility" type="constant" value="0.0256001075884" />
        <parameter constant_type="string" name="NEP_data" simulated_value="datagen/NEP_mock_2014.csv" type="constant" value="data/NEP_Risk_Base_Merge.csv" />
        <parameter constant_type="string" name="NHBS_data" simulated_value="datagen/NHBS_mock_2014.csv" type="constant" value="data/IDU2_HCV_model_012913_cleaned.csv" value2012="data/IDU3_2012-2014-04-17.csv" />
</sweep>