<sweep jobNum="77" runs="1">
		
		<parameter constant_type="double" name="ab_prob_acute" type="constant" value="0.027990434899" />
		<parameter constant_type="double" name="ab_prob_chronic" type="constant" value="0.621850580065" />
		<parameter constant_type="double" name="attrition_rate" type="constant" value="0.0165439619733" />
		<parameter constant_type="double" name="burn_in_days" type="constant" value="365.0" value_nob="0" />
		<parameter constant_type="number" name="dump_network_distances" type="constant" value="-1" />
		<parameter constant_type="double" name="homophily_strength" type="constant" value="0.776038997922" />
		<parameter constant_type="number" name="initial_pwid_count" type="constant" value="31708" />
		<parameter constant_type="double" name="interaction_home_cutoff" type="constant" value="1.57389784796" />
		<parameter constant_type="double" name="interaction_rate_constant" type="constant" value="0.0167376913033" />
		<parameter constant_type="double" name="interaction_rate_at_drug_sites" type="constant" value="0.000135039697229" />
		<parameter constant_type="double" name="interaction_rate_exzone" type="constant" value="0.0895225294806" />
		<parameter constant_type="double" name="mean_career_duration" type="constant" value="16.7040556598" />
        <parameter constant_type="double" name="mean_days_acute_naive" type="constant" value="94.6958989903" />
		<parameter constant_type="double" name="mean_days_acute_rechallenged" type="constant" value="11.3830626297" />
		<parameter constant_type="double" name="mean_days_naive_to_infectious" type="constant" value="2.80191865069" />
		<parameter constant_type="double" name="mean_enrichment_ChicagoNonNEP" type="constant" value="0.583972836291" />
		<parameter constant_type="double" name="mean_enrichment_suburbs" type="constant" value="1.73906759625" />
		<parameter constant_type="double" name="mean_tie_lifetime" type="constant" value="598.094639289" />
		<parameter constant_type="double" name="net_inflow" type="constant" value="0.0" />
		<parameter constant_type="double" name="nonNEP_age_boost" type="constant" value="2.24646840766" />
		<parameter constant_type="double" name="nonNEP_age_started_boost" type="constant" value="2.2023543949" />
		<parameter constant_type="double" name="nonNEP_degree_boost" type="constant" value="0.285754815855" />
		<parameter constant_type="double" name="nonNEP_hcv_ab_boost" type="constant" value="0.0175731599854" />
		<parameter constant_type="double" name="nonNEP_injection_ratio" type="constant" value="0.888785605768" />
		<parameter constant_type="double" name="nonNEP_sharing_boost" type="constant" value="0.264937789988" />
		<parameter constant_type="string" name="output_directory" type="constant" value="output" />
		<parameter constant_type="double" name="prob_cessation" type="constant" value="0.261732190151" />
		<parameter constant_type="double" name="prob_infected_when_arrive" type="constant" value="0.0267340377995" />
		<parameter constant_type="double" name="prob_self_limiting_female" type="constant" value="0.355453916166" />
		<parameter constant_type="double" name="prob_self_limiting_male" type="constant" value="0.134094853109" />
		<parameter constant_type="double" name="prob_clearing" type="constant" value="0.818393892515" />
		<parameter constant_type="double" name="pwid_maturity_threshold" type="constant" value="4.39181830038" />
        <parameter comment="365*5 + 365 burnin" constant_type="number" name="run_length" shortvalue="4015" type="constant" value="4040" />
        <parameter constant_type="double" name="status_report_frequency" type="constant" value="365.0" />
        <parameter constant_type="double" name="transmissibility" type="constant" value="0.0118179998979" />
        <parameter constant_type="string" name="NEP_data" simulated_value="datagen/NEP_mock_2014.csv" type="constant" value="data/NEP_Risk_Base_Merge.csv" />
        <parameter constant_type="string" name="NHBS_data" simulated_value="datagen/NHBS_mock_2014.csv" type="constant" value="data/IDU2_HCV_model_012913_cleaned.csv" value2012="data/IDU3_2012-2014-04-17.csv" />
</sweep>