<sweep jobNum="169" runs="1">
		
		<parameter constant_type="double" name="ab_prob_acute" type="constant" value="0.0150410644851" />
		<parameter constant_type="double" name="ab_prob_chronic" type="constant" value="0.703971520527" />
		<parameter constant_type="double" name="attrition_rate" type="constant" value="0.0612049002696" />
		<parameter constant_type="double" name="burn_in_days" type="constant" value="365.0" value_nob="0" />
		<parameter constant_type="number" name="dump_network_distances" type="constant" value="-1" />
		<parameter constant_type="double" name="homophily_strength" type="constant" value="0.787182505223" />
		<parameter constant_type="number" name="initial_pwid_count" type="constant" value="32222" />
		<parameter constant_type="double" name="interaction_home_cutoff" type="constant" value="1.00469128309" />
		<parameter constant_type="double" name="interaction_rate_constant" type="constant" value="0.0184074804927" />
		<parameter constant_type="double" name="interaction_rate_at_drug_sites" type="constant" value="0.000111362773282" />
		<parameter constant_type="double" name="interaction_rate_exzone" type="constant" value="0.0818635749377" />
		<parameter constant_type="double" name="mean_career_duration" type="constant" value="29.8322630004" />
        <parameter constant_type="double" name="mean_days_acute_naive" type="constant" value="116.372669042" />
		<parameter constant_type="double" name="mean_days_acute_rechallenged" type="constant" value="44.9413458244" />
		<parameter constant_type="double" name="mean_days_naive_to_infectious" type="constant" value="3.00285208517" />
		<parameter constant_type="double" name="mean_enrichment_ChicagoNonNEP" type="constant" value="0.435587378908" />
		<parameter constant_type="double" name="mean_enrichment_suburbs" type="constant" value="2.02996478074" />
		<parameter constant_type="double" name="mean_tie_lifetime" type="constant" value="736.990584377" />
		<parameter constant_type="double" name="net_inflow" type="constant" value="0.0" />
		<parameter constant_type="double" name="nonNEP_age_boost" type="constant" value="3.56495523531" />
		<parameter constant_type="double" name="nonNEP_age_started_boost" type="constant" value="2.62302103043" />
		<parameter constant_type="double" name="nonNEP_degree_boost" type="constant" value="0.301576932277" />
		<parameter constant_type="double" name="nonNEP_hcv_ab_boost" type="constant" value="0.00798976857221" />
		<parameter constant_type="double" name="nonNEP_injection_ratio" type="constant" value="0.801619574879" />
		<parameter constant_type="double" name="nonNEP_sharing_boost" type="constant" value="0.405279556103" />
		<parameter constant_type="string" name="output_directory" type="constant" value="output" />
		<parameter constant_type="double" name="prob_cessation" type="constant" value="0.214442590591" />
		<parameter constant_type="double" name="prob_infected_when_arrive" type="constant" value="0.0514834222438" />
		<parameter constant_type="double" name="prob_self_limiting_female" type="constant" value="0.361624281895" />
		<parameter constant_type="double" name="prob_self_limiting_male" type="constant" value="0.120450391339" />
		<parameter constant_type="double" name="prob_clearing" type="constant" value="0.844578390656" />
		<parameter constant_type="double" name="pwid_maturity_threshold" type="constant" value="6.86358031397" />
        <parameter comment="365*5 + 365 burnin" constant_type="number" name="run_length" shortvalue="4015" type="constant" value="4040" />
        <parameter constant_type="double" name="status_report_frequency" type="constant" value="365.0" />
        <parameter constant_type="double" name="transmissibility" type="constant" value="0.0343568877654" />
        <parameter constant_type="string" name="NEP_data" simulated_value="datagen/NEP_mock_2014.csv" type="constant" value="data/NEP_Risk_Base_Merge.csv" />
        <parameter constant_type="string" name="NHBS_data" simulated_value="datagen/NHBS_mock_2014.csv" type="constant" value="data/IDU2_HCV_model_012913_cleaned.csv" value2012="data/IDU3_2012-2014-04-17.csv" />
</sweep>