<sweep jobNum="159" runs="1">
		
		<parameter constant_type="double" name="ab_prob_acute" type="constant" value="0.0289712909395" />
		<parameter constant_type="double" name="ab_prob_chronic" type="constant" value="0.62041356664" />
		<parameter constant_type="double" name="attrition_rate" type="constant" value="0.0417467684498" />
		<parameter constant_type="double" name="burn_in_days" type="constant" value="365.0" value_nob="0" />
		<parameter constant_type="number" name="dump_network_distances" type="constant" value="-1" />
		<parameter constant_type="double" name="homophily_strength" type="constant" value="0.692863744325" />
		<parameter constant_type="number" name="initial_pwid_count" type="constant" value="32431" />
		<parameter constant_type="double" name="interaction_home_cutoff" type="constant" value="1.09430776252" />
		<parameter constant_type="double" name="interaction_rate_constant" type="constant" value="0.0198195303624" />
		<parameter constant_type="double" name="interaction_rate_at_drug_sites" type="constant" value="0.000127409648419" />
		<parameter constant_type="double" name="interaction_rate_exzone" type="constant" value="0.0848279689033" />
		<parameter constant_type="double" name="mean_career_duration" type="constant" value="21.7637105035" />
        <parameter constant_type="double" name="mean_days_acute_naive" type="constant" value="102.213908708" />
		<parameter constant_type="double" name="mean_days_acute_rechallenged" type="constant" value="22.7495209345" />
		<parameter constant_type="double" name="mean_days_naive_to_infectious" type="constant" value="2.81353987153" />
		<parameter constant_type="double" name="mean_enrichment_ChicagoNonNEP" type="constant" value="0.562014081735" />
		<parameter constant_type="double" name="mean_enrichment_suburbs" type="constant" value="1.83896844727" />
		<parameter constant_type="double" name="mean_tie_lifetime" type="constant" value="625.439851028" />
		<parameter constant_type="double" name="net_inflow" type="constant" value="0.0" />
		<parameter constant_type="double" name="nonNEP_age_boost" type="constant" value="3.04706706397" />
		<parameter constant_type="double" name="nonNEP_age_started_boost" type="constant" value="2.46802850853" />
		<parameter constant_type="double" name="nonNEP_degree_boost" type="constant" value="0.245992956147" />
		<parameter constant_type="double" name="nonNEP_hcv_ab_boost" type="constant" value="0.00892935373406" />
		<parameter constant_type="double" name="nonNEP_injection_ratio" type="constant" value="0.872877407928" />
		<parameter constant_type="double" name="nonNEP_sharing_boost" type="constant" value="0.376389101227" />
		<parameter constant_type="string" name="output_directory" type="constant" value="output" />
		<parameter constant_type="double" name="prob_cessation" type="constant" value="0.130478587689" />
		<parameter constant_type="double" name="prob_infected_when_arrive" type="constant" value="0.0660498699511" />
		<parameter constant_type="double" name="prob_self_limiting_female" type="constant" value="0.388854471697" />
		<parameter constant_type="double" name="prob_self_limiting_male" type="constant" value="0.116655112043" />
		<parameter constant_type="double" name="prob_clearing" type="constant" value="0.830773250692" />
		<parameter constant_type="double" name="pwid_maturity_threshold" type="constant" value="4.47495209345" />
        <parameter comment="365*5 + 365 burnin" constant_type="number" name="run_length" shortvalue="4015" type="constant" value="4040" />
        <parameter constant_type="double" name="status_report_frequency" type="constant" value="365.0" />
        <parameter constant_type="double" name="transmissibility" type="constant" value="0.0149590146832" />
        <parameter constant_type="string" name="NEP_data" simulated_value="datagen/NEP_mock_2014.csv" type="constant" value="data/NEP_Risk_Base_Merge.csv" />
        <parameter constant_type="string" name="NHBS_data" simulated_value="datagen/NHBS_mock_2014.csv" type="constant" value="data/IDU2_HCV_model_012913_cleaned.csv" value2012="data/IDU3_2012-2014-04-17.csv" />
</sweep>