<sweep jobNum="292" runs="1">
		
		<parameter constant_type="double" name="ab_prob_acute" type="constant" value="0.0187705144945" />
		<parameter constant_type="double" name="ab_prob_chronic" type="constant" value="0.672272873834" />
		<parameter constant_type="double" name="attrition_rate" type="constant" value="0.0439811752892" />
		<parameter constant_type="double" name="burn_in_days" type="constant" value="365.0" value_nob="0" />
		<parameter constant_type="number" name="dump_network_distances" type="constant" value="-1" />
		<parameter constant_type="double" name="homophily_strength" type="constant" value="0.719226749308" />
		<parameter constant_type="number" name="initial_pwid_count" type="constant" value="32315" />
		<parameter constant_type="double" name="interaction_home_cutoff" type="constant" value="2.05421609344" />
		<parameter constant_type="double" name="interaction_rate_constant" type="constant" value="0.0113918289488" />
		<parameter constant_type="double" name="interaction_rate_at_drug_sites" type="constant" value="9.87164224404e-05" />
		<parameter constant_type="double" name="interaction_rate_exzone" type="constant" value="0.093081045177" />
		<parameter constant_type="double" name="mean_career_duration" type="constant" value="23.1984879301" />
        <parameter constant_type="double" name="mean_days_acute_naive" type="constant" value="82.0239127526" />
		<parameter constant_type="double" name="mean_days_acute_rechallenged" type="constant" value="19.3528650483" />
		<parameter constant_type="double" name="mean_days_naive_to_infectious" type="constant" value="3.90569223748" />
		<parameter constant_type="double" name="mean_enrichment_ChicagoNonNEP" type="constant" value="0.430761974799" />
		<parameter constant_type="double" name="mean_enrichment_suburbs" type="constant" value="1.86578364064" />
		<parameter constant_type="double" name="mean_tie_lifetime" type="constant" value="509.872808306" />
		<parameter constant_type="double" name="net_inflow" type="constant" value="0.0" />
		<parameter constant_type="double" name="nonNEP_age_boost" type="constant" value="3.12420733198" />
		<parameter constant_type="double" name="nonNEP_age_started_boost" type="constant" value="0.991895482301" />
		<parameter constant_type="double" name="nonNEP_degree_boost" type="constant" value="0.296149977562" />
		<parameter constant_type="double" name="nonNEP_hcv_ab_boost" type="constant" value="0.0162850948155" />
		<parameter constant_type="double" name="nonNEP_injection_ratio" type="constant" value="0.828382162621" />
		<parameter constant_type="double" name="nonNEP_sharing_boost" type="constant" value="0.311353987153" />
		<parameter constant_type="string" name="output_directory" type="constant" value="output" />
		<parameter constant_type="double" name="prob_cessation" type="constant" value="0.199722164214" />
		<parameter constant_type="double" name="prob_infected_when_arrive" type="constant" value="0.055378072509" />
		<parameter constant_type="double" name="prob_self_limiting_female" type="constant" value="0.345722781949" />
		<parameter constant_type="double" name="prob_self_limiting_male" type="constant" value="0.12997539805" />
		<parameter constant_type="double" name="prob_clearing" type="constant" value="0.940569223748" />
		<parameter constant_type="double" name="pwid_maturity_threshold" type="constant" value="5.71665749199" />
        <parameter comment="365*5 + 365 burnin" constant_type="number" name="run_length" shortvalue="4015" type="constant" value="4040" />
        <parameter constant_type="double" name="status_report_frequency" type="constant" value="365.0" />
        <parameter constant_type="double" name="transmissibility" type="constant" value="0.0133802629388" />
        <parameter constant_type="string" name="NEP_data" simulated_value="datagen/NEP_mock_2014.csv" type="constant" value="data/NEP_Risk_Base_Merge.csv" />
        <parameter constant_type="string" name="NHBS_data" simulated_value="datagen/NHBS_mock_2014.csv" type="constant" value="data/IDU2_HCV_model_012913_cleaned.csv" value2012="data/IDU3_2012-2014-04-17.csv" />
</sweep>