<sweep jobNum="105" runs="1">
		
		<parameter constant_type="double" name="ab_prob_acute" type="constant" value="0.0219226749308" />
		<parameter constant_type="double" name="ab_prob_chronic" type="constant" value="0.718026667458" />
		<parameter constant_type="double" name="attrition_rate" type="constant" value="0.0563153051794" />
		<parameter constant_type="double" name="burn_in_days" type="constant" value="365.0" value_nob="0" />
		<parameter constant_type="number" name="dump_network_distances" type="constant" value="-1" />
		<parameter constant_type="double" name="homophily_strength" type="constant" value="0.626973229479" />
		<parameter constant_type="number" name="initial_pwid_count" type="constant" value="32257" />
		<parameter constant_type="double" name="interaction_home_cutoff" type="constant" value="2.91432231377" />
		<parameter constant_type="double" name="interaction_rate_constant" type="constant" value="0.0100840524528" />
		<parameter constant_type="double" name="interaction_rate_at_drug_sites" type="constant" value="0.000141542343426" />
		<parameter constant_type="double" name="interaction_rate_exzone" type="constant" value="0.0784720443897" />
		<parameter constant_type="double" name="mean_career_duration" type="constant" value="30.5773067039" />
        <parameter constant_type="double" name="mean_days_acute_naive" type="constant" value="83.7433073698" />
		<parameter constant_type="double" name="mean_days_acute_rechallenged" type="constant" value="42.162090354" />
		<parameter constant_type="double" name="mean_days_naive_to_infectious" type="constant" value="3.82281816511" />
		<parameter constant_type="double" name="mean_enrichment_ChicagoNonNEP" type="constant" value="0.330586541756" />
		<parameter constant_type="double" name="mean_enrichment_suburbs" type="constant" value="1.78068584852" />
		<parameter constant_type="double" name="mean_tie_lifetime" type="constant" value="584.343225992" />
		<parameter constant_type="double" name="net_inflow" type="constant" value="0.0" />
		<parameter constant_type="double" name="nonNEP_age_boost" type="constant" value="2.99572187224" />
		<parameter constant_type="double" name="nonNEP_age_started_boost" type="constant" value="1.66291444391" />
		<parameter constant_type="double" name="nonNEP_degree_boost" type="constant" value="0.172091721177" />
		<parameter constant_type="double" name="nonNEP_hcv_ab_boost" type="constant" value="0.0081677233604" />
		<parameter constant_type="double" name="nonNEP_injection_ratio" type="constant" value="0.811980501039" />
		<parameter constant_type="double" name="nonNEP_sharing_boost" type="constant" value="0.414706729122" />
		<parameter constant_type="string" name="output_directory" type="constant" value="output" />
		<parameter constant_type="double" name="prob_cessation" type="constant" value="0.212120880488" />
		<parameter constant_type="double" name="prob_infected_when_arrive" type="constant" value="0.0819617395959" />
		<parameter constant_type="double" name="prob_self_limiting_female" type="constant" value="0.325220479715" />
		<parameter constant_type="double" name="prob_self_limiting_male" type="constant" value="0.118046130255" />
		<parameter constant_type="double" name="prob_clearing" type="constant" value="0.928344179394" />
		<parameter constant_type="double" name="pwid_maturity_threshold" type="constant" value="5.91509631711" />
        <parameter comment="365*5 + 365 burnin" constant_type="number" name="run_length" shortvalue="4015" type="constant" value="4040" />
        <parameter constant_type="double" name="status_report_frequency" type="constant" value="365.0" />
        <parameter constant_type="double" name="transmissibility" type="constant" value="0.0123374099962" />
        <parameter constant_type="string" name="NEP_data" simulated_value="datagen/NEP_mock_2014.csv" type="constant" value="data/NEP_Risk_Base_Merge.csv" />
        <parameter constant_type="string" name="NHBS_data" simulated_value="datagen/NHBS_mock_2014.csv" type="constant" value="data/IDU2_HCV_model_012913_cleaned.csv" value2012="data/IDU3_2012-2014-04-17.csv" />
</sweep>