<sweep jobNum="70" runs="1">
		
		<parameter constant_type="double" name="ab_prob_acute" type="constant" value="0.027912185676" />
		<parameter constant_type="double" name="ab_prob_chronic" type="constant" value="0.684285339702" />
		<parameter constant_type="double" name="attrition_rate" type="constant" value="0.0512675510039" />
		<parameter constant_type="double" name="burn_in_days" type="constant" value="365.0" value_nob="0" />
		<parameter constant_type="number" name="dump_network_distances" type="constant" value="-1" />
		<parameter constant_type="double" name="homophily_strength" type="constant" value="0.651054665796" />
		<parameter constant_type="number" name="initial_pwid_count" type="constant" value="33881" />
		<parameter constant_type="double" name="interaction_home_cutoff" type="constant" value="1.79609809135" />
		<parameter constant_type="double" name="interaction_rate_constant" type="constant" value="0.0187833460736" />
		<parameter constant_type="double" name="interaction_rate_at_drug_sites" type="constant" value="6.34866147395e-05" />
		<parameter constant_type="double" name="interaction_rate_exzone" type="constant" value="0.0896441780074" />
		<parameter constant_type="double" name="mean_career_duration" type="constant" value="25.0241285461" />
        <parameter constant_type="double" name="mean_days_acute_naive" type="constant" value="99.5002697783" />
		<parameter constant_type="double" name="mean_days_acute_rechallenged" type="constant" value="16.3670188997" />
		<parameter constant_type="double" name="mean_days_naive_to_infectious" type="constant" value="2.79027061577" />
		<parameter constant_type="double" name="mean_enrichment_ChicagoNonNEP" type="constant" value="0.630124420025" />
		<parameter constant_type="double" name="mean_enrichment_suburbs" type="constant" value="1.72921203206" />
		<parameter constant_type="double" name="mean_tie_lifetime" type="constant" value="816.271977421" />
		<parameter constant_type="double" name="net_inflow" type="constant" value="0.0" />
		<parameter constant_type="double" name="nonNEP_age_boost" type="constant" value="3.73418001306" />
		<parameter constant_type="double" name="nonNEP_age_started_boost" type="constant" value="0.844738420089" />
		<parameter constant_type="double" name="nonNEP_degree_boost" type="constant" value="0.318344179394" />
		<parameter constant_type="double" name="nonNEP_hcv_ab_boost" type="constant" value="0.0193781619559" />
		<parameter constant_type="double" name="nonNEP_injection_ratio" type="constant" value="0.836282456447" />
		<parameter constant_type="double" name="nonNEP_sharing_boost" type="constant" value="0.365832874599" />
		<parameter constant_type="string" name="output_directory" type="constant" value="output" />
		<parameter constant_type="double" name="prob_cessation" type="constant" value="0.249410398466" />
		<parameter constant_type="double" name="prob_infected_when_arrive" type="constant" value="0.0650654729416" />
		<parameter constant_type="double" name="prob_self_limiting_female" type="constant" value="0.346861073347" />
		<parameter constant_type="double" name="prob_self_limiting_male" type="constant" value="0.116888229724" />
		<parameter constant_type="double" name="prob_clearing" type="constant" value="0.838279689033" />
		<parameter constant_type="double" name="pwid_maturity_threshold" type="constant" value="5.07417111219" />
        <parameter comment="365*5 + 365 burnin" constant_type="number" name="run_length" shortvalue="4015" type="constant" value="4040" />
        <parameter constant_type="double" name="status_report_frequency" type="constant" value="365.0" />
        <parameter constant_type="double" name="transmissibility" type="constant" value="0.0435473375426" />
        <parameter constant_type="string" name="NEP_data" simulated_value="datagen/NEP_mock_2014.csv" type="constant" value="data/NEP_Risk_Base_Merge.csv" />
        <parameter constant_type="string" name="NHBS_data" simulated_value="datagen/NHBS_mock_2014.csv" type="constant" value="data/IDU2_HCV_model_012913_cleaned.csv" value2012="data/IDU3_2012-2014-04-17.csv" />
</sweep>