<sweep jobNum="26" runs="1">
		
		<parameter constant_type="double" name="ab_prob_acute" type="constant" value="0.0153610898773" />
		<parameter constant_type="double" name="ab_prob_chronic" type="constant" value="0.682946128136" />
		<parameter constant_type="double" name="attrition_rate" type="constant" value="0.0476069663631" />
		<parameter constant_type="double" name="burn_in_days" type="constant" value="365.0" value_nob="0" />
		<parameter constant_type="number" name="dump_network_distances" type="constant" value="-1" />
		<parameter constant_type="double" name="homophily_strength" type="constant" value="0.797675862085" />
		<parameter constant_type="number" name="initial_pwid_count" type="constant" value="32211" />
		<parameter constant_type="double" name="interaction_home_cutoff" type="constant" value="1.95720572211" />
		<parameter constant_type="double" name="interaction_rate_constant" type="constant" value="0.0120538772512" />
		<parameter constant_type="double" name="interaction_rate_at_drug_sites" type="constant" value="8.77574181861e-05" />
		<parameter constant_type="double" name="interaction_rate_exzone" type="constant" value="0.0782428788465" />
		<parameter constant_type="double" name="mean_career_duration" type="constant" value="29.2725324305" />
        <parameter constant_type="double" name="mean_days_acute_naive" type="constant" value="88.6254367013" />
		<parameter constant_type="double" name="mean_days_acute_rechallenged" type="constant" value="37.9178710298" />
		<parameter constant_type="double" name="mean_days_naive_to_infectious" type="constant" value="2.41835094499" />
		<parameter constant_type="double" name="mean_enrichment_ChicagoNonNEP" type="constant" value="0.393003493611" />
		<parameter constant_type="double" name="mean_enrichment_suburbs" type="constant" value="2.11655638622" />
		<parameter constant_type="double" name="mean_tie_lifetime" type="constant" value="749.854481695" />
		<parameter constant_type="double" name="net_inflow" type="constant" value="0.0" />
		<parameter constant_type="double" name="nonNEP_age_boost" type="constant" value="2.54386372528" />
		<parameter constant_type="double" name="nonNEP_age_started_boost" type="constant" value="1.16501746805" />
		<parameter constant_type="double" name="nonNEP_degree_boost" type="constant" value="0.230574192875" />
		<parameter constant_type="double" name="nonNEP_hcv_ab_boost" type="constant" value="0.0164822081445" />
		<parameter constant_type="double" name="nonNEP_injection_ratio" type="constant" value="0.844139844516" />
		<parameter constant_type="double" name="nonNEP_sharing_boost" type="constant" value="0.273180949779" />
		<parameter constant_type="string" name="output_directory" type="constant" value="output" />
		<parameter constant_type="double" name="prob_cessation" type="constant" value="0.163291393107" />
		<parameter constant_type="double" name="prob_infected_when_arrive" type="constant" value="0.0602649735741" />
		<parameter constant_type="double" name="prob_self_limiting_female" type="constant" value="0.344299646417" />
		<parameter constant_type="double" name="prob_self_limiting_male" type="constant" value="0.11343493899" />
		<parameter constant_type="double" name="prob_clearing" type="constant" value="0.758567768623" />
		<parameter constant_type="double" name="pwid_maturity_threshold" type="constant" value="5.5132486787" />
        <parameter comment="365*5 + 365 burnin" constant_type="number" name="run_length" shortvalue="4015" type="constant" value="4040" />
        <parameter constant_type="double" name="status_report_frequency" type="constant" value="365.0" />
        <parameter constant_type="double" name="transmissibility" type="constant" value="0.00777834554803" />
        <parameter constant_type="string" name="NEP_data" simulated_value="datagen/NEP_mock_2014.csv" type="constant" value="data/NEP_Risk_Base_Merge.csv" />
        <parameter constant_type="string" name="NHBS_data" simulated_value="datagen/NHBS_mock_2014.csv" type="constant" value="data/IDU2_HCV_model_012913_cleaned.csv" value2012="data/IDU3_2012-2014-04-17.csv" />
</sweep>