<sweep jobNum="2" runs="1">
		
		<parameter constant_type="double" name="ab_prob_acute" type="constant" value="0.0100469128309" />
		<parameter constant_type="double" name="ab_prob_chronic" type="constant" value="0.68966019838" />
		<parameter constant_type="double" name="attrition_rate" type="constant" value="0.063777275694" />
		<parameter constant_type="double" name="burn_in_days" type="constant" value="365.0" value_nob="0" />
		<parameter constant_type="number" name="dump_network_distances" type="constant" value="-1" />
		<parameter constant_type="double" name="homophily_strength" type="constant" value="0.796760850243" />
		<parameter constant_type="number" name="initial_pwid_count" type="constant" value="32839" />
		<parameter constant_type="double" name="interaction_home_cutoff" type="constant" value="1.77274453437" />
		<parameter constant_type="double" name="interaction_rate_constant" type="constant" value="0.0180046138255" />
		<parameter constant_type="double" name="interaction_rate_at_drug_sites" type="constant" value="7.35793848087e-05" />
		<parameter constant_type="double" name="interaction_rate_exzone" type="constant" value="0.0856291444391" />
		<parameter constant_type="double" name="mean_career_duration" type="constant" value="26.9367336318" />
        <parameter constant_type="double" name="mean_days_acute_naive" type="constant" value="122.570454128" />
		<parameter constant_type="double" name="mean_days_acute_rechallenged" type="constant" value="10.8947684018" />
		<parameter constant_type="double" name="mean_days_naive_to_infectious" type="constant" value="2.59256319814" />
		<parameter constant_type="double" name="mean_enrichment_ChicagoNonNEP" type="constant" value="0.367042973723" />
		<parameter constant_type="double" name="mean_enrichment_suburbs" type="constant" value="2.18831841177" />
		<parameter constant_type="double" name="mean_tie_lifetime" type="constant" value="439.812476582" />
		<parameter constant_type="double" name="net_inflow" type="constant" value="0.0" />
		<parameter constant_type="double" name="nonNEP_age_boost" type="constant" value="3.35846713185" />
		<parameter constant_type="double" name="nonNEP_age_started_boost" type="constant" value="1.9389780879" />
		<parameter constant_type="double" name="nonNEP_degree_boost" type="constant" value="0.296819050221" />
		<parameter constant_type="double" name="nonNEP_hcv_ab_boost" type="constant" value="0.0067754600294" />
		<parameter constant_type="double" name="nonNEP_injection_ratio" type="constant" value="0.834196946258" />
		<parameter constant_type="double" name="nonNEP_sharing_boost" type="constant" value="0.253197149147" />
		<parameter constant_type="string" name="output_directory" type="constant" value="output" />
		<parameter constant_type="double" name="prob_cessation" type="constant" value="0.236777276866" />
		<parameter constant_type="double" name="prob_infected_when_arrive" type="constant" value="0.0154594518863" />
		<parameter constant_type="double" name="prob_self_limiting_female" type="constant" value="0.323658997776" />
		<parameter constant_type="double" name="prob_self_limiting_male" type="constant" value="0.128486448827" />
		<parameter constant_type="double" name="prob_clearing" type="constant" value="0.90023543949" />
		<parameter constant_type="double" name="pwid_maturity_threshold" type="constant" value="3.22273753089" />
        <parameter comment="365*5 + 365 burnin" constant_type="number" name="run_length" shortvalue="4015" type="constant" value="4040" />
        <parameter constant_type="double" name="status_report_frequency" type="constant" value="365.0" />
        <parameter constant_type="double" name="transmissibility" type="constant" value="0.0339884689851" />
        <parameter constant_type="string" name="NEP_data" simulated_value="datagen/NEP_mock_2014.csv" type="constant" value="data/NEP_Risk_Base_Merge.csv" />
        <parameter constant_type="string" name="NHBS_data" simulated_value="datagen/NHBS_mock_2014.csv" type="constant" value="data/IDU2_HCV_model_012913_cleaned.csv" value2012="data/IDU3_2012-2014-04-17.csv" />
</sweep>