<sweep jobNum="98" runs="1">
		
		<parameter constant_type="double" name="ab_prob_acute" type="constant" value="0.0235225294806" />
		<parameter constant_type="double" name="ab_prob_chronic" type="constant" value="0.713754214374" />
		<parameter constant_type="double" name="attrition_rate" type="constant" value="0.057131089607" />
		<parameter constant_type="double" name="burn_in_days" type="constant" value="365.0" value_nob="0" />
		<parameter constant_type="number" name="dump_network_distances" type="constant" value="-1" />
		<parameter constant_type="double" name="homophily_strength" type="constant" value="0.756149977562" />
		<parameter constant_type="number" name="initial_pwid_count" type="constant" value="32338" />
		<parameter constant_type="double" name="interaction_home_cutoff" type="constant" value="1.14473842009" />
		<parameter constant_type="double" name="interaction_rate_constant" type="constant" value="0.0175751437197" />
		<parameter constant_type="double" name="interaction_rate_at_drug_sites" type="constant" value="0.000124151668487" />
		<parameter constant_type="double" name="interaction_rate_exzone" type="constant" value="0.076414613121" />
		<parameter constant_type="double" name="mean_career_duration" type="constant" value="32.3242240399" />
        <parameter constant_type="double" name="mean_days_acute_naive" type="constant" value="98.2064846606" />
		<parameter constant_type="double" name="mean_days_acute_rechallenged" type="constant" value="21.5587378908" />
		<parameter constant_type="double" name="mean_days_naive_to_infectious" type="constant" value="2.43850022438" />
		<parameter constant_type="double" name="mean_enrichment_ChicagoNonNEP" type="constant" value="0.543112798177" />
		<parameter constant_type="double" name="mean_enrichment_suburbs" type="constant" value="1.59257892322" />
		<parameter constant_type="double" name="mean_tie_lifetime" type="constant" value="759.180966585" />
		<parameter constant_type="double" name="net_inflow" type="constant" value="0.0" />
		<parameter constant_type="double" name="nonNEP_age_boost" type="constant" value="2.92724340797" />
		<parameter constant_type="double" name="nonNEP_age_started_boost" type="constant" value="1.79425807125" />
		<parameter constant_type="double" name="nonNEP_degree_boost" type="constant" value="0.236862195735" />
		<parameter constant_type="double" name="nonNEP_hcv_ab_boost" type="constant" value="0.00869648637801" />
		<parameter constant_type="double" name="nonNEP_injection_ratio" type="constant" value="0.861070297261" />
		<parameter constant_type="double" name="nonNEP_sharing_boost" type="constant" value="0.338280488799" />
		<parameter constant_type="string" name="output_directory" type="constant" value="output" />
		<parameter constant_type="double" name="prob_cessation" type="constant" value="0.148827953999" />
		<parameter constant_type="double" name="prob_infected_when_arrive" type="constant" value="0.0724599910247" />
		<parameter constant_type="double" name="prob_self_limiting_female" type="constant" value="0.364033652422" />
		<parameter constant_type="double" name="prob_self_limiting_male" type="constant" value="0.105759677781" />
		<parameter constant_type="double" name="prob_clearing" type="constant" value="0.795842406412" />
		<parameter constant_type="double" name="pwid_maturity_threshold" type="constant" value="5.36131809114" />
        <parameter comment="365*5 + 365 burnin" constant_type="number" name="run_length" shortvalue="4015" type="constant" value="4040" />
        <parameter constant_type="double" name="status_report_frequency" type="constant" value="365.0" />
        <parameter constant_type="double" name="transmissibility" type="constant" value="0.0373592931179" />
        <parameter constant_type="string" name="NEP_data" simulated_value="datagen/NEP_mock_2014.csv" type="constant" value="data/NEP_Risk_Base_Merge.csv" />
        <parameter constant_type="string" name="NHBS_data" simulated_value="datagen/NHBS_mock_2014.csv" type="constant" value="data/IDU2_HCV_model_012913_cleaned.csv" value2012="data/IDU3_2012-2014-04-17.csv" />
</sweep>