<sweep jobNum="118" runs="1">
		
		<parameter constant_type="double" name="ab_prob_acute" type="constant" value="0.0262961844844" />
		<parameter constant_type="double" name="ab_prob_chronic" type="constant" value="0.608658054856" />
		<parameter constant_type="double" name="attrition_rate" type="constant" value="0.0560472536887" />
		<parameter constant_type="double" name="burn_in_days" type="constant" value="365.0" value_nob="0" />
		<parameter constant_type="number" name="dump_network_distances" type="constant" value="-1" />
		<parameter constant_type="double" name="homophily_strength" type="constant" value="0.794063152807" />
		<parameter constant_type="number" name="initial_pwid_count" type="constant" value="30863" />
		<parameter constant_type="double" name="interaction_home_cutoff" type="constant" value="1.84825938643" />
		<parameter constant_type="double" name="interaction_rate_constant" type="constant" value="0.0174338685274" />
		<parameter constant_type="double" name="interaction_rate_at_drug_sites" type="constant" value="0.000129760690007" />
		<parameter constant_type="double" name="interaction_rate_exzone" type="constant" value="0.0787715941163" />
		<parameter constant_type="double" name="mean_career_duration" type="constant" value="31.5103122176" />
        <parameter constant_type="double" name="mean_days_acute_naive" type="constant" value="86.6057669307" />
		<parameter constant_type="double" name="mean_days_acute_rechallenged" type="constant" value="15.1282119435" />
		<parameter constant_type="double" name="mean_days_naive_to_infectious" type="constant" value="3.65062210012" />
		<parameter constant_type="double" name="mean_enrichment_ChicagoNonNEP" type="constant" value="0.575327364708" />
		<parameter constant_type="double" name="mean_enrichment_suburbs" type="constant" value="1.53848948479" />
		<parameter constant_type="double" name="mean_tie_lifetime" type="constant" value="344.424248076" />
		<parameter constant_type="double" name="net_inflow" type="constant" value="0.0" />
		<parameter constant_type="double" name="nonNEP_age_boost" type="constant" value="2.13763985745" />
		<parameter constant_type="double" name="nonNEP_age_started_boost" type="constant" value="1.04937789988" />
		<parameter constant_type="double" name="nonNEP_degree_boost" type="constant" value="0.17064793653" />
		<parameter constant_type="double" name="nonNEP_hcv_ab_boost" type="constant" value="0.00985096899333" />
		<parameter constant_type="double" name="nonNEP_injection_ratio" type="constant" value="0.818866052156" />
		<parameter constant_type="double" name="nonNEP_sharing_boost" type="constant" value="0.282336675516" />
		<parameter constant_type="string" name="output_directory" type="constant" value="output" />
		<parameter constant_type="double" name="prob_cessation" type="constant" value="0.194875916362" />
		<parameter constant_type="double" name="prob_infected_when_arrive" type="constant" value="0.022259174612" />
		<parameter constant_type="double" name="prob_self_limiting_female" type="constant" value="0.324286122053" />
		<parameter constant_type="double" name="prob_self_limiting_male" type="constant" value="0.102329869931" />
		<parameter constant_type="double" name="prob_clearing" type="constant" value="0.766915313149" />
		<parameter constant_type="double" name="pwid_maturity_threshold" type="constant" value="4.54548906874" />
        <parameter comment="365*5 + 365 burnin" constant_type="number" name="run_length" shortvalue="4015" type="constant" value="4040" />
        <parameter constant_type="double" name="status_report_frequency" type="constant" value="365.0" />
        <parameter constant_type="double" name="transmissibility" type="constant" value="0.0302952346861" />
        <parameter constant_type="string" name="NEP_data" simulated_value="datagen/NEP_mock_2014.csv" type="constant" value="data/NEP_Risk_Base_Merge.csv" />
        <parameter constant_type="string" name="NHBS_data" simulated_value="datagen/NHBS_mock_2014.csv" type="constant" value="data/IDU2_HCV_model_012913_cleaned.csv" value2012="data/IDU3_2012-2014-04-17.csv" />
</sweep>