<sweep jobNum="27" runs="1">
		
		<parameter constant_type="double" name="ab_prob_acute" type="constant" value="0.0127715941163" />
		<parameter constant_type="double" name="ab_prob_chronic" type="constant" value="0.615330482351" />
		<parameter constant_type="double" name="attrition_rate" type="constant" value="0.0441882589779" />
		<parameter constant_type="double" name="burn_in_days" type="constant" value="365.0" value_nob="0" />
		<parameter constant_type="number" name="dump_network_distances" type="constant" value="-1" />
		<parameter constant_type="double" name="homophily_strength" type="constant" value="0.695149560531" />
		<parameter constant_type="number" name="initial_pwid_count" type="constant" value="33259" />
		<parameter constant_type="double" name="interaction_home_cutoff" type="constant" value="1.92291753916" />
		<parameter constant_type="double" name="interaction_rate_constant" type="constant" value="0.0118388761918" />
		<parameter constant_type="double" name="interaction_rate_at_drug_sites" type="constant" value="0.000107010501359" />
		<parameter constant_type="double" name="interaction_rate_exzone" type="constant" value="0.0935279556103" />
		<parameter constant_type="double" name="mean_career_duration" type="constant" value="15.6462660682" />
        <parameter constant_type="double" name="mean_days_acute_naive" type="constant" value="107.243234606" />
		<parameter constant_type="double" name="mean_days_acute_rechallenged" type="constant" value="16.7700044877" />
		<parameter constant_type="double" name="mean_days_naive_to_infectious" type="constant" value="2.7610219121" />
		<parameter constant_type="double" name="mean_enrichment_ChicagoNonNEP" type="constant" value="0.403393326052" />
		<parameter constant_type="double" name="mean_enrichment_suburbs" type="constant" value="2.13126197664" />
		<parameter constant_type="double" name="mean_tie_lifetime" type="constant" value="475.881242601" />
		<parameter constant_type="double" name="net_inflow" type="constant" value="0.0" />
		<parameter constant_type="double" name="nonNEP_age_boost" type="constant" value="3.85228575331" />
		<parameter constant_type="double" name="nonNEP_age_started_boost" type="constant" value="1.30492796777" />
		<parameter constant_type="double" name="nonNEP_degree_boost" type="constant" value="0.214337566065" />
		<parameter constant_type="double" name="nonNEP_hcv_ab_boost" type="constant" value="0.00488961462759" />
		<parameter constant_type="double" name="nonNEP_injection_ratio" type="constant" value="0.890345882295" />
		<parameter constant_type="double" name="nonNEP_sharing_boost" type="constant" value="0.384157593588" />
		<parameter constant_type="string" name="output_directory" type="constant" value="output" />
		<parameter constant_type="double" name="prob_cessation" type="constant" value="0.16110840529" />
		<parameter constant_type="double" name="prob_infected_when_arrive" type="constant" value="0.0528545022699" />
		<parameter constant_type="double" name="prob_self_limiting_female" type="constant" value="0.331581903283" />
		<parameter constant_type="double" name="prob_self_limiting_male" type="constant" value="0.120564408278" />
		<parameter constant_type="double" name="prob_clearing" type="constant" value="0.92081045177" />
		<parameter constant_type="double" name="pwid_maturity_threshold" type="constant" value="6.76039413383" />
        <parameter comment="365*5 + 365 burnin" constant_type="number" name="run_length" shortvalue="4015" type="constant" value="4040" />
        <parameter constant_type="double" name="status_report_frequency" type="constant" value="365.0" />
        <parameter constant_type="double" name="transmissibility" type="constant" value="0.0131711825447" />
        <parameter constant_type="string" name="NEP_data" simulated_value="datagen/NEP_mock_2014.csv" type="constant" value="data/NEP_Risk_Base_Merge.csv" />
        <parameter constant_type="string" name="NHBS_data" simulated_value="datagen/NHBS_mock_2014.csv" type="constant" value="data/IDU2_HCV_model_012913_cleaned.csv" value2012="data/IDU3_2012-2014-04-17.csv" />
</sweep>