<sweep jobNum="219" runs="1">
		
		<parameter constant_type="double" name="ab_prob_acute" type="constant" value="0.0191146997201" />
		<parameter constant_type="double" name="ab_prob_chronic" type="constant" value="0.652916093791" />
		<parameter constant_type="double" name="attrition_rate" type="constant" value="0.0557810688544" />
		<parameter constant_type="double" name="burn_in_days" type="constant" value="365.0" value_nob="0" />
		<parameter constant_type="number" name="dump_network_distances" type="constant" value="-1" />
		<parameter constant_type="double" name="homophily_strength" type="constant" value="0.60414613121" />
		<parameter constant_type="number" name="initial_pwid_count" type="constant" value="33694" />
		<parameter constant_type="double" name="interaction_home_cutoff" type="constant" value="1.2087814324" />
		<parameter constant_type="double" name="interaction_rate_constant" type="constant" value="0.0132547110487" />
		<parameter constant_type="double" name="interaction_rate_at_drug_sites" type="constant" value="0.000146151051521" />
		<parameter constant_type="double" name="interaction_rate_exzone" type="constant" value="0.0855149560531" />
		<parameter constant_type="double" name="mean_career_duration" type="constant" value="29.4592828069" />
        <parameter constant_type="double" name="mean_days_acute_naive" type="constant" value="86.949067296" />
		<parameter constant_type="double" name="mean_days_acute_rechallenged" type="constant" value="35.1665749199" />
		<parameter constant_type="double" name="mean_days_naive_to_infectious" type="constant" value="2.41158210633" />
		<parameter constant_type="double" name="mean_enrichment_ChicagoNonNEP" type="constant" value="0.318861552504" />
		<parameter constant_type="double" name="mean_enrichment_suburbs" type="constant" value="2.14310814513" />
		<parameter constant_type="double" name="mean_tie_lifetime" type="constant" value="645.923467735" />
		<parameter constant_type="double" name="net_inflow" type="constant" value="0.0" />
		<parameter constant_type="double" name="nonNEP_age_boost" type="constant" value="3.83225113688" />
		<parameter constant_type="double" name="nonNEP_age_started_boost" type="constant" value="2.13235674759" />
		<parameter constant_type="double" name="nonNEP_degree_boost" type="constant" value="0.16918954823" />
		<parameter constant_type="double" name="nonNEP_hcv_ab_boost" type="constant" value="0.0188256933863" />
		<parameter constant_type="double" name="nonNEP_injection_ratio" type="constant" value="0.844713818368" />
		<parameter constant_type="double" name="nonNEP_sharing_boost" type="constant" value="0.298992959132" />
		<parameter constant_type="string" name="output_directory" type="constant" value="output" />
		<parameter constant_type="double" name="prob_cessation" type="constant" value="0.219059033527" />
		<parameter constant_type="double" name="prob_infected_when_arrive" type="constant" value="0.0482882288843" />
		<parameter constant_type="double" name="prob_self_limiting_female" type="constant" value="0.346291908736" />
		<parameter constant_type="double" name="prob_self_limiting_male" type="constant" value="0.100294434" />
		<parameter constant_type="double" name="prob_clearing" type="constant" value="0.803610898773" />
		<parameter constant_type="double" name="pwid_maturity_threshold" type="constant" value="6.97198251573" />
        <parameter comment="365*5 + 365 burnin" constant_type="number" name="run_length" shortvalue="4015" type="constant" value="4040" />
        <parameter constant_type="double" name="status_report_frequency" type="constant" value="365.0" />
        <parameter constant_type="double" name="transmissibility" type="constant" value="0.00746629223853" />
        <parameter constant_type="string" name="NEP_data" simulated_value="datagen/NEP_mock_2014.csv" type="constant" value="data/NEP_Risk_Base_Merge.csv" />
        <parameter constant_type="string" name="NHBS_data" simulated_value="datagen/NHBS_mock_2014.csv" type="constant" value="data/IDU2_HCV_model_012913_cleaned.csv" value2012="data/IDU3_2012-2014-04-17.csv" />
</sweep>