<sweep jobNum="140" runs="1">
		
		<parameter constant_type="double" name="ab_prob_acute" type="constant" value="0.02346190126" />
		<parameter constant_type="double" name="ab_prob_chronic" type="constant" value="0.612385297679" />
		<parameter constant_type="double" name="attrition_rate" type="constant" value="0.0631143227384" />
		<parameter constant_type="double" name="burn_in_days" type="constant" value="365.0" value_nob="0" />
		<parameter constant_type="number" name="dump_network_distances" type="constant" value="-1" />
		<parameter constant_type="double" name="homophily_strength" type="constant" value="0.676688722756" />
		<parameter constant_type="number" name="initial_pwid_count" type="constant" value="32028" />
		<parameter constant_type="double" name="interaction_home_cutoff" type="constant" value="1.47158769617" />
		<parameter constant_type="double" name="interaction_rate_constant" type="constant" value="0.0183334740528" />
		<parameter constant_type="double" name="interaction_rate_at_drug_sites" type="constant" value="6.64041604876e-05" />
		<parameter constant_type="double" name="interaction_rate_exzone" type="constant" value="0.0875751338511" />
		<parameter constant_type="double" name="mean_career_duration" type="constant" value="24.4760437533" />
        <parameter constant_type="double" name="mean_days_acute_naive" type="constant" value="117.740461211" />
		<parameter constant_type="double" name="mean_days_acute_rechallenged" type="constant" value="41.1537424961" />
		<parameter constant_type="double" name="mean_days_naive_to_infectious" type="constant" value="2.70783595961" />
		<parameter constant_type="double" name="mean_enrichment_ChicagoNonNEP" type="constant" value="0.45921961827" />
		<parameter constant_type="double" name="mean_enrichment_suburbs" type="constant" value="1.90967047721" />
		<parameter constant_type="double" name="mean_tie_lifetime" type="constant" value="753.570429029" />
		<parameter constant_type="double" name="net_inflow" type="constant" value="0.0" />
		<parameter constant_type="double" name="nonNEP_age_boost" type="constant" value="4.00787518537" />
		<parameter constant_type="double" name="nonNEP_age_started_boost" type="constant" value="1.90390190865" />
		<parameter constant_type="double" name="nonNEP_degree_boost" type="constant" value="0.14504529533" />
		<parameter constant_type="double" name="nonNEP_hcv_ab_boost" type="constant" value="0.0138120637113" />
		<parameter constant_type="double" name="nonNEP_injection_ratio" type="constant" value="0.891542343426" />
		<parameter constant_type="double" name="nonNEP_sharing_boost" type="constant" value="0.300783595961" />
		<parameter constant_type="string" name="output_directory" type="constant" value="output" />
		<parameter constant_type="double" name="prob_cessation" type="constant" value="0.26352538684" />
		<parameter constant_type="double" name="prob_infected_when_arrive" type="constant" value="0.0494295644041" />
		<parameter constant_type="double" name="prob_self_limiting_female" type="constant" value="0.340303810634" />
		<parameter constant_type="double" name="prob_self_limiting_male" type="constant" value="0.10048825556" />
		<parameter constant_type="double" name="prob_clearing" type="constant" value="0.807389784796" />
		<parameter constant_type="double" name="pwid_maturity_threshold" type="constant" value="3.23960586617" />
        <parameter comment="365*5 + 365 burnin" constant_type="number" name="run_length" shortvalue="4015" type="constant" value="4040" />
        <parameter constant_type="double" name="status_report_frequency" type="constant" value="365.0" />
        <parameter constant_type="double" name="transmissibility" type="constant" value="0.0488021360964" />
        <parameter constant_type="string" name="NEP_data" simulated_value="datagen/NEP_mock_2014.csv" type="constant" value="data/NEP_Risk_Base_Merge.csv" />
        <parameter constant_type="string" name="NHBS_data" simulated_value="datagen/NHBS_mock_2014.csv" type="constant" value="data/IDU2_HCV_model_012913_cleaned.csv" value2012="data/IDU3_2012-2014-04-17.csv" />
</sweep>