<sweep jobNum="31" runs="1">
		
		<parameter constant_type="double" name="ab_prob_acute" type="constant" value="0.0256819050221" />
		<parameter constant_type="double" name="ab_prob_chronic" type="constant" value="0.618969969593" />
		<parameter constant_type="double" name="attrition_rate" type="constant" value="0.015462174234" />
		<parameter constant_type="double" name="burn_in_days" type="constant" value="365.0" value_nob="0" />
		<parameter constant_type="number" name="dump_network_distances" type="constant" value="-1" />
		<parameter constant_type="double" name="homophily_strength" type="constant" value="0.690001079113" />
		<parameter constant_type="number" name="initial_pwid_count" type="constant" value="31568" />
		<parameter constant_type="double" name="interaction_home_cutoff" type="constant" value="1.23961002078" />
		<parameter constant_type="double" name="interaction_rate_constant" type="constant" value="0.0197777106907" />
		<parameter constant_type="double" name="interaction_rate_at_drug_sites" type="constant" value="0.000146589507849" />
		<parameter constant_type="double" name="interaction_rate_exzone" type="constant" value="0.0948019706692" />
		<parameter constant_type="double" name="mean_career_duration" type="constant" value="26.7432311709" />
        <parameter constant_type="double" name="mean_days_acute_naive" type="constant" value="94.0984731289" />
		<parameter constant_type="double" name="mean_days_acute_rechallenged" type="constant" value="31.7292025695" />
		<parameter constant_type="double" name="mean_days_naive_to_infectious" type="constant" value="2.3423128752" />
		<parameter constant_type="double" name="mean_enrichment_ChicagoNonNEP" type="constant" value="0.522292307022" />
		<parameter constant_type="double" name="mean_enrichment_suburbs" type="constant" value="1.71254661915" />
		<parameter constant_type="double" name="mean_tie_lifetime" type="constant" value="506.177618175" />
		<parameter constant_type="double" name="net_inflow" type="constant" value="0.0" />
		<parameter constant_type="double" name="nonNEP_age_boost" type="constant" value="4.14058496883" />
		<parameter constant_type="double" name="nonNEP_age_started_boost" type="constant" value="2.48344179394" />
		<parameter constant_type="double" name="nonNEP_degree_boost" type="constant" value="0.288945334204" />
		<parameter constant_type="double" name="nonNEP_hcv_ab_boost" type="constant" value="0.0161548222782" />
		<parameter constant_type="double" name="nonNEP_injection_ratio" type="constant" value="0.875441813817" />
		<parameter constant_type="double" name="nonNEP_sharing_boost" type="constant" value="0.353311277244" />
		<parameter constant_type="string" name="output_directory" type="constant" value="output" />
		<parameter constant_type="double" name="prob_cessation" type="constant" value="0.275149681941" />
		<parameter constant_type="double" name="prob_infected_when_arrive" type="constant" value="0.0838826916489" />
		<parameter constant_type="double" name="prob_self_limiting_female" type="constant" value="0.327373373718" />
		<parameter constant_type="double" name="prob_self_limiting_male" type="constant" value="0.138697780292" />
		<parameter constant_type="double" name="prob_clearing" type="constant" value="0.941432231377" />
		<parameter constant_type="double" name="pwid_maturity_threshold" type="constant" value="4.00821289702" />
        <parameter comment="365*5 + 365 burnin" constant_type="number" name="run_length" shortvalue="4015" type="constant" value="4040" />
        <parameter constant_type="double" name="status_report_frequency" type="constant" value="365.0" />
        <parameter constant_type="double" name="transmissibility" type="constant" value="0.00621257329218" />
        <parameter constant_type="string" name="NEP_data" simulated_value="datagen/NEP_mock_2014.csv" type="constant" value="data/NEP_Risk_Base_Merge.csv" />
        <parameter constant_type="string" name="NHBS_data" simulated_value="datagen/NHBS_mock_2014.csv" type="constant" value="data/IDU2_HCV_model_012913_cleaned.csv" value2012="data/IDU3_2012-2014-04-17.csv" />
</sweep>