<sweep jobNum="90" runs="1">
		
		<parameter constant_type="double" name="ab_prob_acute" type="constant" value="0.0290569223748" />
		<parameter constant_type="double" name="ab_prob_chronic" type="constant" value="0.607151939499" />
		<parameter constant_type="double" name="attrition_rate" type="constant" value="0.0129039498991" />
		<parameter constant_type="double" name="burn_in_days" type="constant" value="365.0" value_nob="0" />
		<parameter constant_type="number" name="dump_network_distances" type="constant" value="-1" />
		<parameter constant_type="double" name="homophily_strength" type="constant" value="0.734014000261" />
		<parameter constant_type="number" name="initial_pwid_count" type="constant" value="32889" />
		<parameter constant_type="double" name="interaction_home_cutoff" type="constant" value="1.46501746805" />
		<parameter constant_type="double" name="interaction_rate_constant" type="constant" value="0.0172933839453" />
		<parameter constant_type="double" name="interaction_rate_at_drug_sites" type="constant" value="6.0827910303e-05" />
		<parameter constant_type="double" name="interaction_rate_exzone" type="constant" value="0.0776107051089" />
		<parameter constant_type="double" name="mean_career_duration" type="constant" value="25.9601009667" />
        <parameter constant_type="double" name="mean_days_acute_naive" type="constant" value="89.1165098139" />
		<parameter constant_type="double" name="mean_days_acute_rechallenged" type="constant" value="23.6887201823" />
		<parameter constant_type="double" name="mean_days_naive_to_infectious" type="constant" value="3.48303336974" />
		<parameter constant_type="double" name="mean_enrichment_ChicagoNonNEP" type="constant" value="0.38501864766" />
		<parameter constant_type="double" name="mean_enrichment_suburbs" type="constant" value="2.17007000131" />
		<parameter constant_type="double" name="mean_tie_lifetime" type="constant" value="669.935241084" />
		<parameter constant_type="double" name="net_inflow" type="constant" value="0.0" />
		<parameter constant_type="double" name="nonNEP_age_boost" type="constant" value="2.97005115662" />
		<parameter constant_type="double" name="nonNEP_age_started_boost" type="constant" value="1.66862195735" />
		<parameter constant_type="double" name="nonNEP_degree_boost" type="constant" value="0.275832874599" />
		<parameter constant_type="double" name="nonNEP_hcv_ab_boost" type="constant" value="0.012186703049" />
		<parameter constant_type="double" name="nonNEP_injection_ratio" type="constant" value="0.879082452751" />
		<parameter constant_type="double" name="nonNEP_sharing_boost" type="constant" value="0.241136876544" />
		<parameter constant_type="string" name="output_directory" type="constant" value="output" />
		<parameter constant_type="double" name="prob_cessation" type="constant" value="0.221929745494" />
		<parameter constant_type="double" name="prob_infected_when_arrive" type="constant" value="0.078324180708" />
		<parameter constant_type="double" name="prob_self_limiting_female" type="constant" value="0.393565699434" />
		<parameter constant_type="double" name="prob_self_limiting_male" type="constant" value="0.127878555625" />
		<parameter constant_type="double" name="prob_clearing" type="constant" value="0.880409084981" />
		<parameter constant_type="double" name="pwid_maturity_threshold" type="constant" value="6.69413458244" />
        <parameter comment="365*5 + 365 burnin" constant_type="number" name="run_length" shortvalue="4015" type="constant" value="4040" />
        <parameter constant_type="double" name="status_report_frequency" type="constant" value="365.0" />
        <parameter constant_type="double" name="transmissibility" type="constant" value="0.0262646731316" />
        <parameter constant_type="string" name="NEP_data" simulated_value="datagen/NEP_mock_2014.csv" type="constant" value="data/NEP_Risk_Base_Merge.csv" />
        <parameter constant_type="string" name="NHBS_data" simulated_value="datagen/NHBS_mock_2014.csv" type="constant" value="data/IDU2_HCV_model_012913_cleaned.csv" value2012="data/IDU3_2012-2014-04-17.csv" />
</sweep>