<sweep jobNum="139" runs="1">
		
		<parameter constant_type="double" name="ab_prob_acute" type="constant" value="0.0229216404039" />
		<parameter constant_type="double" name="ab_prob_chronic" type="constant" value="0.628945349998" />
		<parameter constant_type="double" name="attrition_rate" type="constant" value="0.0119764645438" />
		<parameter constant_type="double" name="burn_in_days" type="constant" value="365.0" value_nob="0" />
		<parameter constant_type="number" name="dump_network_distances" type="constant" value="-1" />
		<parameter constant_type="double" name="homophily_strength" type="constant" value="0.735225294806" />
		<parameter constant_type="number" name="initial_pwid_count" type="constant" value="33794" />
		<parameter constant_type="double" name="interaction_home_cutoff" type="constant" value="2.32807676078" />
		<parameter constant_type="double" name="interaction_rate_constant" type="constant" value="0.0120962673993" />
		<parameter constant_type="double" name="interaction_rate_at_drug_sites" type="constant" value="5.55684382722e-05" />
		<parameter constant_type="double" name="interaction_rate_exzone" type="constant" value="0.0803850022438" />
		<parameter constant_type="double" name="mean_career_duration" type="constant" value="13.7538042496" />
        <parameter constant_type="double" name="mean_days_acute_naive" type="constant" value="97.4835238607" />
		<parameter constant_type="double" name="mean_days_acute_rechallenged" type="constant" value="35.6553474591" />
		<parameter constant_type="double" name="mean_days_naive_to_infectious" type="constant" value="3.14597289439" />
		<parameter constant_type="double" name="mean_enrichment_ChicagoNonNEP" type="constant" value="0.34485757693" />
		<parameter constant_type="double" name="mean_enrichment_suburbs" type="constant" value="1.69211533861" />
		<parameter constant_type="double" name="mean_tie_lifetime" type="constant" value="761.061306204" />
		<parameter constant_type="double" name="net_inflow" type="constant" value="0.0" />
		<parameter constant_type="double" name="nonNEP_age_boost" type="constant" value="3.55578059555" />
		<parameter constant_type="double" name="nonNEP_age_started_boost" type="constant" value="0.759368471933" />
		<parameter constant_type="double" name="nonNEP_degree_boost" type="constant" value="0.2574864036" />
		<parameter constant_type="double" name="nonNEP_hcv_ab_boost" type="constant" value="0.00620913710656" />
		<parameter constant_type="double" name="nonNEP_injection_ratio" type="constant" value="0.895716115689" />
		<parameter constant_type="double" name="nonNEP_sharing_boost" type="constant" value="0.289256319814" />
		<parameter constant_type="string" name="output_directory" type="constant" value="output" />
		<parameter constant_type="double" name="prob_cessation" type="constant" value="0.135142415514" />
		<parameter constant_type="double" name="prob_infected_when_arrive" type="constant" value="0.0537703228502" />
		<parameter constant_type="double" name="prob_self_limiting_female" type="constant" value="0.321435287495" />
		<parameter constant_type="double" name="prob_self_limiting_male" type="constant" value="0.100680169618" />
		<parameter constant_type="double" name="prob_clearing" type="constant" value="0.869226749308" />
		<parameter constant_type="double" name="pwid_maturity_threshold" type="constant" value="6.47547065093" />
        <parameter comment="365*5 + 365 burnin" constant_type="number" name="run_length" shortvalue="4015" type="constant" value="4040" />
        <parameter constant_type="double" name="status_report_frequency" type="constant" value="365.0" />
        <parameter constant_type="double" name="transmissibility" type="constant" value="0.0154903484782" />
        <parameter constant_type="string" name="NEP_data" simulated_value="datagen/NEP_mock_2014.csv" type="constant" value="data/NEP_Risk_Base_Merge.csv" />
        <parameter constant_type="string" name="NHBS_data" simulated_value="datagen/NHBS_mock_2014.csv" type="constant" value="data/IDU2_HCV_model_012913_cleaned.csv" value2012="data/IDU3_2012-2014-04-17.csv" />
</sweep>