<sweep jobNum="8" runs="1">
		
		<parameter constant_type="double" name="ab_prob_acute" type="constant" value="0.0183092510716" />
		<parameter constant_type="double" name="ab_prob_chronic" type="constant" value="0.704662726919" />
		<parameter constant_type="double" name="attrition_rate" type="constant" value="0.0192198456223" />
		<parameter constant_type="double" name="burn_in_days" type="constant" value="365.0" value_nob="0" />
		<parameter constant_type="number" name="dump_network_distances" type="constant" value="-1" />
		<parameter constant_type="double" name="homophily_strength" type="constant" value="0.749589355149" />
		<parameter constant_type="number" name="initial_pwid_count" type="constant" value="32097" />
		<parameter constant_type="double" name="interaction_home_cutoff" type="constant" value="1.18515784644" />
		<parameter constant_type="double" name="interaction_rate_constant" type="constant" value="0.014950815784" />
		<parameter constant_type="double" name="interaction_rate_at_drug_sites" type="constant" value="6.85190775779e-05" />
		<parameter constant_type="double" name="interaction_rate_exzone" type="constant" value="0.0766820984301" />
		<parameter constant_type="double" name="mean_career_duration" type="constant" value="13.1375950167" />
        <parameter constant_type="double" name="mean_days_acute_naive" type="constant" value="89.763666449" />
		<parameter constant_type="double" name="mean_days_acute_rechallenged" type="constant" value="33.4870174213" />
		<parameter constant_type="double" name="mean_days_naive_to_infectious" type="constant" value="2.74926635607" />
		<parameter constant_type="double" name="mean_enrichment_ChicagoNonNEP" type="constant" value="0.632957026277" />
		<parameter constant_type="double" name="mean_enrichment_suburbs" type="constant" value="2.46589507849" />
		<parameter constant_type="double" name="mean_tie_lifetime" type="constant" value="591.228539047" />
		<parameter constant_type="double" name="net_inflow" type="constant" value="0.0" />
		<parameter constant_type="double" name="nonNEP_age_boost" type="constant" value="3.43824606058" />
		<parameter constant_type="double" name="nonNEP_age_started_boost" type="constant" value="1.77708246084" />
		<parameter constant_type="double" name="nonNEP_degree_boost" type="constant" value="0.196764325241" />
		<parameter constant_type="double" name="nonNEP_hcv_ab_boost" type="constant" value="0.00614528725541" />
		<parameter constant_type="double" name="nonNEP_injection_ratio" type="constant" value="0.873512629222" />
		<parameter constant_type="double" name="nonNEP_sharing_boost" type="constant" value="0.303747604672" />
		<parameter constant_type="string" name="output_directory" type="constant" value="output" />
		<parameter constant_type="double" name="prob_cessation" type="constant" value="0.158891098586" />
		<parameter constant_type="double" name="prob_infected_when_arrive" type="constant" value="0.0729962704679" />
		<parameter constant_type="double" name="prob_self_limiting_female" type="constant" value="0.321113715324" />
		<parameter constant_type="double" name="prob_self_limiting_male" type="constant" value="0.122846707595" />
		<parameter constant_type="double" name="prob_clearing" type="constant" value="0.896389101227" />
		<parameter constant_type="double" name="pwid_maturity_threshold" type="constant" value="3.82316421266" />
        <parameter comment="365*5 + 365 burnin" constant_type="number" name="run_length" shortvalue="4015" type="constant" value="4040" />
        <parameter constant_type="double" name="status_report_frequency" type="constant" value="365.0" />
        <parameter constant_type="double" name="transmissibility" type="constant" value="0.00902289662643" />
        <parameter constant_type="string" name="NEP_data" simulated_value="datagen/NEP_mock_2014.csv" type="constant" value="data/NEP_Risk_Base_Merge.csv" />
        <parameter constant_type="string" name="NHBS_data" simulated_value="datagen/NHBS_mock_2014.csv" type="constant" value="data/IDU2_HCV_model_012913_cleaned.csv" value2012="data/IDU3_2012-2014-04-17.csv" />
</sweep>