<sweep jobNum="46" runs="1">
		
		<parameter constant_type="double" name="ab_prob_acute" type="constant" value="0.0109430776252" />
		<parameter constant_type="double" name="ab_prob_chronic" type="constant" value="0.6796042521" />
		<parameter constant_type="double" name="attrition_rate" type="constant" value="0.0130884949072" />
		<parameter constant_type="double" name="burn_in_days" type="constant" value="365.0" value_nob="0" />
		<parameter constant_type="number" name="dump_network_distances" type="constant" value="-1" />
		<parameter constant_type="double" name="homophily_strength" type="constant" value="0.715751338511" />
		<parameter constant_type="number" name="initial_pwid_count" type="constant" value="31033" />
		<parameter constant_type="double" name="interaction_home_cutoff" type="constant" value="1.3423128752" />
		<parameter constant_type="double" name="interaction_rate_constant" type="constant" value="0.0190141263694" />
		<parameter constant_type="double" name="interaction_rate_at_drug_sites" type="constant" value="8.1168158823e-05" />
		<parameter constant_type="double" name="interaction_rate_exzone" type="constant" value="0.0908945334204" />
		<parameter constant_type="double" name="mean_career_duration" type="constant" value="28.334478854" />
        <parameter constant_type="double" name="mean_days_acute_naive" type="constant" value="108.121290907" />
		<parameter constant_type="double" name="mean_days_acute_rechallenged" type="constant" value="15.822220736" />
		<parameter constant_type="double" name="mean_days_naive_to_infectious" type="constant" value="2.84248661489" />
		<parameter constant_type="double" name="mean_enrichment_ChicagoNonNEP" type="constant" value="0.6043729615" />
		<parameter constant_type="double" name="mean_enrichment_suburbs" type="constant" value="1.95573498601" />
		<parameter constant_type="double" name="mean_tie_lifetime" type="constant" value="330.805576425" />
		<parameter constant_type="double" name="net_inflow" type="constant" value="0.0" />
		<parameter constant_type="double" name="nonNEP_age_boost" type="constant" value="2.74638766075" />
		<parameter constant_type="double" name="nonNEP_age_started_boost" type="constant" value="2.07663682354" />
		<parameter constant_type="double" name="nonNEP_degree_boost" type="constant" value="0.316038997922" />
		<parameter constant_type="double" name="nonNEP_hcv_ab_boost" type="constant" value="0.0154530018828" />
		<parameter constant_type="double" name="nonNEP_injection_ratio" type="constant" value="0.862831216968" />
		<parameter constant_type="double" name="nonNEP_sharing_boost" type="constant" value="0.263521486862" />
		<parameter constant_type="string" name="output_directory" type="constant" value="output" />
		<parameter constant_type="double" name="prob_cessation" type="constant" value="0.205676477862" />
		<parameter constant_type="double" name="prob_infected_when_arrive" type="constant" value="0.0272723799117" />
		<parameter constant_type="double" name="prob_self_limiting_female" type="constant" value="0.305185530108" />
		<parameter constant_type="double" name="prob_self_limiting_male" type="constant" value="0.115952067113" />
		<parameter constant_type="double" name="prob_clearing" type="constant" value="0.874485163628" />
		<parameter constant_type="double" name="pwid_maturity_threshold" type="constant" value="6.03067921488" />
        <parameter comment="365*5 + 365 burnin" constant_type="number" name="run_length" shortvalue="4015" type="constant" value="4040" />
        <parameter constant_type="double" name="status_report_frequency" type="constant" value="365.0" />
        <parameter constant_type="double" name="transmissibility" type="constant" value="0.0235581088366" />
        <parameter constant_type="string" name="NEP_data" simulated_value="datagen/NEP_mock_2014.csv" type="constant" value="data/NEP_Risk_Base_Merge.csv" />
        <parameter constant_type="string" name="NHBS_data" simulated_value="datagen/NHBS_mock_2014.csv" type="constant" value="data/IDU2_HCV_model_012913_cleaned.csv" value2012="data/IDU3_2012-2014-04-17.csv" />
</sweep>