<sweep jobNum="170" runs="1">
		
		<parameter constant_type="double" name="ab_prob_acute" type="constant" value="0.0124720443897" />
		<parameter constant_type="double" name="ab_prob_chronic" type="constant" value="0.657608357982" />
		<parameter constant_type="double" name="attrition_rate" type="constant" value="0.0257342765464" />
		<parameter constant_type="double" name="burn_in_days" type="constant" value="365.0" value_nob="0" />
		<parameter constant_type="number" name="dump_network_distances" type="constant" value="-1" />
		<parameter constant_type="double" name="homophily_strength" type="constant" value="0.705421609344" />
		<parameter constant_type="number" name="initial_pwid_count" type="constant" value="33083" />
		<parameter constant_type="double" name="interaction_home_cutoff" type="constant" value="2.51533960744" />
		<parameter constant_type="double" name="interaction_rate_constant" type="constant" value="0.0169450803107" />
		<parameter constant_type="double" name="interaction_rate_at_drug_sites" type="constant" value="0.000120993209073" />
		<parameter constant_type="double" name="interaction_rate_exzone" type="constant" value="0.0872869805287" />
		<parameter constant_type="double" name="mean_career_duration" type="constant" value="26.2228887372" />
        <parameter constant_type="double" name="mean_days_acute_naive" type="constant" value="112.185920047" />
		<parameter constant_type="double" name="mean_days_acute_rechallenged" type="constant" value="24.1546501383" />
		<parameter constant_type="double" name="mean_days_naive_to_infectious" type="constant" value="3.85526157991" />
		<parameter constant_type="double" name="mean_enrichment_ChicagoNonNEP" type="constant" value="0.667785897822" />
		<parameter constant_type="double" name="mean_enrichment_suburbs" type="constant" value="1.6043907162" />
		<parameter constant_type="double" name="mean_tie_lifetime" type="constant" value="347.078419161" />
		<parameter constant_type="double" name="net_inflow" type="constant" value="0.0" />
		<parameter constant_type="double" name="nonNEP_age_boost" type="constant" value="1.56219196814" />
		<parameter constant_type="double" name="nonNEP_age_started_boost" type="constant" value="0.861070510889" />
		<parameter constant_type="double" name="nonNEP_degree_boost" type="constant" value="0.337675862085" />
		<parameter constant_type="double" name="nonNEP_hcv_ab_boost" type="constant" value="0.00769101365387" />
		<parameter constant_type="double" name="nonNEP_injection_ratio" type="constant" value="0.866705115212" />
		<parameter constant_type="double" name="nonNEP_sharing_boost" type="constant" value="0.274516590875" />
		<parameter constant_type="string" name="output_directory" type="constant" value="output" />
		<parameter constant_type="double" name="prob_cessation" type="constant" value="0.267750393404" />
		<parameter constant_type="double" name="prob_infected_when_arrive" type="constant" value="0.0275400089753" />
		<parameter constant_type="double" name="prob_self_limiting_female" type="constant" value="0.361923362967" />
		<parameter constant_type="double" name="prob_self_limiting_male" type="constant" value="0.122389274455" />
		<parameter constant_type="double" name="prob_clearing" type="constant" value="0.757697896957" />
		<parameter constant_type="double" name="pwid_maturity_threshold" type="constant" value="5.99178710298" />
        <parameter comment="365*5 + 365 burnin" constant_type="number" name="run_length" shortvalue="4015" type="constant" value="4040" />
        <parameter constant_type="double" name="status_report_frequency" type="constant" value="365.0" />
        <parameter constant_type="double" name="transmissibility" type="constant" value="0.0205708137582" />
        <parameter constant_type="string" name="NEP_data" simulated_value="datagen/NEP_mock_2014.csv" type="constant" value="data/NEP_Risk_Base_Merge.csv" />
        <parameter constant_type="string" name="NHBS_data" simulated_value="datagen/NHBS_mock_2014.csv" type="constant" value="data/IDU2_HCV_model_012913_cleaned.csv" value2012="data/IDU3_2012-2014-04-17.csv" />
</sweep>