<sweep jobNum="33" runs="1">
		
		<parameter constant_type="double" name="ab_prob_acute" type="constant" value="0.024449171584" />
		<parameter constant_type="double" name="ab_prob_chronic" type="constant" value="0.703281351334" />
		<parameter constant_type="double" name="attrition_rate" type="constant" value="0.0425504625536" />
		<parameter constant_type="double" name="burn_in_days" type="constant" value="365.0" value_nob="0" />
		<parameter constant_type="number" name="dump_network_distances" type="constant" value="-1" />
		<parameter constant_type="double" name="homophily_strength" type="constant" value="0.684248661489" />
		<parameter constant_type="number" name="initial_pwid_count" type="constant" value="31046" />
		<parameter constant_type="double" name="interaction_home_cutoff" type="constant" value="2.09998920887" />
		<parameter constant_type="double" name="interaction_rate_constant" type="constant" value="0.0103562108316" />
		<parameter constant_type="double" name="interaction_rate_at_drug_sites" type="constant" value="5.02345641544e-05" />
		<parameter constant_type="double" name="interaction_rate_exzone" type="constant" value="0.0844248661489" />
		<parameter constant_type="double" name="mean_career_duration" type="constant" value="10.7726687692" />
        <parameter constant_type="double" name="mean_days_acute_naive" type="constant" value="84.2973870575" />
		<parameter constant_type="double" name="mean_days_acute_rechallenged" type="constant" value="32.5451093126" />
		<parameter constant_type="double" name="mean_days_naive_to_infectious" type="constant" value="2.44516590875" />
		<parameter constant_type="double" name="mean_enrichment_ChicagoNonNEP" type="constant" value="0.569238025201" />
		<parameter constant_type="double" name="mean_enrichment_suburbs" type="constant" value="2.49765435846" />
		<parameter constant_type="double" name="mean_tie_lifetime" type="constant" value="422.899399884" />
		<parameter constant_type="double" name="net_inflow" type="constant" value="0.0" />
		<parameter constant_type="double" name="nonNEP_age_boost" type="constant" value="4.17516269091" />
		<parameter constant_type="double" name="nonNEP_age_started_boost" type="constant" value="1.70285208517" />
		<parameter constant_type="double" name="nonNEP_degree_boost" type="constant" value="0.147697896957" />
		<parameter constant_type="double" name="nonNEP_hcv_ab_boost" type="constant" value="0.00345369791356" />
		<parameter constant_type="double" name="nonNEP_injection_ratio" type="constant" value="0.8679164373" />
		<parameter constant_type="double" name="nonNEP_sharing_boost" type="constant" value="0.230469128309" />
		<parameter constant_type="string" name="output_directory" type="constant" value="output" />
		<parameter constant_type="double" name="prob_cessation" type="constant" value="0.134226668902" />
		<parameter constant_type="double" name="prob_infected_when_arrive" type="constant" value="0.044621927491" />
		<parameter constant_type="double" name="prob_self_limiting_female" type="constant" value="0.347715052601" />
		<parameter constant_type="double" name="prob_self_limiting_male" type="constant" value="0.11769997442" />
		<parameter constant_type="double" name="prob_clearing" type="constant" value="0.887052039704" />
		<parameter constant_type="double" name="pwid_maturity_threshold" type="constant" value="4.68497322978" />
        <parameter comment="365*5 + 365 burnin" constant_type="number" name="run_length" shortvalue="4015" type="constant" value="4040" />
        <parameter constant_type="double" name="status_report_frequency" type="constant" value="365.0" />
        <parameter constant_type="double" name="transmissibility" type="constant" value="0.0217405731507" />
        <parameter constant_type="string" name="NEP_data" simulated_value="datagen/NEP_mock_2014.csv" type="constant" value="data/NEP_Risk_Base_Merge.csv" />
        <parameter constant_type="string" name="NHBS_data" simulated_value="datagen/NHBS_mock_2014.csv" type="constant" value="data/IDU2_HCV_model_012913_cleaned.csv" value2012="data/IDU3_2012-2014-04-17.csv" />
</sweep>