<sweep jobNum="88" runs="1">
		
		<parameter constant_type="double" name="ab_prob_acute" type="constant" value="0.0196291444391" />
		<parameter constant_type="double" name="ab_prob_chronic" type="constant" value="0.492771362006" />
		<parameter constant_type="double" name="attrition_rate" type="constant" value="0.0259101609536" />
		<parameter constant_type="double" name="burn_in_days" type="constant" value="365.0" value_nob="0" />
		<parameter constant_type="number" name="dump_network_distances" type="constant" value="-1" />
		<parameter constant_type="double" name="homophily_strength" type="constant" value="0.79585386879" />
		<parameter constant_type="number" name="initial_pwid_count" type="constant" value="32802" />
		<parameter constant_type="double" name="interaction_home_cutoff" type="constant" value="1.71378370974" />
		<parameter constant_type="double" name="interaction_rate_constant" type="constant" value="0.0199887107883" />
		<parameter constant_type="double" name="interaction_rate_at_drug_sites" type="constant" value="9.21243307444e-05" />
		<parameter constant_type="double" name="interaction_rate_exzone" type="constant" value="0.0909589355149" />
		<parameter constant_type="double" name="mean_career_duration" type="constant" value="22.5316475459" />
        <parameter constant_type="double" name="mean_days_acute_naive" type="constant" value="124.858057844" />
		<parameter constant_type="double" name="mean_days_acute_rechallenged" type="constant" value="40.0407461632" />
		<parameter constant_type="double" name="mean_days_naive_to_infectious" type="constant" value="3.09425807125" />
		<parameter constant_type="double" name="mean_enrichment_ChicagoNonNEP" type="constant" value="0.474260389425" />
		<parameter constant_type="double" name="mean_enrichment_suburbs" type="constant" value="1.97003521926" />
		<parameter constant_type="double" name="mean_tie_lifetime" type="constant" value="596.379712772" />
		<parameter constant_type="double" name="net_inflow" type="constant" value="0.0" />
		<parameter constant_type="double" name="nonNEP_age_boost" type="constant" value="3.22761092036" />
		<parameter constant_type="double" name="nonNEP_age_started_boost" type="constant" value="2.18303336974" />
		<parameter constant_type="double" name="nonNEP_degree_boost" type="constant" value="0.224825938643" />
		<parameter constant_type="double" name="nonNEP_hcv_ab_boost" type="constant" value="0.0123586110092" />
		<parameter constant_type="double" name="nonNEP_injection_ratio" type="constant" value="0.823579384809" />
		<parameter constant_type="double" name="nonNEP_sharing_boost" type="constant" value="0.418019706692" />
		<parameter constant_type="string" name="output_directory" type="constant" value="output" />
		<parameter constant_type="double" name="prob_cessation" type="constant" value="0.240206675345" />
		<parameter constant_type="double" name="prob_infected_when_arrive" type="constant" value="0.0829127266042" />
		<parameter constant_type="double" name="prob_self_limiting_female" type="constant" value="0.389266789723" />
		<parameter constant_type="double" name="prob_self_limiting_male" type="constant" value="0.12959879831" />
		<parameter constant_type="double" name="prob_clearing" type="constant" value="0.889507203223" />
		<parameter constant_type="double" name="pwid_maturity_threshold" type="constant" value="6.28717880565" />
        <parameter comment="365*5 + 365 burnin" constant_type="number" name="run_length" shortvalue="4015" type="constant" value="4040" />
        <parameter constant_type="double" name="status_report_frequency" type="constant" value="365.0" />
        <parameter constant_type="double" name="transmissibility" type="constant" value="0.0268067073411" />
        <parameter constant_type="string" name="NEP_data" simulated_value="datagen/NEP_mock_2014.csv" type="constant" value="data/NEP_Risk_Base_Merge.csv" />
        <parameter constant_type="string" name="NHBS_data" simulated_value="datagen/NHBS_mock_2014.csv" type="constant" value="data/IDU2_HCV_model_012913_cleaned.csv" value2012="data/IDU3_2012-2014-04-17.csv" />
</sweep>