<sweep jobNum="16" runs="1">
		
		<parameter constant_type="double" name="ab_prob_acute" type="constant" value="0.0135641059717" />
		<parameter constant_type="double" name="ab_prob_chronic" type="constant" value="0.713047215492" />
		<parameter constant_type="double" name="attrition_rate" type="constant" value="0.0266142258883" />
		<parameter constant_type="double" name="burn_in_days" type="constant" value="365.0" value_nob="0" />
		<parameter constant_type="number" name="dump_network_distances" type="constant" value="-1" />
		<parameter constant_type="double" name="homophily_strength" type="constant" value="0.685402710561" />
		<parameter constant_type="number" name="initial_pwid_count" type="constant" value="33582" />
		<parameter constant_type="double" name="interaction_home_cutoff" type="constant" value="1.01400874214" />
		<parameter constant_type="double" name="interaction_rate_constant" type="constant" value="0.0175397460361" />
		<parameter constant_type="double" name="interaction_rate_at_drug_sites" type="constant" value="6.23602219486e-05" />
		<parameter constant_type="double" name="interaction_rate_exzone" type="constant" value="0.0839027061577" />
		<parameter constant_type="double" name="mean_career_duration" type="constant" value="27.9564349874" />
        <parameter constant_type="double" name="mean_days_acute_naive" type="constant" value="110.65475315" />
		<parameter constant_type="double" name="mean_days_acute_rechallenged" type="constant" value="9.53957939146" />
		<parameter constant_type="double" name="mean_days_naive_to_infectious" type="constant" value="3.346190126" />
		<parameter constant_type="double" name="mean_enrichment_ChicagoNonNEP" type="constant" value="0.635816557646" />
		<parameter constant_type="double" name="mean_enrichment_suburbs" type="constant" value="1.82992999869" />
		<parameter constant_type="double" name="mean_tie_lifetime" type="constant" value="673.384016188" />
		<parameter constant_type="double" name="net_inflow" type="constant" value="0.0" />
		<parameter constant_type="double" name="nonNEP_age_boost" type="constant" value="4.49296307537" />
		<parameter constant_type="double" name="nonNEP_age_started_boost" type="constant" value="2.16389101227" />
		<parameter constant_type="double" name="nonNEP_degree_boost" type="constant" value="0.264485163628" />
		<parameter constant_type="double" name="nonNEP_hcv_ab_boost" type="constant" value="0.019622890714" />
		<parameter constant_type="double" name="nonNEP_injection_ratio" type="constant" value="0.840676993576" />
		<parameter constant_type="double" name="nonNEP_sharing_boost" type="constant" value="0.334850439469" />
		<parameter constant_type="string" name="output_directory" type="constant" value="output" />
		<parameter constant_type="double" name="prob_cessation" type="constant" value="0.145559286906" />
		<parameter constant_type="double" name="prob_infected_when_arrive" type="constant" value="0.0813376717576" />
		<parameter constant_type="double" name="prob_self_limiting_female" type="constant" value="0.338869199828" />
		<parameter constant_type="double" name="prob_self_limiting_male" type="constant" value="0.126799752953" />
		<parameter constant_type="double" name="prob_clearing" type="constant" value="0.846291444391" />
		<parameter constant_type="double" name="pwid_maturity_threshold" type="constant" value="6.50559112206" />
        <parameter comment="365*5 + 365 burnin" constant_type="number" name="run_length" shortvalue="4015" type="constant" value="4040" />
        <parameter constant_type="double" name="status_report_frequency" type="constant" value="365.0" />
        <parameter constant_type="double" name="transmissibility" type="constant" value="0.00715375078395" />
        <parameter constant_type="string" name="NEP_data" simulated_value="datagen/NEP_mock_2014.csv" type="constant" value="data/NEP_Risk_Base_Merge.csv" />
        <parameter constant_type="string" name="NHBS_data" simulated_value="datagen/NHBS_mock_2014.csv" type="constant" value="data/IDU2_HCV_model_012913_cleaned.csv" value2012="data/IDU3_2012-2014-04-17.csv" />
</sweep>