<sweep jobNum="89" runs="1">
		
		<parameter constant_type="double" name="ab_prob_acute" type="constant" value="0.0209998920887" />
		<parameter constant_type="double" name="ab_prob_chronic" type="constant" value="0.542886985331" />
		<parameter constant_type="double" name="attrition_rate" type="constant" value="0.0627880502044" />
		<parameter constant_type="double" name="burn_in_days" type="constant" value="365.0" value_nob="0" />
		<parameter constant_type="number" name="dump_network_distances" type="constant" value="-1" />
		<parameter constant_type="double" name="homophily_strength" type="constant" value="0.755483409125" />
		<parameter constant_type="number" name="initial_pwid_count" type="constant" value="32790" />
		<parameter constant_type="double" name="interaction_home_cutoff" type="constant" value="2.12869805287" />
		<parameter constant_type="double" name="interaction_rate_constant" type="constant" value="0.0111109470786" />
		<parameter constant_type="double" name="interaction_rate_at_drug_sites" type="constant" value="0.000129082452751" />
		<parameter constant_type="double" name="interaction_rate_exzone" type="constant" value="0.076504529533" />
		<parameter constant_type="double" name="mean_career_duration" type="constant" value="25.4285789634" />
        <parameter constant_type="double" name="mean_days_acute_naive" type="constant" value="100.787390133" />
		<parameter constant_type="double" name="mean_days_acute_rechallenged" type="constant" value="27.9429582965" />
		<parameter constant_type="double" name="mean_days_naive_to_infectious" type="constant" value="3.32807676078" />
		<parameter constant_type="double" name="mean_enrichment_ChicagoNonNEP" type="constant" value="0.627317678746" />
		<parameter constant_type="double" name="mean_enrichment_suburbs" type="constant" value="2.49299562893" />
		<parameter constant_type="double" name="mean_tie_lifetime" type="constant" value="757.305774232" />
		<parameter constant_type="double" name="net_inflow" type="constant" value="0.0" />
		<parameter constant_type="double" name="nonNEP_age_boost" type="constant" value="3.86236014255" />
		<parameter constant_type="double" name="nonNEP_age_started_boost" type="constant" value="1.89808134931" />
		<parameter constant_type="double" name="nonNEP_degree_boost" type="constant" value="0.216688722756" />
		<parameter constant_type="double" name="nonNEP_hcv_ab_boost" type="constant" value="0.0177863008535" />
		<parameter constant_type="double" name="nonNEP_injection_ratio" type="constant" value="0.860486469211" />
		<parameter constant_type="double" name="nonNEP_sharing_boost" type="constant" value="0.429530871691" />
		<parameter constant_type="string" name="output_directory" type="constant" value="output" />
		<parameter constant_type="double" name="prob_cessation" type="constant" value="0.278937242315" />
		<parameter constant_type="double" name="prob_infected_when_arrive" type="constant" value="0.0245364642508" />
		<parameter constant_type="double" name="prob_self_limiting_female" type="constant" value="0.303166734995" />
		<parameter constant_type="double" name="prob_self_limiting_male" type="constant" value="0.111690221596" />
		<parameter constant_type="double" name="prob_clearing" type="constant" value="0.844007043853" />
		<parameter constant_type="double" name="pwid_maturity_threshold" type="constant" value="6.043729615" />
        <parameter comment="365*5 + 365 burnin" constant_type="number" name="run_length" shortvalue="4015" type="constant" value="4040" />
        <parameter constant_type="double" name="status_report_frequency" type="constant" value="365.0" />
        <parameter constant_type="double" name="transmissibility" type="constant" value="0.018867198895" />
        <parameter constant_type="string" name="NEP_data" simulated_value="datagen/NEP_mock_2014.csv" type="constant" value="data/NEP_Risk_Base_Merge.csv" />
        <parameter constant_type="string" name="NHBS_data" simulated_value="datagen/NHBS_mock_2014.csv" type="constant" value="data/IDU2_HCV_model_012913_cleaned.csv" value2012="data/IDU3_2012-2014-04-17.csv" />
</sweep>