<sweep jobNum="61" runs="1">
		
		<parameter constant_type="double" name="ab_prob_acute" type="constant" value="0.0215174061357" />
		<parameter constant_type="double" name="ab_prob_chronic" type="constant" value="0.613124533625" />
		<parameter constant_type="double" name="attrition_rate" type="constant" value="0.0757009979863" />
		<parameter constant_type="double" name="burn_in_days" type="constant" value="365.0" value_nob="0" />
		<parameter constant_type="number" name="dump_network_distances" type="constant" value="-1" />
		<parameter constant_type="double" name="homophily_strength" type="constant" value="0.664774705194" />
		<parameter constant_type="number" name="initial_pwid_count" type="constant" value="31486" />
		<parameter constant_type="double" name="interaction_home_cutoff" type="constant" value="1.54245184145" />
		<parameter constant_type="double" name="interaction_rate_constant" type="constant" value="0.0179684605647" />
		<parameter constant_type="double" name="interaction_rate_at_drug_sites" type="constant" value="5.42838843114e-05" />
		<parameter constant_type="double" name="interaction_rate_exzone" type="constant" value="0.0878646012847" />
		<parameter constant_type="double" name="mean_career_duration" type="constant" value="23.845697871" />
        <parameter constant_type="double" name="mean_days_acute_naive" type="constant" value="107.681386641" />
		<parameter constant_type="double" name="mean_days_acute_rechallenged" type="constant" value="34.9238025201" />
		<parameter constant_type="double" name="mean_days_naive_to_infectious" type="constant" value="2.12817494777" />
		<parameter constant_type="double" name="mean_enrichment_ChicagoNonNEP" type="constant" value="0.332214102178" />
		<parameter constant_type="double" name="mean_enrichment_suburbs" type="constant" value="1.826904937" />
		<parameter constant_type="double" name="mean_tie_lifetime" type="constant" value="437.731808092" />
		<parameter constant_type="double" name="net_inflow" type="constant" value="0.0" />
		<parameter constant_type="double" name="nonNEP_age_boost" type="constant" value="4.06215677655" />
		<parameter constant_type="double" name="nonNEP_age_started_boost" type="constant" value="1.39590915019" />
		<parameter constant_type="double" name="nonNEP_degree_boost" type="constant" value="0.256329141059" />
		<parameter constant_type="double" name="nonNEP_hcv_ab_boost" type="constant" value="0.0151413037903" />
		<parameter constant_type="double" name="nonNEP_injection_ratio" type="constant" value="0.870993209073" />
		<parameter constant_type="double" name="nonNEP_sharing_boost" type="constant" value="0.252428788465" />
		<parameter constant_type="string" name="output_directory" type="constant" value="output" />
		<parameter constant_type="double" name="prob_cessation" type="constant" value="0.2873902723" />
		<parameter constant_type="double" name="prob_infected_when_arrive" type="constant" value="0.0658028812892" />
		<parameter constant_type="double" name="prob_self_limiting_female" type="constant" value="0.313034334024" />
		<parameter constant_type="double" name="prob_self_limiting_male" type="constant" value="0.129723986524" />
		<parameter constant_type="double" name="prob_clearing" type="constant" value="0.875073364393" />
		<parameter constant_type="double" name="pwid_maturity_threshold" type="constant" value="4.94865689762" />
        <parameter comment="365*5 + 365 burnin" constant_type="number" name="run_length" shortvalue="4015" type="constant" value="4040" />
        <parameter constant_type="double" name="status_report_frequency" type="constant" value="365.0" />
        <parameter constant_type="double" name="transmissibility" type="constant" value="0.0124414327831" />
        <parameter constant_type="string" name="NEP_data" simulated_value="datagen/NEP_mock_2014.csv" type="constant" value="data/NEP_Risk_Base_Merge.csv" />
        <parameter constant_type="string" name="NHBS_data" simulated_value="datagen/NHBS_mock_2014.csv" type="constant" value="data/IDU2_HCV_model_012913_cleaned.csv" value2012="data/IDU3_2012-2014-04-17.csv" />
</sweep>