<sweep jobNum="252" runs="1">
		
		<parameter constant_type="double" name="ab_prob_acute" type="constant" value="0.0113648629716" />
		<parameter constant_type="double" name="ab_prob_chronic" type="constant" value="0.549411754634" />
		<parameter constant_type="double" name="attrition_rate" type="constant" value="0.0216920373888" />
		<parameter constant_type="double" name="burn_in_days" type="constant" value="365.0" value_nob="0" />
		<parameter constant_type="number" name="dump_network_distances" type="constant" value="-1" />
		<parameter constant_type="double" name="homophily_strength" type="constant" value="0.736441780074" />
		<parameter constant_type="number" name="initial_pwid_count" type="constant" value="32234" />
		<parameter constant_type="double" name="interaction_home_cutoff" type="constant" value="2.174864036" />
		<parameter constant_type="double" name="interaction_rate_constant" type="constant" value="0.0143183281112" />
		<parameter constant_type="double" name="interaction_rate_at_drug_sites" type="constant" value="0.000117612647403" />
		<parameter constant_type="double" name="interaction_rate_exzone" type="constant" value="0.0783197149147" />
		<parameter constant_type="double" name="mean_career_duration" type="constant" value="24.8198398149" />
        <parameter constant_type="double" name="mean_days_acute_naive" type="constant" value="95.8787090931" />
		<parameter constant_type="double" name="mean_days_acute_rechallenged" type="constant" value="17.4317539235" />
		<parameter constant_type="double" name="mean_days_naive_to_infectious" type="constant" value="2.01400874214" />
		<parameter constant_type="double" name="mean_enrichment_ChicagoNonNEP" type="constant" value="0.36274323416" />
		<parameter constant_type="double" name="mean_enrichment_suburbs" type="constant" value="2.22561182988" />
		<parameter constant_type="double" name="mean_tie_lifetime" type="constant" value="429.315443529" />
		<parameter constant_type="double" name="net_inflow" type="constant" value="0.0" />
		<parameter constant_type="double" name="nonNEP_age_boost" type="constant" value="3.72455005461" />
		<parameter constant_type="double" name="nonNEP_age_started_boost" type="constant" value="2.24157593588" />
		<parameter constant_type="double" name="nonNEP_degree_boost" type="constant" value="0.268027864813" />
		<parameter constant_type="double" name="nonNEP_hcv_ab_boost" type="constant" value="0.0131670421286" />
		<parameter constant_type="double" name="nonNEP_injection_ratio" type="constant" value="0.885039697229" />
		<parameter constant_type="double" name="nonNEP_sharing_boost" type="constant" value="0.322863744325" />
		<parameter constant_type="string" name="output_directory" type="constant" value="output" />
		<parameter constant_type="double" name="prob_cessation" type="constant" value="0.277035385749" />
		<parameter constant_type="double" name="prob_infected_when_arrive" type="constant" value="0.0485165777562" />
		<parameter constant_type="double" name="prob_self_limiting_female" type="constant" value="0.390946428491" />
		<parameter constant_type="double" name="prob_self_limiting_male" type="constant" value="0.135100237951" />
		<parameter constant_type="double" name="prob_clearing" type="constant" value="0.835402710561" />
		<parameter constant_type="double" name="pwid_maturity_threshold" type="constant" value="6.40158788916" />
        <parameter comment="365*5 + 365 burnin" constant_type="number" name="run_length" shortvalue="4015" type="constant" value="4040" />
        <parameter constant_type="double" name="status_report_frequency" type="constant" value="365.0" />
        <parameter constant_type="double" name="transmissibility" type="constant" value="0.0195420146698" />
        <parameter constant_type="string" name="NEP_data" simulated_value="datagen/NEP_mock_2014.csv" type="constant" value="data/NEP_Risk_Base_Merge.csv" />
        <parameter constant_type="string" name="NHBS_data" simulated_value="datagen/NHBS_mock_2014.csv" type="constant" value="data/IDU2_HCV_model_012913_cleaned.csv" value2012="data/IDU3_2012-2014-04-17.csv" />
</sweep>