<sweep jobNum="133" runs="1">
		
		<parameter constant_type="double" name="ab_prob_acute" type="constant" value="0.0206564498652" />
		<parameter constant_type="double" name="ab_prob_chronic" type="constant" value="0.622566695684" />
		<parameter constant_type="double" name="attrition_rate" type="constant" value="0.0727509709711" />
		<parameter constant_type="double" name="burn_in_days" type="constant" value="365.0" value_nob="0" />
		<parameter constant_type="number" name="dump_network_distances" type="constant" value="-1" />
		<parameter constant_type="double" name="homophily_strength" type="constant" value="0.686554818728" />
		<parameter constant_type="number" name="initial_pwid_count" type="constant" value="30670" />
		<parameter constant_type="double" name="interaction_home_cutoff" type="constant" value="2.75279556103" />
		<parameter constant_type="double" name="interaction_rate_constant" type="constant" value="0.016703218658" />
		<parameter constant_type="double" name="interaction_rate_at_drug_sites" type="constant" value="0.000129420894684" />
		<parameter constant_type="double" name="interaction_rate_exzone" type="constant" value="0.0942281816511" />
		<parameter constant_type="double" name="mean_career_duration" type="constant" value="28.9607505341" />
        <parameter constant_type="double" name="mean_days_acute_naive" type="constant" value="112.496604536" />
		<parameter constant_type="double" name="mean_days_acute_rechallenged" type="constant" value="32.8970327256" />
		<parameter constant_type="double" name="mean_days_naive_to_infectious" type="constant" value="3.88019706692" />
		<parameter constant_type="double" name="mean_enrichment_ChicagoNonNEP" type="constant" value="0.559624428823" />
		<parameter constant_type="double" name="mean_enrichment_suburbs" type="constant" value="1.94139844516" />
		<parameter constant_type="double" name="mean_tie_lifetime" type="constant" value="610.075137519" />
		<parameter constant_type="double" name="net_inflow" type="constant" value="0.0" />
		<parameter constant_type="double" name="nonNEP_age_boost" type="constant" value="1.54858724636" />
		<parameter constant_type="double" name="nonNEP_age_started_boost" type="constant" value="1.32336317646" />
		<parameter constant_type="double" name="nonNEP_degree_boost" type="constant" value="0.185180703162" />
		<parameter constant_type="double" name="nonNEP_hcv_ab_boost" type="constant" value="0.00608123886958" />
		<parameter constant_type="double" name="nonNEP_injection_ratio" type="constant" value="0.817468894994" />
		<parameter constant_type="double" name="nonNEP_sharing_boost" type="constant" value="0.348065904557" />
		<parameter constant_type="string" name="output_directory" type="constant" value="output" />
		<parameter constant_type="double" name="prob_cessation" type="constant" value="0.231642441016" />
		<parameter constant_type="double" name="prob_infected_when_arrive" type="constant" value="0.0460004316452" />
		<parameter constant_type="double" name="prob_self_limiting_female" type="constant" value="0.319161876212" />
		<parameter constant_type="double" name="prob_self_limiting_male" type="constant" value="0.103023558604" />
		<parameter constant_type="double" name="prob_clearing" type="constant" value="0.8325135964" />
		<parameter constant_type="double" name="pwid_maturity_threshold" type="constant" value="4.02109331592" />
        <parameter comment="365*5 + 365 burnin" constant_type="number" name="run_length" shortvalue="4015" type="constant" value="4040" />
        <parameter constant_type="double" name="status_report_frequency" type="constant" value="365.0" />
        <parameter constant_type="double" name="transmissibility" type="constant" value="0.00515891193497" />
        <parameter constant_type="string" name="NEP_data" simulated_value="datagen/NEP_mock_2014.csv" type="constant" value="data/NEP_Risk_Base_Merge.csv" />
        <parameter constant_type="string" name="NHBS_data" simulated_value="datagen/NHBS_mock_2014.csv" type="constant" value="data/IDU2_HCV_model_012913_cleaned.csv" value2012="data/IDU3_2012-2014-04-17.csv" />
</sweep>