<sweep jobNum="34" runs="1">
		
		<parameter constant_type="double" name="ab_prob_acute" type="constant" value="0.0286351370284" />
		<parameter constant_type="double" name="ab_prob_chronic" type="constant" value="0.546191539264" />
		<parameter constant_type="double" name="attrition_rate" type="constant" value="0.029799860268" />
		<parameter constant_type="double" name="burn_in_days" type="constant" value="365.0" value_nob="0" />
		<parameter constant_type="number" name="dump_network_distances" type="constant" value="-1" />
		<parameter constant_type="double" name="homophily_strength" type="constant" value="0.759521380013" />
		<parameter constant_type="number" name="initial_pwid_count" type="constant" value="31948" />
		<parameter constant_type="double" name="interaction_home_cutoff" type="constant" value="2.00285208517" />
		<parameter constant_type="double" name="interaction_rate_constant" type="constant" value="0.018149972476" />
		<parameter constant_type="double" name="interaction_rate_at_drug_sites" type="constant" value="8.98049045675e-05" />
		<parameter constant_type="double" name="interaction_rate_exzone" type="constant" value="0.0835514836372" />
		<parameter constant_type="double" name="mean_career_duration" type="constant" value="15.7689680133" />
        <parameter constant_type="double" name="mean_days_acute_naive" type="constant" value="121.00974948" />
		<parameter constant_type="double" name="mean_days_acute_rechallenged" type="constant" value="28.0570417035" />
		<parameter constant_type="double" name="mean_days_naive_to_infectious" type="constant" value="3.6576871248" />
		<parameter constant_type="double" name="mean_enrichment_ChicagoNonNEP" type="constant" value="0.486871002696" />
		<parameter constant_type="double" name="mean_enrichment_suburbs" type="constant" value="1.52073065605" />
		<parameter constant_type="double" name="mean_tie_lifetime" type="constant" value="416.388233342" />
		<parameter constant_type="double" name="net_inflow" type="constant" value="0.0" />
		<parameter constant_type="double" name="nonNEP_age_boost" type="constant" value="3.27098856836" />
		<parameter constant_type="double" name="nonNEP_age_started_boost" type="constant" value="2.21533960744" />
		<parameter constant_type="double" name="nonNEP_degree_boost" type="constant" value="0.312284058837" />
		<parameter constant_type="double" name="nonNEP_hcv_ab_boost" type="constant" value="0.00426072864184" />
		<parameter constant_type="double" name="nonNEP_injection_ratio" type="constant" value="0.883954139411" />
		<parameter constant_type="double" name="nonNEP_sharing_boost" type="constant" value="0.388164905501" />
		<parameter constant_type="string" name="output_directory" type="constant" value="output" />
		<parameter constant_type="double" name="prob_cessation" type="constant" value="0.217331625121" />
		<parameter constant_type="double" name="prob_infected_when_arrive" type="constant" value="0.0351791841186" />
		<parameter constant_type="double" name="prob_self_limiting_female" type="constant" value="0.378631013417" />
		<parameter constant_type="double" name="prob_self_limiting_male" type="constant" value="0.130610292906" />
		<parameter constant_type="double" name="prob_clearing" type="constant" value="0.810492796777" />
		<parameter constant_type="double" name="pwid_maturity_threshold" type="constant" value="5.81487360372" />
        <parameter comment="365*5 + 365 burnin" constant_type="number" name="run_length" shortvalue="4015" type="constant" value="4040" />
        <parameter constant_type="double" name="status_report_frequency" type="constant" value="365.0" />
        <parameter constant_type="double" name="transmissibility" type="constant" value="0.0146415556706" />
        <parameter constant_type="string" name="NEP_data" simulated_value="datagen/NEP_mock_2014.csv" type="constant" value="data/NEP_Risk_Base_Merge.csv" />
        <parameter constant_type="string" name="NHBS_data" simulated_value="datagen/NHBS_mock_2014.csv" type="constant" value="data/IDU2_HCV_model_012913_cleaned.csv" value2012="data/IDU3_2012-2014-04-17.csv" />
</sweep>