<sweep jobNum="269" runs="1">
		
		<parameter constant_type="double" name="ab_prob_acute" type="constant" value="0.0138423067723" />
		<parameter constant_type="double" name="ab_prob_chronic" type="constant" value="0.55460799787" />
		<parameter constant_type="double" name="attrition_rate" type="constant" value="0.0413484296948" />
		<parameter constant_type="double" name="burn_in_days" type="constant" value="365.0" value_nob="0" />
		<parameter constant_type="number" name="dump_network_distances" type="constant" value="-1" />
		<parameter constant_type="double" name="homophily_strength" type="constant" value="0.756819050221" />
		<parameter constant_type="number" name="initial_pwid_count" type="constant" value="32966" />
		<parameter constant_type="double" name="interaction_home_cutoff" type="constant" value="2.8069176459" />
		<parameter constant_type="double" name="interaction_rate_constant" type="constant" value="0.0129079623553" />
		<parameter constant_type="double" name="interaction_rate_at_drug_sites" type="constant" value="6.74688949938e-05" />
		<parameter constant_type="double" name="interaction_rate_exzone" type="constant" value="0.0898891234214" />
		<parameter constant_type="double" name="mean_career_duration" type="constant" value="27.4489568528" />
        <parameter constant_type="double" name="mean_days_acute_naive" type="constant" value="84.1136716845" />
		<parameter constant_type="double" name="mean_days_acute_rechallenged" type="constant" value="31.0348122715" />
		<parameter constant_type="double" name="mean_days_naive_to_infectious" type="constant" value="2.32808320975" />
		<parameter constant_type="double" name="mean_enrichment_ChicagoNonNEP" type="constant" value="0.310090590659" />
		<parameter constant_type="double" name="mean_enrichment_suburbs" type="constant" value="1.62360221949" />
		<parameter constant_type="double" name="mean_tie_lifetime" type="constant" value="671.658904102" />
		<parameter constant_type="double" name="net_inflow" type="constant" value="0.0" />
		<parameter constant_type="double" name="nonNEP_age_boost" type="constant" value="1.82483730909" />
		<parameter constant_type="double" name="nonNEP_age_started_boost" type="constant" value="2.02807676078" />
		<parameter constant_type="double" name="nonNEP_degree_boost" type="constant" value="0.252294855055" />
		<parameter constant_type="double" name="nonNEP_hcv_ab_boost" type="constant" value="0.00939186963626" />
		<parameter constant_type="double" name="nonNEP_injection_ratio" type="constant" value="0.835093892794" />
		<parameter constant_type="double" name="nonNEP_sharing_boost" type="constant" value="0.302564912893" />
		<parameter constant_type="string" name="output_directory" type="constant" value="output" />
		<parameter constant_type="double" name="prob_cessation" type="constant" value="0.308692370383" />
		<parameter constant_type="double" name="prob_infected_when_arrive" type="constant" value="0.0670440860815" />
		<parameter constant_type="double" name="prob_self_limiting_female" type="constant" value="0.351138489425" />
		<parameter constant_type="double" name="prob_self_limiting_male" type="constant" value="0.11700457744" />
		<parameter constant_type="double" name="prob_clearing" type="constant" value="0.898945334204" />
		<parameter constant_type="double" name="pwid_maturity_threshold" type="constant" value="6.62968430713" />
        <parameter comment="365*5 + 365 burnin" constant_type="number" name="run_length" shortvalue="4015" type="constant" value="4040" />
        <parameter constant_type="double" name="status_report_frequency" type="constant" value="365.0" />
        <parameter constant_type="double" name="transmissibility" type="constant" value="0.0273586757909" />
        <parameter constant_type="string" name="NEP_data" simulated_value="datagen/NEP_mock_2014.csv" type="constant" value="data/NEP_Risk_Base_Merge.csv" />
        <parameter constant_type="string" name="NHBS_data" simulated_value="datagen/NHBS_mock_2014.csv" type="constant" value="data/IDU2_HCV_model_012913_cleaned.csv" value2012="data/IDU3_2012-2014-04-17.csv" />
</sweep>