<sweep jobNum="221" runs="1">
		
		<parameter constant_type="double" name="ab_prob_acute" type="constant" value="0.0161723262705" />
		<parameter constant_type="double" name="ab_prob_chronic" type="constant" value="0.586600288039" />
		<parameter constant_type="double" name="attrition_rate" type="constant" value="0.014918271297" />
		<parameter constant_type="double" name="burn_in_days" type="constant" value="365.0" value_nob="0" />
		<parameter constant_type="number" name="dump_network_distances" type="constant" value="-1" />
		<parameter constant_type="double" name="homophily_strength" type="constant" value="0.687130194713" />
		<parameter constant_type="number" name="initial_pwid_count" type="constant" value="32074" />
		<parameter constant_type="double" name="interaction_home_cutoff" type="constant" value="1.11980293308" />
		<parameter constant_type="double" name="interaction_rate_constant" type="constant" value="0.0187452889513" />
		<parameter constant_type="double" name="interaction_rate_at_drug_sites" type="constant" value="9.09670477214e-05" />
		<parameter constant_type="double" name="interaction_rate_exzone" type="constant" value="0.0933773532547" />
		<parameter constant_type="double" name="mean_career_duration" type="constant" value="30.763618189" />
        <parameter constant_type="double" name="mean_days_acute_naive" type="constant" value="89.2790930913" />
		<parameter constant_type="double" name="mean_days_acute_rechallenged" type="constant" value="28.8558855578" />
		<parameter constant_type="double" name="mean_days_naive_to_infectious" type="constant" value="2.62947960296" />
		<parameter constant_type="double" name="mean_enrichment_ChicagoNonNEP" type="constant" value="0.610966818251" />
		<parameter constant_type="double" name="mean_enrichment_suburbs" type="constant" value="1.79937662561" />
		<parameter constant_type="double" name="mean_tie_lifetime" type="constant" value="391.59732645" />
		<parameter constant_type="double" name="net_inflow" type="constant" value="0.0" />
		<parameter constant_type="double" name="nonNEP_age_boost" type="constant" value="2.14771424669" />
		<parameter constant_type="double" name="nonNEP_age_started_boost" type="constant" value="1.0064793653" />
		<parameter constant_type="double" name="nonNEP_degree_boost" type="constant" value="0.275225294806" />
		<parameter constant_type="double" name="nonNEP_hcv_ab_boost" type="constant" value="0.00267486755115" />
		<parameter constant_type="double" name="nonNEP_injection_ratio" type="constant" value="0.8320835627" />
		<parameter constant_type="double" name="nonNEP_sharing_boost" type="constant" value="0.247718183489" />
		<parameter constant_type="string" name="output_directory" type="constant" value="output" />
		<parameter constant_type="double" name="prob_cessation" type="constant" value="0.206855557074" />
		<parameter constant_type="double" name="prob_infected_when_arrive" type="constant" value="0.029646548946" />
		<parameter constant_type="double" name="prob_self_limiting_female" type="constant" value="0.374513652405" />
		<parameter constant_type="double" name="prob_self_limiting_male" type="constant" value="0.108096262865" />
		<parameter constant_type="double" name="prob_clearing" type="constant" value="0.92990434899" />
		<parameter constant_type="double" name="pwid_maturity_threshold" type="constant" value="3.11873694387" />
        <parameter comment="365*5 + 365 burnin" constant_type="number" name="run_length" shortvalue="4015" type="constant" value="4040" />
        <parameter constant_type="double" name="status_report_frequency" type="constant" value="365.0" />
        <parameter constant_type="double" name="transmissibility" type="constant" value="0.0157037255774" />
        <parameter constant_type="string" name="NEP_data" simulated_value="datagen/NEP_mock_2014.csv" type="constant" value="data/NEP_Risk_Base_Merge.csv" />
        <parameter constant_type="string" name="NHBS_data" simulated_value="datagen/NHBS_mock_2014.csv" type="constant" value="data/IDU2_HCV_model_012913_cleaned.csv" value2012="data/IDU3_2012-2014-04-17.csv" />
</sweep>