<sweep jobNum="131" runs="1">
		
		<parameter constant_type="double" name="ab_prob_acute" type="constant" value="0.0226843271872" />
		<parameter constant_type="double" name="ab_prob_chronic" type="constant" value="0.65626978053" />
		<parameter constant_type="double" name="attrition_rate" type="constant" value="0.0317688573156" />
		<parameter constant_type="double" name="burn_in_days" type="constant" value="365.0" value_nob="0" />
		<parameter constant_type="number" name="dump_network_distances" type="constant" value="-1" />
		<parameter constant_type="double" name="homophily_strength" type="constant" value="0.741986418146" />
		<parameter constant_type="number" name="initial_pwid_count" type="constant" value="33301" />
		<parameter constant_type="double" name="interaction_home_cutoff" type="constant" value="2.67908278823" />
		<parameter constant_type="double" name="interaction_rate_constant" type="constant" value="0.013850027524" />
		<parameter constant_type="double" name="interaction_rate_at_drug_sites" type="constant" value="0.00010729864472" />
		<parameter constant_type="double" name="interaction_rate_exzone" type="constant" value="0.079137161708" />
		<parameter constant_type="double" name="mean_career_duration" type="constant" value="22.9047187193" />
        <parameter constant_type="double" name="mean_days_acute_naive" type="constant" value="99.2134616222" />
		<parameter constant_type="double" name="mean_days_acute_rechallenged" type="constant" value="17.823274473" />
		<parameter constant_type="double" name="mean_days_naive_to_infectious" type="constant" value="3.20390190865" />
		<parameter constant_type="double" name="mean_enrichment_ChicagoNonNEP" type="constant" value="0.492582888781" />
		<parameter constant_type="double" name="mean_enrichment_suburbs" type="constant" value="1.99857395741" />
		<parameter constant_type="double" name="mean_tie_lifetime" type="constant" value="786.023284156" />
		<parameter constant_type="double" name="net_inflow" type="constant" value="0.0" />
		<parameter constant_type="double" name="nonNEP_age_boost" type="constant" value="1.74160576633" />
		<parameter constant_type="double" name="nonNEP_age_started_boost" type="constant" value="1.74850439469" />
		<parameter constant_type="double" name="nonNEP_degree_boost" type="constant" value="0.254597289439" />
		<parameter constant_type="double" name="nonNEP_hcv_ab_boost" type="constant" value="0.0105922966792" />
		<parameter constant_type="double" name="nonNEP_injection_ratio" type="constant" value="0.809257892322" />
		<parameter constant_type="double" name="nonNEP_sharing_boost" type="constant" value="0.343445181272" />
		<parameter constant_type="string" name="output_directory" type="constant" value="output" />
		<parameter constant_type="double" name="prob_cessation" type="constant" value="0.262926556083" />
		<parameter constant_type="double" name="prob_infected_when_arrive" type="constant" value="0.0385513483894" />
		<parameter constant_type="double" name="prob_self_limiting_female" type="constant" value="0.325839357605" />
		<parameter constant_type="double" name="prob_self_limiting_male" type="constant" value="0.109063874479" />
		<parameter constant_type="double" name="prob_clearing" type="constant" value="0.912267895688" />
		<parameter constant_type="double" name="pwid_maturity_threshold" type="constant" value="5.18851614251" />
        <parameter comment="365*5 + 365 burnin" constant_type="number" name="run_length" shortvalue="4015" type="constant" value="4040" />
        <parameter constant_type="double" name="status_report_frequency" type="constant" value="365.0" />
        <parameter constant_type="double" name="transmissibility" type="constant" value="0.0204554451281" />
        <parameter constant_type="string" name="NEP_data" simulated_value="datagen/NEP_mock_2014.csv" type="constant" value="data/NEP_Risk_Base_Merge.csv" />
        <parameter constant_type="string" name="NHBS_data" simulated_value="datagen/NHBS_mock_2014.csv" type="constant" value="data/IDU2_HCV_model_012913_cleaned.csv" value2012="data/IDU3_2012-2014-04-17.csv" />
</sweep>