<sweep jobNum="138" runs="1">
		
		<parameter constant_type="double" name="ab_prob_acute" type="constant" value="0.0179027061577" />
		<parameter constant_type="double" name="ab_prob_chronic" type="constant" value="0.676269227955" />
		<parameter constant_type="double" name="attrition_rate" type="constant" value="0.0141896155864" />
		<parameter constant_type="double" name="burn_in_days" type="constant" value="365.0" value_nob="0" />
		<parameter constant_type="number" name="dump_network_distances" type="constant" value="-1" />
		<parameter constant_type="double" name="homophily_strength" type="constant" value="0.667793689454" />
		<parameter constant_type="number" name="initial_pwid_count" type="constant" value="31084" />
		<parameter constant_type="double" name="interaction_home_cutoff" type="constant" value="1.15293270878" />
		<parameter constant_type="double" name="interaction_rate_constant" type="constant" value="0.0131017997816" />
		<parameter constant_type="double" name="interaction_rate_at_drug_sites" type="constant" value="7.22582954374e-05" />
		<parameter constant_type="double" name="interaction_rate_exzone" type="constant" value="0.0774473842009" />
		<parameter constant_type="double" name="mean_career_duration" type="constant" value="32.639376212" />
        <parameter constant_type="double" name="mean_days_acute_naive" type="constant" value="92.7369900741" />
		<parameter constant_type="double" name="mean_days_acute_rechallenged" type="constant" value="33.2504790655" />
		<parameter constant_type="double" name="mean_days_naive_to_infectious" type="constant" value="3.5023543949" />
		<parameter constant_type="double" name="mean_enrichment_ChicagoNonNEP" type="constant" value="0.478855273473" />
		<parameter constant_type="double" name="mean_enrichment_suburbs" type="constant" value="2.14608202019" />
		<parameter constant_type="double" name="mean_tie_lifetime" type="constant" value="770.543865183" />
		<parameter constant_type="double" name="net_inflow" type="constant" value="0.0" />
		<parameter constant_type="double" name="nonNEP_age_boost" type="constant" value="2.36084677194" />
		<parameter constant_type="double" name="nonNEP_age_started_boost" type="constant" value="2.45279556103" />
		<parameter constant_type="double" name="nonNEP_degree_boost" type="constant" value="0.283862830295" />
		<parameter constant_type="double" name="nonNEP_hcv_ab_boost" type="constant" value="0.00990816675252" />
		<parameter constant_type="double" name="nonNEP_injection_ratio" type="constant" value="0.848431097868" />
		<parameter constant_type="double" name="nonNEP_sharing_boost" type="constant" value="0.42495470467" />
		<parameter constant_type="string" name="output_directory" type="constant" value="output" />
		<parameter constant_type="double" name="prob_cessation" type="constant" value="0.248831641627" />
		<parameter constant_type="double" name="prob_infected_when_arrive" type="constant" value="0.0852078826766" />
		<parameter constant_type="double" name="prob_self_limiting_female" type="constant" value="0.373184390753" />
		<parameter constant_type="double" name="prob_self_limiting_male" type="constant" value="0.121704410379" />
		<parameter constant_type="double" name="prob_clearing" type="constant" value="0.820783595961" />
		<parameter constant_type="double" name="pwid_maturity_threshold" type="constant" value="3.6561664195" />
        <parameter comment="365*5 + 365 burnin" constant_type="number" name="run_length" shortvalue="4015" type="constant" value="4040" />
        <parameter constant_type="double" name="status_report_frequency" type="constant" value="365.0" />
        <parameter constant_type="double" name="transmissibility" type="constant" value="0.0272197143011" />
        <parameter constant_type="string" name="NEP_data" simulated_value="datagen/NEP_mock_2014.csv" type="constant" value="data/NEP_Risk_Base_Merge.csv" />
        <parameter constant_type="string" name="NHBS_data" simulated_value="datagen/NHBS_mock_2014.csv" type="constant" value="data/IDU2_HCV_model_012913_cleaned.csv" value2012="data/IDU3_2012-2014-04-17.csv" />
</sweep>