<sweep jobNum="215" runs="1">
		
		<parameter constant_type="double" name="ab_prob_acute" type="constant" value="0.0143850022438" />
		<parameter constant_type="double" name="ab_prob_chronic" type="constant" value="0.518077819523" />
		<parameter constant_type="double" name="attrition_rate" type="constant" value="0.0515061083062" />
		<parameter constant_type="double" name="burn_in_days" type="constant" value="365.0" value_nob="0" />
		<parameter constant_type="number" name="dump_network_distances" type="constant" value="-1" />
		<parameter constant_type="double" name="homophily_strength" type="constant" value="0.65550828416" />
		<parameter constant_type="number" name="initial_pwid_count" type="constant" value="32940" />
		<parameter constant_type="double" name="interaction_home_cutoff" type="constant" value="2.9495470467" />
		<parameter constant_type="double" name="interaction_rate_constant" type="constant" value="0.0135181449626" />
		<parameter constant_type="double" name="interaction_rate_at_drug_sites" type="constant" value="0.000115803053742" />
		<parameter constant_type="double" name="interaction_rate_exzone" type="constant" value="0.0808466039256" />
		<parameter constant_type="double" name="mean_career_duration" type="constant" value="20.7140950593" />
        <parameter constant_type="double" name="mean_days_acute_naive" type="constant" value="90.4027246933" />
		<parameter constant_type="double" name="mean_days_acute_rechallenged" type="constant" value="29.5416492167" />
		<parameter constant_type="double" name="mean_days_naive_to_infectious" type="constant" value="3.22725546563" />
		<parameter constant_type="double" name="mean_enrichment_ChicagoNonNEP" type="constant" value="0.347922004157" />
		<parameter constant_type="double" name="mean_enrichment_suburbs" type="constant" value="1.56824314858" />
		<parameter constant_type="double" name="mean_tie_lifetime" type="constant" value="835.36533265" />
		<parameter constant_type="double" name="net_inflow" type="constant" value="0.0" />
		<parameter constant_type="double" name="nonNEP_age_boost" type="constant" value="3.29712202397" />
		<parameter constant_type="double" name="nonNEP_age_started_boost" type="constant" value="1.0911110368" />
		<parameter constant_type="double" name="nonNEP_degree_boost" type="constant" value="0.213156728128" />
		<parameter constant_type="double" name="nonNEP_hcv_ab_boost" type="constant" value="0.0153903249557" />
		<parameter constant_type="double" name="nonNEP_injection_ratio" type="constant" value="0.897926934395" />
		<parameter constant_type="double" name="nonNEP_sharing_boost" type="constant" value="0.397908278823" />
		<parameter constant_type="string" name="output_directory" type="constant" value="output" />
		<parameter constant_type="double" name="prob_cessation" type="constant" value="0.217907888912" />
		<parameter constant_type="double" name="prob_infected_when_arrive" type="constant" value="0.0397350264259" />
		<parameter constant_type="double" name="prob_self_limiting_female" type="constant" value="0.382238624641" />
		<parameter constant_type="double" name="prob_self_limiting_male" type="constant" value="0.111435411045" />
		<parameter constant_type="double" name="prob_clearing" type="constant" value="0.891986418146" />
		<parameter constant_type="double" name="pwid_maturity_threshold" type="constant" value="4.42756741947" />
        <parameter comment="365*5 + 365 burnin" constant_type="number" name="run_length" shortvalue="4015" type="constant" value="4040" />
        <parameter constant_type="double" name="status_report_frequency" type="constant" value="365.0" />
        <parameter constant_type="double" name="transmissibility" type="constant" value="0.0226996320401" />
        <parameter constant_type="string" name="NEP_data" simulated_value="datagen/NEP_mock_2014.csv" type="constant" value="data/NEP_Risk_Base_Merge.csv" />
        <parameter constant_type="string" name="NHBS_data" simulated_value="datagen/NHBS_mock_2014.csv" type="constant" value="data/IDU2_HCV_model_012913_cleaned.csv" value2012="data/IDU3_2012-2014-04-17.csv" />
</sweep>