<sweep jobNum="277" runs="1">
		
		<parameter constant_type="double" name="ab_prob_acute" type="constant" value="0.0194007043853" />
		<parameter constant_type="double" name="ab_prob_chronic" type="constant" value="0.718744093464" />
		<parameter constant_type="double" name="attrition_rate" type="constant" value="0.0321293288816" />
		<parameter constant_type="double" name="burn_in_days" type="constant" value="365.0" value_nob="0" />
		<parameter constant_type="number" name="dump_network_distances" type="constant" value="-1" />
		<parameter constant_type="double" name="homophily_strength" type="constant" value="0.626226467453" />
		<parameter constant_type="number" name="initial_pwid_count" type="constant" value="33661" />
		<parameter constant_type="double" name="interaction_home_cutoff" type="constant" value="2.76038997922" />
		<parameter constant_type="double" name="interaction_rate_constant" type="constant" value="0.0178963664491" />
		<parameter constant_type="double" name="interaction_rate_at_drug_sites" type="constant" value="5.76466354389e-05" />
		<parameter constant_type="double" name="interaction_rate_exzone" type="constant" value="0.0767697896957" />
		<parameter constant_type="double" name="mean_career_duration" type="constant" value="18.473771144" />
        <parameter constant_type="double" name="mean_days_acute_naive" type="constant" value="81.8270588524" />
		<parameter constant_type="double" name="mean_days_acute_rechallenged" type="constant" value="42.7547065093" />
		<parameter constant_type="double" name="mean_days_naive_to_infectious" type="constant" value="3.67191679025" />
		<parameter constant_type="double" name="mean_enrichment_ChicagoNonNEP" type="constant" value="0.59024473195" />
		<parameter constant_type="double" name="mean_enrichment_suburbs" type="constant" value="1.55568438272" />
		<parameter constant_type="double" name="mean_tie_lifetime" type="constant" value="801.936067766" />
		<parameter constant_type="double" name="net_inflow" type="constant" value="0.0" />
		<parameter constant_type="double" name="nonNEP_age_boost" type="constant" value="2.23674558548" />
		<parameter constant_type="double" name="nonNEP_age_started_boost" type="constant" value="1.98621629026" />
		<parameter constant_type="double" name="nonNEP_degree_boost" type="constant" value="0.223092510716" />
		<parameter constant_type="double" name="nonNEP_hcv_ab_boost" type="constant" value="0.00337791768597" />
		<parameter constant_type="double" name="nonNEP_injection_ratio" type="constant" value="0.893591252611" />
		<parameter constant_type="double" name="nonNEP_sharing_boost" type="constant" value="0.294774705194" />
		<parameter constant_type="string" name="output_directory" type="constant" value="output" />
		<parameter constant_type="double" name="prob_cessation" type="constant" value="0.143045904481" />
		<parameter constant_type="double" name="prob_infected_when_arrive" type="constant" value="0.0270037295321" />
		<parameter constant_type="double" name="prob_self_limiting_female" type="constant" value="0.316831559015" />
		<parameter constant_type="double" name="prob_self_limiting_male" type="constant" value="0.132176103023" />
		<parameter constant_type="double" name="prob_clearing" type="constant" value="0.872725546563" />
		<parameter constant_type="double" name="pwid_maturity_threshold" type="constant" value="4.60383730138" />
        <parameter comment="365*5 + 365 burnin" constant_type="number" name="run_length" shortvalue="4015" type="constant" value="4040" />
        <parameter constant_type="double" name="status_report_frequency" type="constant" value="365.0" />
        <parameter constant_type="double" name="transmissibility" type="constant" value="0.0327468437489" />
        <parameter constant_type="string" name="NEP_data" simulated_value="datagen/NEP_mock_2014.csv" type="constant" value="data/NEP_Risk_Base_Merge.csv" />
        <parameter constant_type="string" name="NHBS_data" simulated_value="datagen/NHBS_mock_2014.csv" type="constant" value="data/IDU2_HCV_model_012913_cleaned.csv" value2012="data/IDU3_2012-2014-04-17.csv" />
</sweep>