<sweep jobNum="71" runs="1">
		
		<parameter constant_type="double" name="ab_prob_acute" type="constant" value="0.0200285208517" />
		<parameter constant_type="double" name="ab_prob_chronic" type="constant" value="0.57808762643" />
		<parameter constant_type="double" name="attrition_rate" type="constant" value="0.0680970033435" />
		<parameter constant_type="double" name="burn_in_days" type="constant" value="365.0" value_nob="0" />
		<parameter constant_type="number" name="dump_network_distances" type="constant" value="-1" />
		<parameter constant_type="double" name="homophily_strength" type="constant" value="0.716329141059" />
		<parameter constant_type="number" name="initial_pwid_count" type="constant" value="31627" />
		<parameter constant_type="double" name="interaction_home_cutoff" type="constant" value="1.99714791483" />
		<parameter constant_type="double" name="interaction_rate_constant" type="constant" value="0.0100281476985" />
		<parameter constant_type="double" name="interaction_rate_at_drug_sites" type="constant" value="0.000103282249326" />
		<parameter constant_type="double" name="interaction_rate_exzone" type="constant" value="0.0934524431439" />
		<parameter constant_type="double" name="mean_career_duration" type="constant" value="28.7732931167" />
        <parameter constant_type="double" name="mean_days_acute_naive" type="constant" value="87.7952374448" />
		<parameter constant_type="double" name="mean_days_acute_rechallenged" type="constant" value="31.1502677022" />
		<parameter constant_type="double" name="mean_days_naive_to_infectious" type="constant" value="2.90001079113" />
		<parameter constant_type="double" name="mean_enrichment_ChicagoNonNEP" type="constant" value="0.501711269664" />
		<parameter constant_type="double" name="mean_enrichment_suburbs" type="constant" value="2.03282249326" />
		<parameter constant_type="double" name="mean_tie_lifetime" type="constant" value="354.912370957" />
		<parameter constant_type="double" name="net_inflow" type="constant" value="0.0" />
		<parameter constant_type="double" name="nonNEP_age_boost" type="constant" value="4.37148347066" />
		<parameter constant_type="double" name="nonNEP_age_started_boost" type="constant" value="1.21054665796" />
		<parameter constant_type="double" name="nonNEP_degree_boost" type="constant" value="0.234578390656" />
		<parameter constant_type="double" name="nonNEP_hcv_ab_boost" type="constant" value="0.00720665903892" />
		<parameter constant_type="double" name="nonNEP_injection_ratio" type="constant" value="0.807646635439" />
		<parameter constant_type="double" name="nonNEP_sharing_boost" type="constant" value="0.236820984301" />
		<parameter constant_type="string" name="output_directory" type="constant" value="output" />
		<parameter constant_type="double" name="prob_cessation" type="constant" value="0.255819875465" />
		<parameter constant_type="double" name="prob_infected_when_arrive" type="constant" value="0.0619248857647" />
		<parameter constant_type="double" name="prob_self_limiting_female" type="constant" value="0.335981035534" />
		<parameter constant_type="double" name="prob_self_limiting_male" type="constant" value="0.1291013396" />
		<parameter constant_type="double" name="prob_clearing" type="constant" value="0.778454686738" />
		<parameter constant_type="double" name="pwid_maturity_threshold" type="constant" value="5.92778202454" />
        <parameter comment="365*5 + 365 burnin" constant_type="number" name="run_length" shortvalue="4015" type="constant" value="4040" />
        <parameter constant_type="double" name="status_report_frequency" type="constant" value="365.0" />
        <parameter constant_type="double" name="transmissibility" type="constant" value="0.0261306388018" />
        <parameter constant_type="string" name="NEP_data" simulated_value="datagen/NEP_mock_2014.csv" type="constant" value="data/NEP_Risk_Base_Merge.csv" />
        <parameter constant_type="string" name="NHBS_data" simulated_value="datagen/NHBS_mock_2014.csv" type="constant" value="data/IDU2_HCV_model_012913_cleaned.csv" value2012="data/IDU3_2012-2014-04-17.csv" />
</sweep>