<sweep jobNum="19" runs="1">
		
		<parameter constant_type="double" name="ab_prob_acute" type="constant" value="0.0287182505223" />
		<parameter constant_type="double" name="ab_prob_chronic" type="constant" value="0.594742519232" />
		<parameter constant_type="double" name="attrition_rate" type="constant" value="0.0427529070325" />
		<parameter constant_type="double" name="burn_in_days" type="constant" value="365.0" value_nob="0" />
		<parameter constant_type="number" name="dump_network_distances" type="constant" value="-1" />
		<parameter constant_type="double" name="homophily_strength" type="constant" value="0.711720310967" />
		<parameter constant_type="number" name="initial_pwid_count" type="constant" value="33811" />
		<parameter constant_type="double" name="interaction_home_cutoff" type="constant" value="2.85526157991" />
		<parameter constant_type="double" name="interaction_rate_constant" type="constant" value="0.0174691098177" />
		<parameter constant_type="double" name="interaction_rate_at_drug_sites" type="constant" value="8.20835627003e-05" />
		<parameter constant_type="double" name="interaction_rate_exzone" type="constant" value="0.0800478619987" />
		<parameter constant_type="double" name="mean_career_duration" type="constant" value="19.044181606" />
        <parameter constant_type="double" name="mean_days_acute_naive" type="constant" value="80.2043736943" />
		<parameter constant_type="double" name="mean_days_acute_rechallenged" type="constant" value="29.9997841774" />
		<parameter constant_type="double" name="mean_days_naive_to_infectious" type="constant" value="2.9857391101" />
		<parameter constant_type="double" name="mean_enrichment_ChicagoNonNEP" type="constant" value="0.519997841774" />
		<parameter constant_type="double" name="mean_enrichment_suburbs" type="constant" value="2.00998294779" />
		<parameter constant_type="double" name="mean_tie_lifetime" type="constant" value="755.435628172" />
		<parameter constant_type="double" name="net_inflow" type="constant" value="0.0" />
		<parameter constant_type="double" name="nonNEP_age_boost" type="constant" value="3.58336851321" />
		<parameter constant_type="double" name="nonNEP_age_started_boost" type="constant" value="1.03521486862" />
		<parameter constant_type="double" name="nonNEP_degree_boost" type="constant" value="0.328019706692" />
		<parameter constant_type="double" name="nonNEP_hcv_ab_boost" type="constant" value="0.0104784937354" />
		<parameter constant_type="double" name="nonNEP_injection_ratio" type="constant" value="0.806408747389" />
		<parameter constant_type="double" name="nonNEP_sharing_boost" type="constant" value="0.391576932277" />
		<parameter constant_type="string" name="output_directory" type="constant" value="output" />
		<parameter constant_type="double" name="prob_cessation" type="constant" value="0.272658932756" />
		<parameter constant_type="double" name="prob_infected_when_arrive" type="constant" value="0.0645767120296" />
		<parameter constant_type="double" name="prob_self_limiting_female" type="constant" value="0.333059021251" />
		<parameter constant_type="double" name="prob_self_limiting_male" type="constant" value="0.110399916855" />
		<parameter constant_type="double" name="prob_clearing" type="constant" value="0.923773532547" />
		<parameter constant_type="double" name="pwid_maturity_threshold" type="constant" value="5.16560977597" />
        <parameter comment="365*5 + 365 burnin" constant_type="number" name="run_length" shortvalue="4015" type="constant" value="4040" />
        <parameter constant_type="double" name="status_report_frequency" type="constant" value="365.0" />
        <parameter constant_type="double" name="transmissibility" type="constant" value="0.0203403507328" />
        <parameter constant_type="string" name="NEP_data" simulated_value="datagen/NEP_mock_2014.csv" type="constant" value="data/NEP_Risk_Base_Merge.csv" />
        <parameter constant_type="string" name="NHBS_data" simulated_value="datagen/NHBS_mock_2014.csv" type="constant" value="data/IDU2_HCV_model_012913_cleaned.csv" value2012="data/IDU3_2012-2014-04-17.csv" />
</sweep>