<sweep jobNum="247" runs="1">
		
		<parameter constant_type="double" name="ab_prob_acute" type="constant" value="0.0220972938423" />
		<parameter constant_type="double" name="ab_prob_chronic" type="constant" value="0.647523458943" />
		<parameter constant_type="double" name="attrition_rate" type="constant" value="0.0163641857404" />
		<parameter constant_type="double" name="burn_in_days" type="constant" value="365.0" value_nob="0" />
		<parameter constant_type="number" name="dump_network_distances" type="constant" value="-1" />
		<parameter constant_type="double" name="homophily_strength" type="constant" value="0.683670858941" />
		<parameter constant_type="number" name="initial_pwid_count" type="constant" value="30386" />
		<parameter constant_type="double" name="interaction_home_cutoff" type="constant" value="1.27715941163" />
		<parameter constant_type="double" name="interaction_rate_constant" type="constant" value="0.0204264119528" />
		<parameter constant_type="double" name="interaction_rate_at_drug_sites" type="constant" value="7.74388170125e-05" />
		<parameter constant_type="double" name="interaction_rate_exzone" type="constant" value="0.0882725546563" />
		<parameter constant_type="double" name="mean_career_duration" type="constant" value="19.3207599225" />
        <parameter constant_type="double" name="mean_days_acute_naive" type="constant" value="99.0699222581" />
		<parameter constant_type="double" name="mean_days_acute_rechallenged" type="constant" value="43.514242307" />
		<parameter constant_type="double" name="mean_days_naive_to_infectious" type="constant" value="2.13648629716" />
		<parameter constant_type="double" name="mean_enrichment_ChicagoNonNEP" type="constant" value="0.48572748865" />
		<parameter constant_type="double" name="mean_enrichment_suburbs" type="constant" value="1.75205322426" />
		<parameter constant_type="double" name="mean_tie_lifetime" type="constant" value="604.945212576" />
		<parameter constant_type="double" name="net_inflow" type="constant" value="0.0" />
		<parameter constant_type="double" name="nonNEP_age_boost" type="constant" value="2.21720278875" />
		<parameter constant_type="double" name="nonNEP_age_started_boost" type="constant" value="1.74279427789" />
		<parameter constant_type="double" name="nonNEP_degree_boost" type="constant" value="0.197389784796" />
		<parameter constant_type="double" name="nonNEP_hcv_ab_boost" type="constant" value="0.0125309214407" />
		<parameter constant_type="double" name="nonNEP_injection_ratio" type="constant" value="0.868220890037" />
		<parameter constant_type="double" name="nonNEP_sharing_boost" type="constant" value="0.415526157991" />
		<parameter constant_type="string" name="output_directory" type="constant" value="output" />
		<parameter constant_type="double" name="prob_cessation" type="constant" value="0.288725023073" />
		<parameter constant_type="double" name="prob_infected_when_arrive" type="constant" value="0.0261914479947" />
		<parameter constant_type="double" name="prob_self_limiting_female" type="constant" value="0.367730022231" />
		<parameter constant_type="double" name="prob_self_limiting_male" type="constant" value="0.119765784357" />
		<parameter constant_type="double" name="prob_clearing" type="constant" value="0.921545313262" />
		<parameter constant_type="double" name="pwid_maturity_threshold" type="constant" value="3.68462575039" />
        <parameter comment="365*5 + 365 burnin" constant_type="number" name="run_length" shortvalue="4015" type="constant" value="4040" />
        <parameter constant_type="double" name="status_report_frequency" type="constant" value="365.0" />
        <parameter constant_type="double" name="transmissibility" type="constant" value="0.0384759841933" />
        <parameter constant_type="string" name="NEP_data" simulated_value="datagen/NEP_mock_2014.csv" type="constant" value="data/NEP_Risk_Base_Merge.csv" />
        <parameter constant_type="string" name="NHBS_data" simulated_value="datagen/NHBS_mock_2014.csv" type="constant" value="data/IDU2_HCV_model_012913_cleaned.csv" value2012="data/IDU3_2012-2014-04-17.csv" />
</sweep>