<sweep jobNum="231" runs="1">
		
		<parameter constant_type="double" name="ab_prob_acute" type="constant" value="0.0231007040868" />
		<parameter constant_type="double" name="ab_prob_chronic" type="constant" value="0.731964942598" />
		<parameter constant_type="double" name="attrition_rate" type="constant" value="0.0421474193615" />
		<parameter constant_type="double" name="burn_in_days" type="constant" value="365.0" value_nob="0" />
		<parameter constant_type="number" name="dump_network_distances" type="constant" value="-1" />
		<parameter constant_type="double" name="homophily_strength" type="constant" value="0.681353987153" />
		<parameter constant_type="number" name="initial_pwid_count" type="constant" value="32466" />
		<parameter constant_type="double" name="interaction_home_cutoff" type="constant" value="1.0504529533" />
		<parameter constant_type="double" name="interaction_rate_constant" type="constant" value="0.019861536417" />
		<parameter constant_type="double" name="interaction_rate_at_drug_sites" type="constant" value="6.568580854e-05" />
		<parameter constant_type="double" name="interaction_rate_exzone" type="constant" value="0.0903862830295" />
		<parameter constant_type="double" name="mean_career_duration" type="constant" value="31.9477149553" />
        <parameter constant_type="double" name="mean_days_acute_naive" type="constant" value="92.5840794115" />
		<parameter constant_type="double" name="mean_days_acute_rechallenged" type="constant" value="40.8717880565" />
		<parameter constant_type="double" name="mean_days_naive_to_infectious" type="constant" value="3.56149977562" />
		<parameter constant_type="double" name="mean_enrichment_ChicagoNonNEP" type="constant" value="0.623153864554" />
		<parameter constant_type="double" name="mean_enrichment_suburbs" type="constant" value="1.87463317804" />
		<parameter constant_type="double" name="mean_tie_lifetime" type="constant" value="322.332418343" />
		<parameter constant_type="double" name="net_inflow" type="constant" value="0.0" />
		<parameter constant_type="double" name="nonNEP_age_boost" type="constant" value="2.93580858316" />
		<parameter constant_type="double" name="nonNEP_age_started_boost" type="constant" value="1.19116372365" />
		<parameter constant_type="double" name="nonNEP_degree_boost" type="constant" value="0.203558219926" />
		<parameter constant_type="double" name="nonNEP_hcv_ab_boost" type="constant" value="0.00352904724081" />
		<parameter constant_type="double" name="nonNEP_injection_ratio" type="constant" value="0.87840952511" />
		<parameter constant_type="double" name="nonNEP_sharing_boost" type="constant" value="0.255475568561" />
		<parameter constant_type="string" name="output_directory" type="constant" value="output" />
		<parameter constant_type="double" name="prob_cessation" type="constant" value="0.184901055265" />
		<parameter constant_type="double" name="prob_infected_when_arrive" type="constant" value="0.0653106949182" />
		<parameter constant_type="double" name="prob_self_limiting_female" type="constant" value="0.370902913634" />
		<parameter constant_type="double" name="prob_self_limiting_male" type="constant" value="0.132043106529" />
		<parameter constant_type="double" name="prob_clearing" type="constant" value="0.785641059717" />
		<parameter constant_type="double" name="pwid_maturity_threshold" type="constant" value="6.31537424961" />
        <parameter comment="365*5 + 365 burnin" constant_type="number" name="run_length" shortvalue="4015" type="constant" value="4040" />
        <parameter constant_type="double" name="status_report_frequency" type="constant" value="365.0" />
        <parameter constant_type="double" name="transmissibility" type="constant" value="0.013484911565" />
        <parameter constant_type="string" name="NEP_data" simulated_value="datagen/NEP_mock_2014.csv" type="constant" value="data/NEP_Risk_Base_Merge.csv" />
        <parameter constant_type="string" name="NHBS_data" simulated_value="datagen/NHBS_mock_2014.csv" type="constant" value="data/IDU2_HCV_model_012913_cleaned.csv" value2012="data/IDU3_2012-2014-04-17.csv" />
</sweep>