<sweep jobNum="294" runs="1">
		
		<parameter constant_type="double" name="ab_prob_acute" type="constant" value="0.0293179015699" />
		<parameter constant_type="double" name="ab_prob_chronic" type="constant" value="0.661616194959" />
		<parameter constant_type="double" name="attrition_rate" type="constant" value="0.0585322974465" />
		<parameter constant_type="double" name="burn_in_days" type="constant" value="365.0" value_nob="0" />
		<parameter constant_type="number" name="dump_network_distances" type="constant" value="-1" />
		<parameter constant_type="double" name="homophily_strength" type="constant" value="0.670783595961" />
		<parameter constant_type="number" name="initial_pwid_count" type="constant" value="32704" />
		<parameter constant_type="double" name="interaction_home_cutoff" type="constant" value="2.19808134931" />
		<parameter constant_type="double" name="interaction_rate_constant" type="constant" value="0.0166343417958" />
		<parameter constant_type="double" name="interaction_rate_at_drug_sites" type="constant" value="0.000131480922422" />
		<parameter constant_type="double" name="interaction_rate_exzone" type="constant" value="0.079911110368" />
		<parameter constant_type="double" name="mean_career_duration" type="constant" value="33.5946848896" />
        <parameter constant_type="double" name="mean_days_acute_naive" type="constant" value="115.539398397" />
		<parameter constant_type="double" name="mean_days_acute_rechallenged" type="constant" value="26.2293994402" />
		<parameter constant_type="double" name="mean_days_naive_to_infectious" type="constant" value="3.38276737295" />
		<parameter constant_type="double" name="mean_enrichment_ChicagoNonNEP" type="constant" value="0.50627560853" />
		<parameter constant_type="double" name="mean_enrichment_suburbs" type="constant" value="2.04426501399" />
		<parameter constant_type="double" name="mean_tie_lifetime" type="constant" value="407.54822573" />
		<parameter constant_type="double" name="net_inflow" type="constant" value="0.0" />
		<parameter constant_type="double" name="nonNEP_age_boost" type="constant" value="2.65911680155" />
		<parameter constant_type="double" name="nonNEP_age_started_boost" type="constant" value="1.75421609344" />
		<parameter constant_type="double" name="nonNEP_degree_boost" type="constant" value="0.28449171584" />
		<parameter constant_type="double" name="nonNEP_hcv_ab_boost" type="constant" value="0.0155158542328" />
		<parameter constant_type="double" name="nonNEP_injection_ratio" type="constant" value="0.802073065605" />
		<parameter constant_type="double" name="nonNEP_sharing_boost" type="constant" value="0.423179015699" />
		<parameter constant_type="string" name="output_directory" type="constant" value="output" />
		<parameter constant_type="double" name="prob_cessation" type="constant" value="0.232783120574" />
		<parameter constant_type="double" name="prob_infected_when_arrive" type="constant" value="0.0363943998956" />
		<parameter constant_type="double" name="prob_self_limiting_female" type="constant" value="0.305581323657" />
		<parameter constant_type="double" name="prob_self_limiting_male" type="constant" value="0.108236302281" />
		<parameter constant_type="double" name="prob_clearing" type="constant" value="0.85142608899" />
		<parameter constant_type="double" name="pwid_maturity_threshold" type="constant" value="5.52504790655" />
        <parameter comment="365*5 + 365 burnin" constant_type="number" name="run_length" shortvalue="4015" type="constant" value="4040" />
        <parameter constant_type="double" name="status_report_frequency" type="constant" value="365.0" />
        <parameter constant_type="double" name="transmissibility" type="constant" value="0.0231878440174" />
        <parameter constant_type="string" name="NEP_data" simulated_value="datagen/NEP_mock_2014.csv" type="constant" value="data/NEP_Risk_Base_Merge.csv" />
        <parameter constant_type="string" name="NHBS_data" simulated_value="datagen/NHBS_mock_2014.csv" type="constant" value="data/IDU2_HCV_model_012913_cleaned.csv" value2012="data/IDU3_2012-2014-04-17.csv" />
</sweep>