<sweep jobNum="5" runs="1">
		
		<parameter constant_type="double" name="ab_prob_acute" type="constant" value="0.013064793653" />
		<parameter constant_type="double" name="ab_prob_chronic" type="constant" value="0.571866887282" />
		<parameter constant_type="double" name="attrition_rate" type="constant" value="0.0208110722575" />
		<parameter constant_type="double" name="burn_in_days" type="constant" value="365.0" value_nob="0" />
		<parameter constant_type="number" name="dump_network_distances" type="constant" value="-1" />
		<parameter constant_type="double" name="homophily_strength" type="constant" value="0.786351370284" />
		<parameter constant_type="number" name="initial_pwid_count" type="constant" value="32668" />
		<parameter constant_type="double" name="interaction_home_cutoff" type="constant" value="2.59521380013" />
		<parameter constant_type="double" name="interaction_rate_constant" type="constant" value="0.0115735880472" />
		<parameter constant_type="double" name="interaction_rate_at_drug_sites" type="constant" value="5.16195748786e-05" />
		<parameter constant_type="double" name="interaction_rate_exzone" type="constant" value="0.0806501746805" />
		<parameter constant_type="double" name="mean_career_duration" type="constant" value="29.6458457094" />
        <parameter constant_type="double" name="mean_days_acute_naive" type="constant" value="92.4308156761" />
		<parameter constant_type="double" name="mean_days_acute_rechallenged" type="constant" value="13.0951137123" />
		<parameter constant_type="double" name="mean_days_naive_to_infectious" type="constant" value="3.05992956147" />
		<parameter constant_type="double" name="mean_enrichment_ChicagoNonNEP" type="constant" value="0.47541028989" />
		<parameter constant_type="double" name="mean_enrichment_suburbs" type="constant" value="1.55143545303" />
		<parameter constant_type="double" name="mean_tie_lifetime" type="constant" value="793.921244635" />
		<parameter constant_type="double" name="net_inflow" type="constant" value="0.0" />
		<parameter constant_type="double" name="nonNEP_age_boost" type="constant" value="3.07275659203" />
		<parameter constant_type="double" name="nonNEP_age_started_boost" type="constant" value="1.58279689033" />
		<parameter constant_type="double" name="nonNEP_degree_boost" type="constant" value="0.2053809874" />
		<parameter constant_type="double" name="nonNEP_hcv_ab_boost" type="constant" value="0.0146506900668" />
		<parameter constant_type="double" name="nonNEP_injection_ratio" type="constant" value="0.849001705221" />
		<parameter constant_type="double" name="nonNEP_sharing_boost" type="constant" value="0.314825938643" />
		<parameter constant_type="string" name="output_directory" type="constant" value="output" />
		<parameter constant_type="double" name="prob_cessation" type="constant" value="0.253479209641" />
		<parameter constant_type="double" name="prob_infected_when_arrive" type="constant" value="0.0751847379377" />
		<parameter constant_type="double" name="prob_self_limiting_female" type="constant" value="0.379338487707" />
		<parameter constant_type="double" name="prob_self_limiting_male" type="constant" value="0.112445868498" />
		<parameter constant_type="double" name="prob_clearing" type="constant" value="0.811108765786" />
		<parameter constant_type="double" name="pwid_maturity_threshold" type="constant" value="4.84583507833" />
        <parameter comment="365*5 + 365 burnin" constant_type="number" name="run_length" shortvalue="4015" type="constant" value="4040" />
        <parameter constant_type="double" name="status_report_frequency" type="constant" value="365.0" />
        <parameter constant_type="double" name="transmissibility" type="constant" value="0.0394226370072" />
        <parameter constant_type="string" name="NEP_data" simulated_value="datagen/NEP_mock_2014.csv" type="constant" value="data/NEP_Risk_Base_Merge.csv" />
        <parameter constant_type="string" name="NHBS_data" simulated_value="datagen/NHBS_mock_2014.csv" type="constant" value="data/IDU2_HCV_model_012913_cleaned.csv" value2012="data/IDU3_2012-2014-04-17.csv" />
</sweep>