<sweep jobNum="173" runs="1">
		
		<parameter constant_type="double" name="ab_prob_acute" type="constant" value="0.0224485163628" />
		<parameter constant_type="double" name="ab_prob_chronic" type="constant" value="0.687640898973" />
		<parameter constant_type="double" name="attrition_rate" type="constant" value="0.023098777414" />
		<parameter constant_type="double" name="burn_in_days" type="constant" value="365.0" value_nob="0" />
		<parameter constant_type="number" name="dump_network_distances" type="constant" value="-1" />
		<parameter constant_type="double" name="homophily_strength" type="constant" value="0.748303336974" />
		<parameter constant_type="number" name="initial_pwid_count" type="constant" value="30598" />
		<parameter constant_type="double" name="interaction_home_cutoff" type="constant" value="1.61108765786" />
		<parameter constant_type="double" name="interaction_rate_constant" type="constant" value="0.0172234114519" />
		<parameter constant_type="double" name="interaction_rate_at_drug_sites" type="constant" value="8.38968447269e-05" />
		<parameter constant_type="double" name="interaction_rate_exzone" type="constant" value="0.078009565101" />
		<parameter constant_type="double" name="mean_career_duration" type="constant" value="28.522807221" />
        <parameter constant_type="double" name="mean_days_acute_naive" type="constant" value="100.644597664" />
		<parameter constant_type="double" name="mean_days_acute_rechallenged" type="constant" value="30.6890362545" />
		<parameter constant_type="double" name="mean_days_naive_to_infectious" type="constant" value="3.52841230383" />
		<parameter constant_type="double" name="mean_enrichment_ChicagoNonNEP" type="constant" value="0.436787785031" />
		<parameter constant_type="double" name="mean_enrichment_suburbs" type="constant" value="2.34676031735" />
		<parameter constant_type="double" name="mean_tie_lifetime" type="constant" value="580.892193648" />
		<parameter constant_type="double" name="net_inflow" type="constant" value="0.0" />
		<parameter constant_type="double" name="nonNEP_age_boost" type="constant" value="2.32316451037" />
		<parameter constant_type="double" name="nonNEP_age_started_boost" type="constant" value="2.02206310546" />
		<parameter constant_type="double" name="nonNEP_degree_boost" type="constant" value="0.269216404039" />
		<parameter constant_type="double" name="nonNEP_hcv_ab_boost" type="constant" value="0.00904535983223" />
		<parameter constant_type="double" name="nonNEP_injection_ratio" type="constant" value="0.820239309993" />
		<parameter constant_type="double" name="nonNEP_sharing_boost" type="constant" value="0.306688722756" />
		<parameter constant_type="string" name="output_directory" type="constant" value="output" />
		<parameter constant_type="double" name="prob_cessation" type="constant" value="0.317406300495" />
		<parameter constant_type="double" name="prob_infected_when_arrive" type="constant" value="0.0127283937206" />
		<parameter constant_type="double" name="prob_self_limiting_female" type="constant" value="0.31750363027" />
		<parameter constant_type="double" name="prob_self_limiting_male" type="constant" value="0.111179038374" />
		<parameter constant_type="double" name="prob_clearing" type="constant" value="0.776973229479" />
		<parameter constant_type="double" name="pwid_maturity_threshold" type="constant" value="3.956270385" />
        <parameter comment="365*5 + 365 burnin" constant_type="number" name="run_length" shortvalue="4015" type="constant" value="4040" />
        <parameter constant_type="double" name="status_report_frequency" type="constant" value="365.0" />
        <parameter constant_type="double" name="transmissibility" type="constant" value="0.0127538235405" />
        <parameter constant_type="string" name="NEP_data" simulated_value="datagen/NEP_mock_2014.csv" type="constant" value="data/NEP_Risk_Base_Merge.csv" />
        <parameter constant_type="string" name="NHBS_data" simulated_value="datagen/NHBS_mock_2014.csv" type="constant" value="data/IDU2_HCV_model_012913_cleaned.csv" value2012="data/IDU3_2012-2014-04-17.csv" />
</sweep>