<sweep jobNum="68" runs="1">
		
		<parameter constant_type="double" name="ab_prob_acute" type="constant" value="0.010504529533" />
		<parameter constant_type="double" name="ab_prob_chronic" type="constant" value="0.637978186291" />
		<parameter constant_type="double" name="attrition_rate" type="constant" value="0.0655005185717" />
		<parameter constant_type="double" name="burn_in_days" type="constant" value="365.0" value_nob="0" />
		<parameter constant_type="number" name="dump_network_distances" type="constant" value="-1" />
		<parameter constant_type="double" name="homophily_strength" type="constant" value="0.633521486862" />
		<parameter constant_type="number" name="initial_pwid_count" type="constant" value="31234" />
		<parameter constant_type="double" name="interaction_home_cutoff" type="constant" value="1.67793689454" />
		<parameter constant_type="double" name="interaction_rate_constant" type="constant" value="0.0213317874073" />
		<parameter constant_type="double" name="interaction_rate_at_drug_sites" type="constant" value="0.000119138368648" />
		<parameter constant_type="double" name="interaction_rate_exzone" type="constant" value="0.0902610215204" />
		<parameter constant_type="double" name="mean_career_duration" type="constant" value="10.9802698377" />
        <parameter constant_type="double" name="mean_days_acute_naive" type="constant" value="119.338015867" />
		<parameter constant_type="double" name="mean_days_acute_rechallenged" type="constant" value="20.2217531572" />
		<parameter constant_type="double" name="mean_days_naive_to_infectious" type="constant" value="2.51054665796" />
		<parameter constant_type="double" name="mean_enrichment_ChicagoNonNEP" type="constant" value="0.469651877285" />
		<parameter constant_type="double" name="mean_enrichment_suburbs" type="constant" value="1.97860286105" />
		<parameter constant_type="double" name="mean_tie_lifetime" type="constant" value="635.677067699" />
		<parameter constant_type="double" name="net_inflow" type="constant" value="0.0" />
		<parameter constant_type="double" name="nonNEP_age_boost" type="constant" value="2.47162057791" />
		<parameter constant_type="double" name="nonNEP_age_started_boost" type="constant" value="1.35985999739" />
		<parameter constant_type="double" name="nonNEP_degree_boost" type="constant" value="0.165475568561" />
		<parameter constant_type="double" name="nonNEP_hcv_ab_boost" type="constant" value="0.00433188894171" />
		<parameter constant_type="double" name="nonNEP_injection_ratio" type="constant" value="0.81568580854" />
		<parameter constant_type="double" name="nonNEP_sharing_boost" type="constant" value="0.265641059717" />
		<parameter constant_type="string" name="output_directory" type="constant" value="output" />
		<parameter constant_type="double" name="prob_cessation" type="constant" value="0.193651059388" />
		<parameter constant_type="double" name="prob_infected_when_arrive" type="constant" value="0.0816487427041" />
		<parameter constant_type="double" name="prob_self_limiting_female" type="constant" value="0.326147636232" />
		<parameter constant_type="double" name="prob_self_limiting_male" type="constant" value="0.108514524353" />
		<parameter constant_type="double" name="prob_clearing" type="constant" value="0.850855634832" />
		<parameter constant_type="double" name="pwid_maturity_threshold" type="constant" value="3.35436366979" />
        <parameter comment="365*5 + 365 burnin" constant_type="number" name="run_length" shortvalue="4015" type="constant" value="4040" />
        <parameter constant_type="double" name="status_report_frequency" type="constant" value="365.0" />
        <parameter constant_type="double" name="transmissibility" type="constant" value="0.0155969741067" />
        <parameter constant_type="string" name="NEP_data" simulated_value="datagen/NEP_mock_2014.csv" type="constant" value="data/NEP_Risk_Base_Merge.csv" />
        <parameter constant_type="string" name="NHBS_data" simulated_value="datagen/NHBS_mock_2014.csv" type="constant" value="data/IDU2_HCV_model_012913_cleaned.csv" value2012="data/IDU3_2012-2014-04-17.csv" />
</sweep>