<sweep jobNum="238" runs="1">
		
		<parameter constant_type="double" name="ab_prob_acute" type="constant" value="0.014250932383" />
		<parameter constant_type="double" name="ab_prob_chronic" type="constant" value="0.686297284922" />
		<parameter constant_type="double" name="attrition_rate" type="constant" value="0.0352326877967" />
		<parameter constant_type="double" name="burn_in_days" type="constant" value="365.0" value_nob="0" />
		<parameter constant_type="number" name="dump_network_distances" type="constant" value="-1" />
		<parameter constant_type="double" name="homophily_strength" type="constant" value="0.681934095443" />
		<parameter constant_type="number" name="initial_pwid_count" type="constant" value="31754" />
		<parameter constant_type="double" name="interaction_home_cutoff" type="constant" value="2.22140594521" />
		<parameter constant_type="double" name="interaction_rate_constant" type="constant" value="0.0143538947736" />
		<parameter constant_type="double" name="interaction_rate_at_drug_sites" type="constant" value="8.71687830324e-05" />
		<parameter constant_type="double" name="interaction_rate_exzone" type="constant" value="0.0814877634025" />
		<parameter constant_type="double" name="mean_career_duration" type="constant" value="14.6090397305" />
        <parameter constant_type="double" name="mean_days_acute_naive" type="constant" value="121.78046419" />
		<parameter constant_type="double" name="mean_days_acute_rechallenged" type="constant" value="30.3440621935" />
		<parameter constant_type="double" name="mean_days_naive_to_infectious" type="constant" value="3.6935206347" />
		<parameter constant_type="double" name="mean_enrichment_ChicagoNonNEP" type="constant" value="0.447495209345" />
		<parameter constant_type="double" name="mean_enrichment_suburbs" type="constant" value="1.61214394232" />
		<parameter constant_type="double" name="mean_tie_lifetime" type="constant" value="715.382738616" />
		<parameter constant_type="double" name="net_inflow" type="constant" value="0.0" />
		<parameter constant_type="double" name="nonNEP_age_boost" type="constant" value="1.90459844219" />
		<parameter constant_type="double" name="nonNEP_age_started_boost" type="constant" value="1.55402710561" />
		<parameter constant_type="double" name="nonNEP_degree_boost" type="constant" value="0.189116372365" />
		<parameter constant_type="double" name="nonNEP_hcv_ab_boost" type="constant" value="0.0174327130999" />
		<parameter constant_type="double" name="nonNEP_injection_ratio" type="constant" value="0.853854123042" />
		<parameter constant_type="double" name="nonNEP_sharing_boost" type="constant" value="0.305514836372" />
		<parameter constant_type="string" name="output_directory" type="constant" value="output" />
		<parameter constant_type="double" name="prob_cessation" type="constant" value="0.159634147581" />
		<parameter constant_type="double" name="prob_infected_when_arrive" type="constant" value="0.0706135842977" />
		<parameter constant_type="double" name="prob_self_limiting_female" type="constant" value="0.312679857458" />
		<parameter constant_type="double" name="prob_self_limiting_male" type="constant" value="0.12261788523" />
		<parameter constant_type="double" name="prob_clearing" type="constant" value="0.873311277244" />
		<parameter constant_type="double" name="pwid_maturity_threshold" type="constant" value="3.5837909646" />
        <parameter comment="365*5 + 365 burnin" constant_type="number" name="run_length" shortvalue="4015" type="constant" value="4040" />
        <parameter constant_type="double" name="status_report_frequency" type="constant" value="365.0" />
        <parameter constant_type="double" name="transmissibility" type="constant" value="0.0286407484353" />
        <parameter constant_type="string" name="NEP_data" simulated_value="datagen/NEP_mock_2014.csv" type="constant" value="data/NEP_Risk_Base_Merge.csv" />
        <parameter constant_type="string" name="NHBS_data" simulated_value="datagen/NHBS_mock_2014.csv" type="constant" value="data/IDU2_HCV_model_012913_cleaned.csv" value2012="data/IDU3_2012-2014-04-17.csv" />
</sweep>