<sweep jobNum="13" runs="1">
		
		<parameter constant_type="double" name="ab_prob_acute" type="constant" value="0.0225073364393" />
		<parameter constant_type="double" name="ab_prob_chronic" type="constant" value="0.728971826537" />
		<parameter constant_type="double" name="attrition_rate" type="constant" value="0.0494025095566" />
		<parameter constant_type="double" name="burn_in_days" type="constant" value="365.0" value_nob="0" />
		<parameter constant_type="number" name="dump_network_distances" type="constant" value="-1" />
		<parameter constant_type="double" name="homophily_strength" type="constant" value="0.754819296838" />
		<parameter constant_type="number" name="initial_pwid_count" type="constant" value="33505" />
		<parameter constant_type="double" name="interaction_home_cutoff" type="constant" value="2.38276737295" />
		<parameter constant_type="double" name="interaction_rate_constant" type="constant" value="0.0178604224521" />
		<parameter constant_type="double" name="interaction_rate_at_drug_sites" type="constant" value="0.000106147427528" />
		<parameter constant_type="double" name="interaction_rate_exzone" type="constant" value="0.0880972938423" />
		<parameter constant_type="double" name="mean_career_duration" type="constant" value="17.6725027653" />
        <parameter constant_type="double" name="mean_days_acute_naive" type="constant" value="87.1196549967" />
		<parameter constant_type="double" name="mean_days_acute_rechallenged" type="constant" value="39.3638100442" />
		<parameter constant_type="double" name="mean_days_naive_to_infectious" type="constant" value="2.49116372365" />
		<parameter constant_type="double" name="mean_enrichment_ChicagoNonNEP" type="constant" value="0.557243258053" />
		<parameter constant_type="double" name="mean_enrichment_suburbs" type="constant" value="2.3044444816" />
		<parameter constant_type="double" name="mean_tie_lifetime" type="constant" value="500.599823125" />
		<parameter constant_type="double" name="net_inflow" type="constant" value="0.0" />
		<parameter constant_type="double" name="nonNEP_age_boost" type="constant" value="4.42432057006" />
		<parameter constant_type="double" name="nonNEP_age_started_boost" type="constant" value="0.908781432398" />
		<parameter constant_type="double" name="nonNEP_degree_boost" type="constant" value="0.266843271872" />
		<parameter constant_type="double" name="nonNEP_hcv_ab_boost" type="constant" value="0.0139899135462" />
		<parameter constant_type="double" name="nonNEP_injection_ratio" type="constant" value="0.813857970582" />
		<parameter constant_type="double" name="nonNEP_sharing_boost" type="constant" value="0.377663324484" />
		<parameter constant_type="string" name="output_directory" type="constant" value="output" />
		<parameter constant_type="double" name="prob_cessation" type="constant" value="0.264726472256" />
		<parameter constant_type="double" name="prob_infected_when_arrive" type="constant" value="0.0112956599029" />
		<parameter constant_type="double" name="prob_self_limiting_female" type="constant" value="0.33481688962" />
		<parameter constant_type="double" name="prob_self_limiting_male" type="constant" value="0.114405836501" />
		<parameter constant_type="double" name="prob_clearing" type="constant" value="0.821378370974" />
		<parameter constant_type="double" name="pwid_maturity_threshold" type="constant" value="6.19042760027" />
        <parameter comment="365*5 + 365 burnin" constant_type="number" name="run_length" shortvalue="4015" type="constant" value="4040" />
        <parameter constant_type="double" name="status_report_frequency" type="constant" value="365.0" />
        <parameter constant_type="double" name="transmissibility" type="constant" value="0.00505299797064" />
        <parameter constant_type="string" name="NEP_data" simulated_value="datagen/NEP_mock_2014.csv" type="constant" value="data/NEP_Risk_Base_Merge.csv" />
        <parameter constant_type="string" name="NHBS_data" simulated_value="datagen/NHBS_mock_2014.csv" type="constant" value="data/IDU2_HCV_model_012913_cleaned.csv" value2012="data/IDU3_2012-2014-04-17.csv" />
</sweep>