<sweep jobNum="296" runs="1">
		
		<parameter constant_type="double" name="ab_prob_acute" type="constant" value="0.0145180703162" />
		<parameter constant_type="double" name="ab_prob_chronic" type="constant" value="0.628242167513" />
		<parameter constant_type="double" name="attrition_rate" type="constant" value="0.0190424916773" />
		<parameter constant_type="double" name="burn_in_days" type="constant" value="365.0" value_nob="0" />
		<parameter constant_type="number" name="dump_network_distances" type="constant" value="-1" />
		<parameter constant_type="double" name="homophily_strength" type="constant" value="0.606820984301" />
		<parameter constant_type="number" name="initial_pwid_count" type="constant" value="31661" />
		<parameter constant_type="double" name="interaction_home_cutoff" type="constant" value="2.38891234214" />
		<parameter constant_type="double" name="interaction_rate_constant" type="constant" value="0.0103027177198" />
		<parameter constant_type="double" name="interaction_rate_at_drug_sites" type="constant" value="0.000102425219734" />
		<parameter constant_type="double" name="interaction_rate_exzone" type="constant" value="0.0905122365975" />
		<parameter constant_type="double" name="mean_career_duration" type="constant" value="34.2420712086" />
        <parameter constant_type="double" name="mean_days_acute_naive" type="constant" value="103.641124663" />
		<parameter constant_type="double" name="mean_days_acute_rechallenged" type="constant" value="34.3212214969" />
		<parameter constant_type="double" name="mean_days_naive_to_infectious" type="constant" value="3.89712909395" />
		<parameter constant_type="double" name="mean_enrichment_ChicagoNonNEP" type="constant" value="0.545451093126" />
		<parameter constant_type="double" name="mean_enrichment_suburbs" type="constant" value="1.83294884788" />
		<parameter constant_type="double" name="mean_tie_lifetime" type="constant" value="529.896869784" />
		<parameter constant_type="double" name="net_inflow" type="constant" value="0.0" />
		<parameter constant_type="double" name="nonNEP_age_boost" type="constant" value="2.06598156468" />
		<parameter constant_type="double" name="nonNEP_age_started_boost" type="constant" value="1.41378370974" />
		<parameter constant_type="double" name="nonNEP_degree_boost" type="constant" value="0.33495470467" />
		<parameter constant_type="double" name="nonNEP_hcv_ab_boost" type="constant" value="0.00536243969303" />
		<parameter constant_type="double" name="nonNEP_injection_ratio" type="constant" value="0.895284611874" />
		<parameter constant_type="double" name="nonNEP_sharing_boost" type="constant" value="0.403773532547" />
		<parameter constant_type="string" name="output_directory" type="constant" value="output" />
		<parameter constant_type="double" name="prob_cessation" type="constant" value="0.19912074391" />
		<parameter constant_type="double" name="prob_infected_when_arrive" type="constant" value="0.056069624543" />
		<parameter constant_type="double" name="prob_self_limiting_female" type="constant" value="0.337139774709" />
		<parameter constant_type="double" name="prob_self_limiting_male" type="constant" value="0.137546703277" />
		<parameter constant_type="double" name="prob_clearing" type="constant" value="0.823747604672" />
		<parameter constant_type="double" name="pwid_maturity_threshold" type="constant" value="5.48970327256" />
        <parameter comment="365*5 + 365 burnin" constant_type="number" name="run_length" shortvalue="4015" type="constant" value="4040" />
        <parameter constant_type="double" name="status_report_frequency" type="constant" value="365.0" />
        <parameter constant_type="double" name="transmissibility" type="constant" value="0.0399161293597" />
        <parameter constant_type="string" name="NEP_data" simulated_value="datagen/NEP_mock_2014.csv" type="constant" value="data/NEP_Risk_Base_Merge.csv" />
        <parameter constant_type="string" name="NHBS_data" simulated_value="datagen/NHBS_mock_2014.csv" type="constant" value="data/IDU2_HCV_model_012913_cleaned.csv" value2012="data/IDU3_2012-2014-04-17.csv" />
</sweep>