<sweep jobNum="284" runs="1">
		
		<parameter constant_type="double" name="ab_prob_acute" type="constant" value="0.0199144365168" />
		<parameter constant_type="double" name="ab_prob_chronic" type="constant" value="0.499765111463" />
		<parameter constant_type="double" name="attrition_rate" type="constant" value="0.0722918043982" />
		<parameter constant_type="double" name="burn_in_days" type="constant" value="365.0" value_nob="0" />
		<parameter constant_type="number" name="dump_network_distances" type="constant" value="-1" />
		<parameter constant_type="double" name="homophily_strength" type="constant" value="0.699144365168" />
		<parameter constant_type="number" name="initial_pwid_count" type="constant" value="33122" />
		<parameter constant_type="double" name="interaction_home_cutoff" type="constant" value="1.90001079113" />
		<parameter constant_type="double" name="interaction_rate_constant" type="constant" value="0.0186317698177" />
		<parameter constant_type="double" name="interaction_rate_at_drug_sites" type="constant" value="0.000100713044495" />
		<parameter constant_type="double" name="interaction_rate_exzone" type="constant" value="0.0892206310546" />
		<parameter constant_type="double" name="mean_career_duration" type="constant" value="15.890285543" />
        <parameter constant_type="double" name="mean_days_acute_naive" type="constant" value="93.3452468499" />
		<parameter constant_type="double" name="mean_days_acute_rechallenged" type="constant" value="44.7785897822" />
		<parameter constant_type="double" name="mean_days_naive_to_infectious" type="constant" value="3.47025258443" />
		<parameter constant_type="double" name="mean_enrichment_ChicagoNonNEP" type="constant" value="0.356909373476" />
		<parameter constant_type="double" name="mean_enrichment_suburbs" type="constant" value="1.93852572472" />
		<parameter constant_type="double" name="mean_tie_lifetime" type="constant" value="630.558057882" />
		<parameter constant_type="double" name="net_inflow" type="constant" value="0.0" />
		<parameter constant_type="double" name="nonNEP_age_boost" type="constant" value="4.19856523484" />
		<parameter constant_type="double" name="nonNEP_age_started_boost" type="constant" value="1.71996589559" />
		<parameter constant_type="double" name="nonNEP_degree_boost" type="constant" value="0.200492796777" />
		<parameter constant_type="double" name="nonNEP_hcv_ab_boost" type="constant" value="0.00834478565202" />
		<parameter constant_type="double" name="nonNEP_injection_ratio" type="constant" value="0.864013932407" />
		<parameter constant_type="double" name="nonNEP_sharing_boost" type="constant" value="0.408344179394" />
		<parameter constant_type="string" name="output_directory" type="constant" value="output" />
		<parameter constant_type="double" name="prob_cessation" type="constant" value="0.298377311967" />
		<parameter constant_type="double" name="prob_infected_when_arrive" type="constant" value="0.0574584051389" />
		<parameter constant_type="double" name="prob_self_limiting_female" type="constant" value="0.336850559987" />
		<parameter constant_type="double" name="prob_self_limiting_male" type="constant" value="0.116069651716" />
		<parameter constant_type="double" name="prob_clearing" type="constant" value="0.796501746805" />
		<parameter constant_type="double" name="pwid_maturity_threshold" type="constant" value="6.81138447496" />
        <parameter comment="365*5 + 365 burnin" constant_type="number" name="run_length" shortvalue="4015" type="constant" value="4040" />
        <parameter constant_type="double" name="status_report_frequency" type="constant" value="365.0" />
        <parameter constant_type="double" name="transmissibility" type="constant" value="0.0164547395372" />
        <parameter constant_type="string" name="NEP_data" simulated_value="datagen/NEP_mock_2014.csv" type="constant" value="data/NEP_Risk_Base_Merge.csv" />
        <parameter constant_type="string" name="NHBS_data" simulated_value="datagen/NHBS_mock_2014.csv" type="constant" value="data/IDU2_HCV_model_012913_cleaned.csv" value2012="data/IDU3_2012-2014-04-17.csv" />
</sweep>