<sweep jobNum="0" runs="1">
		
		<parameter constant_type="double" name="ab_prob_acute" type="constant" value="0.0143180949779" />
		<parameter constant_type="double" name="ab_prob_chronic" type="constant" value="0.678936776159" />
		<parameter constant_type="double" name="attrition_rate" type="constant" value="0.0289112650985" />
		<parameter constant_type="double" name="burn_in_days" type="constant" value="365.0" value_nob="0" />
		<parameter constant_type="number" name="dump_network_distances" type="constant" value="-1" />
		<parameter constant_type="double" name="homophily_strength" type="constant" value="0.679027061577" />
		<parameter constant_type="number" name="initial_pwid_count" type="constant" value="32188" />
		<parameter constant_type="double" name="interaction_home_cutoff" type="constant" value="1.7610219121" />
		<parameter constant_type="double" name="interaction_rate_constant" type="constant" value="0.0112057390606" />
		<parameter constant_type="double" name="interaction_rate_at_drug_sites" type="constant" value="0.000113421635936" />
		<parameter constant_type="double" name="interaction_rate_exzone" type="constant" value="0.0930079394458" />
		<parameter constant_type="double" name="mean_career_duration" type="constant" value="19.5920648046" />
        <parameter constant_type="double" name="mean_days_acute_naive" type="constant" value="94.5469463971" />
		<parameter constant_type="double" name="mean_days_acute_rechallenged" type="constant" value="18.3393326052" />
		<parameter constant_type="double" name="mean_days_naive_to_infectious" type="constant" value="2.09430776252" />
		<parameter constant_type="double" name="mean_enrichment_ChicagoNonNEP" type="constant" value="0.390361406324" />
		<parameter constant_type="double" name="mean_enrichment_suburbs" type="constant" value="2.09613374654" />
		<parameter constant_type="double" name="mean_tie_lifetime" type="constant" value="493.093347325" />
		<parameter constant_type="double" name="net_inflow" type="constant" value="0.0" />
		<parameter constant_type="double" name="nonNEP_age_boost" type="constant" value="3.48309465819" />
		<parameter constant_type="double" name="nonNEP_age_started_boost" type="constant" value="1.13180949779" />
		<parameter constant_type="double" name="nonNEP_degree_boost" type="constant" value="0.172808320975" />
		<parameter constant_type="double" name="nonNEP_hcv_ab_boost" type="constant" value="0.0103646232085" />
		<parameter constant_type="double" name="nonNEP_injection_ratio" type="constant" value="0.875766980372" />
		<parameter constant_type="double" name="nonNEP_sharing_boost" type="constant" value="0.330285208517" />
		<parameter constant_type="string" name="output_directory" type="constant" value="output" />
		<parameter constant_type="double" name="prob_cessation" type="constant" value="0.324173822641" />
		<parameter constant_type="double" name="prob_infected_when_arrive" type="constant" value="0.0387888540746" />
		<parameter constant_type="double" name="prob_self_limiting_female" type="constant" value="0.395386876709" />
		<parameter constant_type="double" name="prob_self_limiting_male" type="constant" value="0.117352827123" />
		<parameter constant_type="double" name="prob_clearing" type="constant" value="0.859425807125" />
		<parameter constant_type="double" name="pwid_maturity_threshold" type="constant" value="5.68028000522" />
        <parameter comment="365*5 + 365 burnin" constant_type="number" name="run_length" shortvalue="4015" type="constant" value="4040" />
        <parameter constant_type="double" name="status_report_frequency" type="constant" value="365.0" />
        <parameter constant_type="double" name="transmissibility" type="constant" value="0.0196553066" />
        <parameter constant_type="string" name="NEP_data" simulated_value="datagen/NEP_mock_2014.csv" type="constant" value="data/NEP_Risk_Base_Merge.csv" />
        <parameter constant_type="string" name="NHBS_data" simulated_value="datagen/NHBS_mock_2014.csv" type="constant" value="data/IDU2_HCV_model_012913_cleaned.csv" value2012="data/IDU3_2012-2014-04-17.csv" />
</sweep>