<sweep jobNum="146" runs="1">
		
		<parameter constant_type="double" name="ab_prob_acute" type="constant" value="0.0108567768623" />
		<parameter constant_type="double" name="ab_prob_chronic" type="constant" value="0.593140500045" />
		<parameter constant_type="double" name="attrition_rate" type="constant" value="0.0376656227368" />
		<parameter constant_type="double" name="burn_in_days" type="constant" value="365.0" value_nob="0" />
		<parameter constant_type="number" name="dump_network_distances" type="constant" value="-1" />
		<parameter constant_type="double" name="homophily_strength" type="constant" value="0.628454686738" />
		<parameter constant_type="number" name="initial_pwid_count" type="constant" value="33430" />
		<parameter constant_type="double" name="interaction_home_cutoff" type="constant" value="1.5550828416" />
		<parameter constant_type="double" name="interaction_rate_constant" type="constant" value="0.0127901048083" />
		<parameter constant_type="double" name="interaction_rate_at_drug_sites" type="constant" value="9.32774093638e-05" />
		<parameter constant_type="double" name="interaction_rate_exzone" type="constant" value="0.0867136255675" />
		<parameter constant_type="double" name="mean_career_duration" type="constant" value="34.966705227" />
        <parameter constant_type="double" name="mean_days_acute_naive" type="constant" value="101.072861098" />
		<parameter constant_type="double" name="mean_days_acute_rechallenged" type="constant" value="34.682046085" />
		<parameter constant_type="double" name="mean_days_naive_to_infectious" type="constant" value="2.72564912893" />
		<parameter constant_type="double" name="mean_enrichment_ChicagoNonNEP" type="constant" value="0.672702740568" />
		<parameter constant_type="double" name="mean_enrichment_suburbs" type="constant" value="1.91835429471" />
		<parameter constant_type="double" name="mean_tie_lifetime" type="constant" value="446.00115886" />
		<parameter constant_type="double" name="net_inflow" type="constant" value="0.0" />
		<parameter constant_type="double" name="nonNEP_age_boost" type="constant" value="3.44718321618" />
		<parameter constant_type="double" name="nonNEP_age_started_boost" type="constant" value="2.3935206347" />
		<parameter constant_type="double" name="nonNEP_degree_boost" type="constant" value="0.191696663026" />
		<parameter constant_type="double" name="nonNEP_hcv_ab_boost" type="constant" value="0.0084623629791" />
		<parameter constant_type="double" name="nonNEP_injection_ratio" type="constant" value="0.804283884311" />
		<parameter constant_type="double" name="nonNEP_sharing_boost" type="constant" value="0.385483409125" />
		<parameter constant_type="string" name="output_directory" type="constant" value="output" />
		<parameter constant_type="double" name="prob_cessation" type="constant" value="0.313368894129" />
		<parameter constant_type="double" name="prob_infected_when_arrive" type="constant" value="0.0157895368036" />
		<parameter constant_type="double" name="prob_self_limiting_female" type="constant" value="0.390521814894" />
		<parameter constant_type="double" name="prob_self_limiting_male" type="constant" value="0.134521539938" />
		<parameter constant_type="double" name="prob_clearing" type="constant" value="0.765293270878" />
		<parameter constant_type="double" name="pwid_maturity_threshold" type="constant" value="3.4175628648" />
        <parameter comment="365*5 + 365 burnin" constant_type="number" name="run_length" shortvalue="4015" type="constant" value="4040" />
        <parameter constant_type="double" name="status_report_frequency" type="constant" value="365.0" />
        <parameter constant_type="double" name="transmissibility" type="constant" value="0.0115068359369" />
        <parameter constant_type="string" name="NEP_data" simulated_value="datagen/NEP_mock_2014.csv" type="constant" value="data/NEP_Risk_Base_Merge.csv" />
        <parameter constant_type="string" name="NHBS_data" simulated_value="datagen/NHBS_mock_2014.csv" type="constant" value="data/IDU2_HCV_model_012913_cleaned.csv" value2012="data/IDU3_2012-2014-04-17.csv" />
</sweep>