<sweep jobNum="81" runs="1">
		
		<parameter constant_type="double" name="ab_prob_acute" type="constant" value="0.0189427636737" />
		<parameter constant_type="double" name="ab_prob_chronic" type="constant" value="0.635218792283" />
		<parameter constant_type="double" name="attrition_rate" type="constant" value="0.0104744137769" />
		<parameter constant_type="double" name="burn_in_days" type="constant" value="365.0" value_nob="0" />
		<parameter constant_type="number" name="dump_network_distances" type="constant" value="-1" />
		<parameter constant_type="double" name="homophily_strength" type="constant" value="0.773773532547" />
		<parameter constant_type="number" name="initial_pwid_count" type="constant" value="31765" />
		<parameter constant_type="double" name="interaction_home_cutoff" type="constant" value="1.99144365168" />
		<parameter constant_type="double" name="interaction_rate_constant" type="constant" value="0.0118822970248" />
		<parameter constant_type="double" name="interaction_rate_at_drug_sites" type="constant" value="0.000123194550613" />
		<parameter constant_type="double" name="interaction_rate_exzone" type="constant" value="0.0831972135187" />
		<parameter constant_type="double" name="mean_career_duration" type="constant" value="21.6062761529" />
        <parameter constant_type="double" name="mean_days_acute_naive" type="constant" value="126.418965521" />
		<parameter constant_type="double" name="mean_days_acute_rechallenged" type="constant" value="39.9042760027" />
		<parameter constant_type="double" name="mean_days_naive_to_infectious" type="constant" value="3.49589355149" />
		<parameter constant_type="double" name="mean_enrichment_ChicagoNonNEP" type="constant" value="0.449853271215" />
		<parameter constant_type="double" name="mean_enrichment_suburbs" type="constant" value="1.70239309993" />
		<parameter constant_type="double" name="mean_tie_lifetime" type="constant" value="372.506883547" />
		<parameter constant_type="double" name="net_inflow" type="constant" value="0.0" />
		<parameter constant_type="double" name="nonNEP_age_boost" type="constant" value="2.65033084134" />
		<parameter constant_type="double" name="nonNEP_age_started_boost" type="constant" value="1.49027061577" />
		<parameter constant_type="double" name="nonNEP_degree_boost" type="constant" value="0.251720310967" />
		<parameter constant_type="double" name="nonNEP_hcv_ab_boost" type="constant" value="0.00652553955653" />
		<parameter constant_type="double" name="nonNEP_injection_ratio" type="constant" value="0.821254661915" />
		<parameter constant_type="double" name="nonNEP_sharing_boost" type="constant" value="0.358027864813" />
		<parameter constant_type="string" name="output_directory" type="constant" value="output" />
		<parameter constant_type="double" name="prob_cessation" type="constant" value="0.28409544372" />
		<parameter constant_type="double" name="prob_infected_when_arrive" type="constant" value="0.047602817541" />
		<parameter constant_type="double" name="prob_self_limiting_female" type="constant" value="0.390100388125" />
		<parameter constant_type="double" name="prob_self_limiting_male" type="constant" value="0.107955587929" />
		<parameter constant_type="double" name="prob_clearing" type="constant" value="0.824337566065" />
		<parameter constant_type="double" name="pwid_maturity_threshold" type="constant" value="5.11985912295" />
        <parameter comment="365*5 + 365 burnin" constant_type="number" name="run_length" shortvalue="4015" type="constant" value="4040" />
        <parameter constant_type="double" name="status_report_frequency" type="constant" value="365.0" />
        <parameter constant_type="double" name="transmissibility" type="constant" value="0.00840123264638" />
        <parameter constant_type="string" name="NEP_data" simulated_value="datagen/NEP_mock_2014.csv" type="constant" value="data/NEP_Risk_Base_Merge.csv" />
        <parameter constant_type="string" name="NHBS_data" simulated_value="datagen/NHBS_mock_2014.csv" type="constant" value="data/IDU2_HCV_model_012913_cleaned.csv" value2012="data/IDU3_2012-2014-04-17.csv" />
</sweep>