<sweep jobNum="75" runs="1">
		
		<parameter constant_type="double" name="ab_prob_acute" type="constant" value="0.026576871248" />
		<parameter constant_type="double" name="ab_prob_chronic" type="constant" value="0.607906124008" />
		<parameter constant_type="double" name="attrition_rate" type="constant" value="0.046732254731" />
		<parameter constant_type="double" name="burn_in_days" type="constant" value="365.0" value_nob="0" />
		<parameter constant_type="number" name="dump_network_distances" type="constant" value="-1" />
		<parameter constant_type="double" name="homophily_strength" type="constant" value="0.783892948911" />
		<parameter constant_type="number" name="initial_pwid_count" type="constant" value="30222" />
		<parameter constant_type="double" name="interaction_home_cutoff" type="constant" value="2.96760850243" />
		<parameter constant_type="double" name="interaction_rate_constant" type="constant" value="0.019131188845" />
		<parameter constant_type="double" name="interaction_rate_at_drug_sites" type="constant" value="6.60458605885e-05" />
		<parameter constant_type="double" name="interaction_rate_exzone" type="constant" value="0.0956760850243" />
		<parameter constant_type="double" name="mean_career_duration" type="constant" value="28.0826708276" />
        <parameter constant_type="double" name="mean_days_acute_naive" type="constant" value="102.64178878" />
		<parameter constant_type="double" name="mean_days_acute_rechallenged" type="constant" value="26.9156781312" />
		<parameter constant_type="double" name="mean_days_naive_to_infectious" type="constant" value="2.35641059717" />
		<parameter constant_type="double" name="mean_enrichment_ChicagoNonNEP" type="constant" value="0.455718810957" />
		<parameter constant_type="double" name="mean_enrichment_suburbs" type="constant" value="1.54283884311" />
		<parameter constant_type="double" name="mean_tie_lifetime" type="constant" value="702.991930118" />
		<parameter constant_type="double" name="net_inflow" type="constant" value="0.0" />
		<parameter constant_type="double" name="nonNEP_age_boost" type="constant" value="2.49884654363" />
		<parameter constant_type="double" name="nonNEP_age_started_boost" type="constant" value="1.99216404039" />
		<parameter constant_type="double" name="nonNEP_degree_boost" type="constant" value="0.332302103043" />
		<parameter constant_type="double" name="nonNEP_hcv_ab_boost" type="constant" value="0.0187487214797" />
		<parameter constant_type="double" name="nonNEP_injection_ratio" type="constant" value="0.806824314858" />
		<parameter constant_type="double" name="nonNEP_sharing_boost" type="constant" value="0.253961002078" />
		<parameter constant_type="string" name="output_directory" type="constant" value="output" />
		<parameter constant_type="double" name="prob_cessation" type="constant" value="0.189940824481" />
		<parameter constant_type="double" name="prob_infected_when_arrive" type="constant" value="0.0835571795645" />
		<parameter constant_type="double" name="prob_self_limiting_female" type="constant" value="0.371874072158" />
		<parameter constant_type="double" name="prob_self_limiting_male" type="constant" value="0.126918733155" />
		<parameter constant_type="double" name="prob_clearing" type="constant" value="0.913658839373" />
		<parameter constant_type="double" name="pwid_maturity_threshold" type="constant" value="6.3438335805" />
        <parameter comment="365*5 + 365 burnin" constant_type="number" name="run_length" shortvalue="4015" type="constant" value="4040" />
        <parameter constant_type="double" name="status_report_frequency" type="constant" value="365.0" />
        <parameter constant_type="double" name="transmissibility" type="constant" value="0.0160247622117" />
        <parameter constant_type="string" name="NEP_data" simulated_value="datagen/NEP_mock_2014.csv" type="constant" value="data/NEP_Risk_Base_Merge.csv" />
        <parameter constant_type="string" name="NHBS_data" simulated_value="datagen/NHBS_mock_2014.csv" type="constant" value="data/IDU2_HCV_model_012913_cleaned.csv" value2012="data/IDU3_2012-2014-04-17.csv" />
</sweep>