<sweep jobNum="254" runs="1">
		
		<parameter constant_type="double" name="ab_prob_acute" type="constant" value="0.0197432844881" />
		<parameter constant_type="double" name="ab_prob_chronic" type="constant" value="0.610900726857" />
		<parameter constant_type="double" name="attrition_rate" type="constant" value="0.0350479149276" />
		<parameter constant_type="double" name="burn_in_days" type="constant" value="365.0" value_nob="0" />
		<parameter constant_type="number" name="dump_network_distances" type="constant" value="-1" />
		<parameter constant_type="double" name="homophily_strength" type="constant" value="0.740124674878" />
		<parameter constant_type="number" name="initial_pwid_count" type="constant" value="30494" />
		<parameter constant_type="double" name="interaction_home_cutoff" type="constant" value="2.77571211535" />
		<parameter constant_type="double" name="interaction_rate_constant" type="constant" value="0.012829526177" />
		<parameter constant_type="double" name="interaction_rate_at_drug_sites" type="constant" value="0.000138401425427" />
		<parameter constant_type="double" name="interaction_rate_exzone" type="constant" value="0.0811054665796" />
		<parameter constant_type="double" name="mean_career_duration" type="constant" value="23.4162602264" />
        <parameter constant_type="double" name="mean_days_acute_naive" type="constant" value="82.6071971162" />
		<parameter constant_type="double" name="mean_days_acute_rechallenged" type="constant" value="38.9638593676" />
		<parameter constant_type="double" name="mean_days_naive_to_infectious" type="constant" value="2.08567768623" />
		<parameter constant_type="double" name="mean_enrichment_ChicagoNonNEP" type="constant" value="0.302801748427" />
		<parameter constant_type="double" name="mean_enrichment_suburbs" type="constant" value="2.12242581814" />
		<parameter constant_type="double" name="mean_tie_lifetime" type="constant" value="560.038256099" />
		<parameter constant_type="double" name="net_inflow" type="constant" value="0.0" />
		<parameter constant_type="double" name="nonNEP_age_boost" type="constant" value="3.16719230267" />
		<parameter constant_type="double" name="nonNEP_age_started_boost" type="constant" value="2.20883627635" />
		<parameter constant_type="double" name="nonNEP_degree_boost" type="constant" value="0.294157593588" />
		<parameter constant_type="double" name="nonNEP_hcv_ab_boost" type="constant" value="0.00482096435559" />
		<parameter constant_type="double" name="nonNEP_injection_ratio" type="constant" value="0.859613374654" />
		<parameter constant_type="double" name="nonNEP_sharing_boost" type="constant" value="0.342869805287" />
		<parameter constant_type="string" name="output_directory" type="constant" value="output" />
		<parameter constant_type="double" name="prob_cessation" type="constant" value="0.165442117811" />
		<parameter constant_type="double" name="prob_infected_when_arrive" type="constant" value="0.0339501300489" />
		<parameter constant_type="double" name="prob_self_limiting_female" type="constant" value="0.301921282879" />
		<parameter constant_type="double" name="prob_self_limiting_male" type="constant" value="0.110268517356" />
		<parameter constant_type="double" name="prob_clearing" type="constant" value="0.801696663026" />
		<parameter constant_type="double" name="pwid_maturity_threshold" type="constant" value="3.6274323416" />
        <parameter comment="365*5 + 365 burnin" constant_type="number" name="run_length" shortvalue="4015" type="constant" value="4040" />
        <parameter constant_type="double" name="status_report_frequency" type="constant" value="365.0" />
        <parameter constant_type="double" name="transmissibility" type="constant" value="0.0382470549584" />
        <parameter constant_type="string" name="NEP_data" simulated_value="datagen/NEP_mock_2014.csv" type="constant" value="data/NEP_Risk_Base_Merge.csv" />
        <parameter constant_type="string" name="NHBS_data" simulated_value="datagen/NHBS_mock_2014.csv" type="constant" value="data/IDU2_HCV_model_012913_cleaned.csv" value2012="data/IDU3_2012-2014-04-17.csv" />
</sweep>