<sweep jobNum="54" runs="1">
		
		<parameter constant_type="double" name="ab_prob_acute" type="constant" value="0.025218648075" />
		<parameter constant_type="double" name="ab_prob_chronic" type="constant" value="0.575450309576" />
		<parameter constant_type="double" name="attrition_rate" type="constant" value="0.0767708558683" />
		<parameter constant_type="double" name="burn_in_days" type="constant" value="365.0" value_nob="0" />
		<parameter constant_type="number" name="dump_network_distances" type="constant" value="-1" />
		<parameter constant_type="double" name="homophily_strength" type="constant" value="0.60504529533" />
		<parameter constant_type="number" name="initial_pwid_count" type="constant" value="30509" />
		<parameter constant_type="double" name="interaction_home_cutoff" type="constant" value="2.99530871691" />
		<parameter constant_type="double" name="interaction_rate_constant" type="constant" value="0.0158459706928" />
		<parameter constant_type="double" name="interaction_rate_at_drug_sites" type="constant" value="5.68243148579e-05" />
		<parameter constant_type="double" name="interaction_rate_exzone" type="constant" value="0.0907663324484" />
		<parameter constant_type="double" name="mean_career_duration" type="constant" value="34.0468221496" />
        <parameter constant_type="double" name="mean_days_acute_naive" type="constant" value="97.7731276791" />
		<parameter constant_type="double" name="mean_days_acute_rechallenged" type="constant" value="30.458971011" />
		<parameter constant_type="double" name="mean_days_naive_to_infectious" type="constant" value="2.40478619987" />
		<parameter constant_type="double" name="mean_enrichment_ChicagoNonNEP" type="constant" value="0.616329811003" />
		<parameter constant_type="double" name="mean_enrichment_suburbs" type="constant" value="1.97574780266" />
		<parameter constant_type="double" name="mean_tie_lifetime" type="constant" value="479.747580851" />
		<parameter constant_type="double" name="net_inflow" type="constant" value="0.0" />
		<parameter constant_type="double" name="nonNEP_age_boost" type="constant" value="2.15775033658" />
		<parameter constant_type="double" name="nonNEP_age_started_boost" type="constant" value="2.52281816511" />
		<parameter constant_type="double" name="nonNEP_degree_boost" type="constant" value="0.290883627635" />
		<parameter constant_type="double" name="nonNEP_hcv_ab_boost" type="constant" value="0.0132835721639" />
		<parameter constant_type="double" name="nonNEP_injection_ratio" type="constant" value="0.814960302771" />
		<parameter constant_type="double" name="nonNEP_sharing_boost" type="constant" value="0.281054665796" />
		<parameter constant_type="string" name="output_directory" type="constant" value="output" />
		<parameter constant_type="double" name="prob_cessation" type="constant" value="0.301975160586" />
		<parameter constant_type="double" name="prob_infected_when_arrive" type="constant" value="0.0228366884708" />
		<parameter constant_type="double" name="prob_self_limiting_female" type="constant" value="0.323344118934" />
		<parameter constant_type="double" name="prob_self_limiting_male" type="constant" value="0.101794499564" />
		<parameter constant_type="double" name="prob_clearing" type="constant" value="0.931484215356" />
		<parameter constant_type="double" name="pwid_maturity_threshold" type="constant" value="3.91684812825" />
        <parameter comment="365*5 + 365 burnin" constant_type="number" name="run_length" shortvalue="4015" type="constant" value="4040" />
        <parameter constant_type="double" name="status_report_frequency" type="constant" value="365.0" />
        <parameter constant_type="double" name="transmissibility" type="constant" value="0.0329199486137" />
        <parameter constant_type="string" name="NEP_data" simulated_value="datagen/NEP_mock_2014.csv" type="constant" value="data/NEP_Risk_Base_Merge.csv" />
        <parameter constant_type="string" name="NHBS_data" simulated_value="datagen/NHBS_mock_2014.csv" type="constant" value="data/IDU2_HCV_model_012913_cleaned.csv" value2012="data/IDU3_2012-2014-04-17.csv" />
</sweep>