<sweep jobNum="162" runs="1">
		
		<parameter constant_type="double" name="ab_prob_acute" type="constant" value="0.0276802850853" />
		<parameter constant_type="double" name="ab_prob_chronic" type="constant" value="0.558625590052" />
		<parameter constant_type="double" name="attrition_rate" type="constant" value="0.0167235417054" />
		<parameter constant_type="double" name="burn_in_days" type="constant" value="365.0" value_nob="0" />
		<parameter constant_type="number" name="dump_network_distances" type="constant" value="-1" />
		<parameter constant_type="double" name="homophily_strength" type="constant" value="0.625475568561" />
		<parameter constant_type="number" name="initial_pwid_count" type="constant" value="32902" />
		<parameter constant_type="double" name="interaction_home_cutoff" type="constant" value="1.32808320975" />
		<parameter constant_type="double" name="interaction_rate_constant" type="constant" value="0.0163252965606" />
		<parameter constant_type="double" name="interaction_rate_at_drug_sites" type="constant" value="5.34104921507e-05" />
		<parameter constant_type="double" name="interaction_rate_exzone" type="constant" value="0.0948863123456" />
		<parameter constant_type="double" name="mean_career_duration" type="constant" value="20.962104468" />
        <parameter constant_type="double" name="mean_days_acute_naive" type="constant" value="114.720906909" />
		<parameter constant_type="double" name="mean_days_acute_rechallenged" type="constant" value="10.2273753089" />
		<parameter constant_type="double" name="mean_days_naive_to_infectious" type="constant" value="2.85978997281" />
		<parameter constant_type="double" name="mean_enrichment_ChicagoNonNEP" type="constant" value="0.599178710298" />
		<parameter constant_type="double" name="mean_enrichment_suburbs" type="constant" value="2.04712903563" />
		<parameter constant_type="double" name="mean_tie_lifetime" type="constant" value="839.722114061" />
		<parameter constant_type="double" name="net_inflow" type="constant" value="0.0" />
		<parameter constant_type="double" name="nonNEP_age_boost" type="constant" value="4.0294257438" />
		<parameter constant_type="double" name="nonNEP_age_started_boost" type="constant" value="1.06341160627" />
		<parameter constant_type="double" name="nonNEP_degree_boost" type="constant" value="0.157718183489" />
		<parameter constant_type="double" name="nonNEP_hcv_ab_boost" type="constant" value="0.00689942801747" />
		<parameter constant_type="double" name="nonNEP_injection_ratio" type="constant" value="0.82775414208" />
		<parameter constant_type="double" name="nonNEP_sharing_boost" type="constant" value="0.25918954823" />
		<parameter constant_type="string" name="output_directory" type="constant" value="output" />
		<parameter constant_type="double" name="prob_cessation" type="constant" value="0.192420421637" />
		<parameter constant_type="double" name="prob_infected_when_arrive" type="constant" value="0.0144547506178" />
		<parameter constant_type="double" name="prob_self_limiting_female" type="constant" value="0.398742431919" />
		<parameter constant_type="double" name="prob_self_limiting_male" type="constant" value="0.121590368289" />
		<parameter constant_type="double" name="prob_clearing" type="constant" value="0.911576932277" />
		<parameter constant_type="double" name="pwid_maturity_threshold" type="constant" value="3.18861552504" />
        <parameter comment="365*5 + 365 burnin" constant_type="number" name="run_length" shortvalue="4015" type="constant" value="4040" />
        <parameter constant_type="double" name="status_report_frequency" type="constant" value="365.0" />
        <parameter constant_type="double" name="transmissibility" type="constant" value="0.0338066497987" />
        <parameter constant_type="string" name="NEP_data" simulated_value="datagen/NEP_mock_2014.csv" type="constant" value="data/NEP_Risk_Base_Merge.csv" />
        <parameter constant_type="string" name="NHBS_data" simulated_value="datagen/NHBS_mock_2014.csv" type="constant" value="data/IDU2_HCV_model_012913_cleaned.csv" value2012="data/IDU3_2012-2014-04-17.csv" />
</sweep>