<sweep jobNum="143" runs="1">
		
		<parameter constant_type="double" name="ab_prob_acute" type="constant" value="0.0230409084981" />
		<parameter constant_type="double" name="ab_prob_chronic" type="constant" value="0.688313461387" />
		<parameter constant_type="double" name="attrition_rate" type="constant" value="0.0565852656387" />
		<parameter constant_type="double" name="burn_in_days" type="constant" value="365.0" value_nob="0" />
		<parameter constant_type="number" name="dump_network_distances" type="constant" value="-1" />
		<parameter constant_type="double" name="homophily_strength" type="constant" value="0.76862838292" />
		<parameter constant_type="number" name="initial_pwid_count" type="constant" value="33287" />
		<parameter constant_type="double" name="interaction_home_cutoff" type="constant" value="2.23311277244" />
		<parameter constant_type="double" name="interaction_rate_constant" type="constant" value="0.0175044018636" />
		<parameter constant_type="double" name="interaction_rate_at_drug_sites" type="constant" value="6.15985745734e-05" />
		<parameter constant_type="double" name="interaction_rate_exzone" type="constant" value="0.0931545313262" />
		<parameter constant_type="double" name="mean_career_duration" type="constant" value="32.8925634344" />
        <parameter constant_type="double" name="mean_days_acute_naive" type="constant" value="85.3803717154" />
		<parameter constant_type="double" name="mean_days_acute_rechallenged" type="constant" value="44.2968430713" />
		<parameter constant_type="double" name="mean_days_naive_to_infectious" type="constant" value="2.60492796777" />
		<parameter constant_type="double" name="mean_enrichment_ChicagoNonNEP" type="constant" value="0.36561664195" />
		<parameter constant_type="double" name="mean_enrichment_suburbs" type="constant" value="2.41140908255" />
		<parameter constant_type="double" name="mean_tie_lifetime" type="constant" value="522.670415796" />
		<parameter constant_type="double" name="net_inflow" type="constant" value="0.0" />
		<parameter constant_type="double" name="nonNEP_age_boost" type="constant" value="3.59260804835" />
		<parameter constant_type="double" name="nonNEP_age_started_boost" type="constant" value="2.4990434899" />
		<parameter constant_type="double" name="nonNEP_degree_boost" type="constant" value="0.202947960296" />
		<parameter constant_type="double" name="nonNEP_hcv_ab_boost" type="constant" value="0.00495797812487" />
		<parameter constant_type="double" name="nonNEP_injection_ratio" type="constant" value="0.828694892398" />
		<parameter constant_type="double" name="nonNEP_sharing_boost" type="constant" value="0.341146153511" />
		<parameter constant_type="string" name="output_directory" type="constant" value="output" />
		<parameter constant_type="double" name="prob_cessation" type="constant" value="0.245945900304" />
		<parameter constant_type="double" name="prob_infected_when_arrive" type="constant" value="0.0186623282424" />
		<parameter constant_type="double" name="prob_self_limiting_female" type="constant" value="0.367106209472" />
		<parameter constant_type="double" name="prob_self_limiting_male" type="constant" value="0.118850579138" />
		<parameter constant_type="double" name="prob_clearing" type="constant" value="0.782091721177" />
		<parameter constant_type="double" name="pwid_maturity_threshold" type="constant" value="3.06478299514" />
        <parameter comment="365*5 + 365 burnin" constant_type="number" name="run_length" shortvalue="4015" type="constant" value="4040" />
        <parameter constant_type="double" name="status_report_frequency" type="constant" value="365.0" />
        <parameter constant_type="double" name="transmissibility" type="constant" value="0.0307657758821" />
        <parameter constant_type="string" name="NEP_data" simulated_value="datagen/NEP_mock_2014.csv" type="constant" value="data/NEP_Risk_Base_Merge.csv" />
        <parameter constant_type="string" name="NHBS_data" simulated_value="datagen/NHBS_mock_2014.csv" type="constant" value="data/IDU2_HCV_model_012913_cleaned.csv" value2012="data/IDU3_2012-2014-04-17.csv" />
</sweep>