<sweep jobNum="127" runs="1">
		
		<parameter constant_type="double" name="ab_prob_acute" type="constant" value="0.0195720572211" />
		<parameter constant_type="double" name="ab_prob_chronic" type="constant" value="0.577213116668" />
		<parameter constant_type="double" name="attrition_rate" type="constant" value="0.0273193503929" />
		<parameter constant_type="double" name="burn_in_days" type="constant" value="365.0" value_nob="0" />
		<parameter constant_type="number" name="dump_network_distances" type="constant" value="-1" />
		<parameter constant_type="double" name="homophily_strength" type="constant" value="0.694007043853" />
		<parameter constant_type="number" name="initial_pwid_count" type="constant" value="33760" />
		<parameter constant_type="double" name="interaction_home_cutoff" type="constant" value="1.41158210633" />
		<parameter constant_type="double" name="interaction_rate_constant" type="constant" value="0.0116629564698" />
		<parameter constant_type="double" name="interaction_rate_at_drug_sites" type="constant" value="8.8051095605e-05" />
		<parameter constant_type="double" name="interaction_rate_exzone" type="constant" value="0.0856862195735" />
		<parameter constant_type="double" name="mean_career_duration" type="constant" value="27.7032309788" />
        <parameter constant_type="double" name="mean_days_acute_naive" type="constant" value="108.710817968" />
		<parameter constant_type="double" name="mean_days_acute_rechallenged" type="constant" value="44.6169373703" />
		<parameter constant_type="double" name="mean_days_naive_to_infectious" type="constant" value="3.96760850243" />
		<parameter constant_type="double" name="mean_enrichment_ChicagoNonNEP" type="constant" value="0.656688358788" />
		<parameter constant_type="double" name="mean_enrichment_suburbs" type="constant" value="2.35405225885" />
		<parameter constant_type="double" name="mean_tie_lifetime" type="constant" value="528.09573818" />
		<parameter constant_type="double" name="net_inflow" type="constant" value="0.0" />
		<parameter constant_type="double" name="nonNEP_age_boost" type="constant" value="3.63915322806" />
		<parameter constant_type="double" name="nonNEP_age_started_boost" type="constant" value="2.05832874599" />
		<parameter constant_type="double" name="nonNEP_degree_boost" type="constant" value="0.161655820606" />
		<parameter constant_type="double" name="nonNEP_hcv_ab_boost" type="constant" value="0.00665083936658" />
		<parameter constant_type="double" name="nonNEP_injection_ratio" type="constant" value="0.859032952279" />
		<parameter constant_type="double" name="nonNEP_sharing_boost" type="constant" value="0.322291753916" />
		<parameter constant_type="string" name="output_directory" type="constant" value="output" />
		<parameter constant_type="double" name="prob_cessation" type="constant" value="0.326822822364" />
		<parameter constant_type="double" name="prob_infected_when_arrive" type="constant" value="0.0420767460275" />
		<parameter constant_type="double" name="prob_self_limiting_female" type="constant" value="0.388038449686" />
		<parameter constant_type="double" name="prob_self_limiting_male" type="constant" value="0.106212920593" />
		<parameter constant_type="double" name="prob_clearing" type="constant" value="0.890124674878" />
		<parameter constant_type="double" name="pwid_maturity_threshold" type="constant" value="5.59624428823" />
        <parameter comment="365*5 + 365 burnin" constant_type="number" name="run_length" shortvalue="4015" type="constant" value="4040" />
        <parameter constant_type="double" name="status_report_frequency" type="constant" value="365.0" />
        <parameter constant_type="double" name="transmissibility" type="constant" value="0.0243099450553" />
        <parameter constant_type="string" name="NEP_data" simulated_value="datagen/NEP_mock_2014.csv" type="constant" value="data/NEP_Risk_Base_Merge.csv" />
        <parameter constant_type="string" name="NHBS_data" simulated_value="datagen/NHBS_mock_2014.csv" type="constant" value="data/IDU2_HCV_model_012913_cleaned.csv" value2012="data/IDU3_2012-2014-04-17.csv" />
</sweep>