<sweep jobNum="76" runs="1">
		
		<parameter constant_type="double" name="ab_prob_acute" type="constant" value="0.0174337566065" />
		<parameter constant_type="double" name="ab_prob_chronic" type="constant" value="0.490933584875" />
		<parameter constant_type="double" name="attrition_rate" type="constant" value="0.0241527535282" />
		<parameter constant_type="double" name="burn_in_days" type="constant" value="365.0" value_nob="0" />
		<parameter constant_type="number" name="dump_network_distances" type="constant" value="-1" />
		<parameter constant_type="double" name="homophily_strength" type="constant" value="0.703708555609" />
		<parameter constant_type="number" name="initial_pwid_count" type="constant" value="30795" />
		<parameter constant_type="double" name="interaction_home_cutoff" type="constant" value="1.25475568561" />
		<parameter constant_type="double" name="interaction_rate_constant" type="constant" value="0.0144248562803" />
		<parameter constant_type="double" name="interaction_rate_at_drug_sites" type="constant" value="6.9898134592e-05" />
		<parameter constant_type="double" name="interaction_rate_exzone" type="constant" value="0.0868280488799" />
		<parameter constant_type="double" name="mean_career_duration" type="constant" value="29.9564808669" />
        <parameter constant_type="double" name="mean_days_acute_naive" type="constant" value="122.973237228" />
		<parameter constant_type="double" name="mean_days_acute_rechallenged" type="constant" value="31.3814978567" />
		<parameter constant_type="double" name="mean_days_naive_to_infectious" type="constant" value="2.91719511201" />
		<parameter constant_type="double" name="mean_enrichment_ChicagoNonNEP" type="constant" value="0.521144726527" />
		<parameter constant_type="double" name="mean_enrichment_suburbs" type="constant" value="1.59654117705" />
		<parameter constant_type="double" name="mean_tie_lifetime" type="constant" value="533.4886448" />
		<parameter constant_type="double" name="net_inflow" type="constant" value="0.0" />
		<parameter constant_type="double" name="nonNEP_age_boost" type="constant" value="2.02406684982" />
		<parameter constant_type="double" name="nonNEP_age_started_boost" type="constant" value="1.99812214412" />
		<parameter constant_type="double" name="nonNEP_degree_boost" type="constant" value="0.32069176459" />
		<parameter constant_type="double" name="nonNEP_hcv_ab_boost" type="constant" value="0.00979373361759" />
		<parameter constant_type="double" name="nonNEP_injection_ratio" type="constant" value="0.847860286105" />
		<parameter constant_type="double" name="nonNEP_sharing_boost" type="constant" value="0.352140594521" />
		<parameter constant_type="string" name="output_directory" type="constant" value="output" />
		<parameter constant_type="double" name="prob_cessation" type="constant" value="0.185537341228" />
		<parameter constant_type="double" name="prob_infected_when_arrive" type="constant" value="0.071136492153" />
		<parameter constant_type="double" name="prob_self_limiting_female" type="constant" value="0.360136995038" />
		<parameter constant_type="double" name="prob_self_limiting_male" type="constant" value="0.110791414304" />
		<parameter constant_type="double" name="prob_clearing" type="constant" value="0.814774705194" />
		<parameter constant_type="double" name="pwid_maturity_threshold" type="constant" value="3.6129587306" />
        <parameter comment="365*5 + 365 burnin" constant_type="number" name="run_length" shortvalue="4015" type="constant" value="4040" />
        <parameter constant_type="double" name="status_report_frequency" type="constant" value="365.0" />
        <parameter constant_type="double" name="transmissibility" type="constant" value="0.0371439032859" />
        <parameter constant_type="string" name="NEP_data" simulated_value="datagen/NEP_mock_2014.csv" type="constant" value="data/NEP_Risk_Base_Merge.csv" />
        <parameter constant_type="string" name="NHBS_data" simulated_value="datagen/NHBS_mock_2014.csv" type="constant" value="data/IDU2_HCV_model_012913_cleaned.csv" value2012="data/IDU3_2012-2014-04-17.csv" />
</sweep>