<sweep jobNum="293" runs="1">
		
		<parameter constant_type="double" name="ab_prob_acute" type="constant" value="0.0210572363263" />
		<parameter constant_type="double" name="ab_prob_chronic" type="constant" value="0.69168464181" />
		<parameter constant_type="double" name="attrition_rate" type="constant" value="0.0452345632768" />
		<parameter constant_type="double" name="burn_in_days" type="constant" value="365.0" value_nob="0" />
		<parameter constant_type="number" name="dump_network_distances" type="constant" value="-1" />
		<parameter constant_type="double" name="homophily_strength" type="constant" value="0.671972135187" />
		<parameter constant_type="number" name="initial_pwid_count" type="constant" value="30136" />
		<parameter constant_type="double" name="interaction_home_cutoff" type="constant" value="2.45122365975" />
		<parameter constant_type="double" name="interaction_rate_constant" type="constant" value="0.0157089736319" />
		<parameter constant_type="double" name="interaction_rate_at_drug_sites" type="constant" value="8.92218004557e-05" />
		<parameter constant_type="double" name="interaction_rate_exzone" type="constant" value="0.0761400874214" />
		<parameter constant_type="double" name="mean_career_duration" type="constant" value="17.9789106533" />
        <parameter constant_type="double" name="mean_days_acute_naive" type="constant" value="93.6474423938" />
		<parameter constant_type="double" name="mean_days_acute_rechallenged" type="constant" value="28.9700878937" />
		<parameter constant_type="double" name="mean_days_naive_to_infectious" type="constant" value="3.35225294806" />
		<parameter constant_type="double" name="mean_enrichment_ChicagoNonNEP" type="constant" value="0.446313456256" />
		<parameter constant_type="double" name="mean_enrichment_suburbs" type="constant" value="1.73579384809" />
		<parameter constant_type="double" name="mean_tie_lifetime" type="constant" value="654.47780839" />
		<parameter constant_type="double" name="net_inflow" type="constant" value="0.0" />
		<parameter constant_type="double" name="nonNEP_age_boost" type="constant" value="2.17771054743" />
		<parameter constant_type="double" name="nonNEP_age_started_boost" type="constant" value="1.29875325122" />
		<parameter constant_type="double" name="nonNEP_degree_boost" type="constant" value="0.14414613121" />
		<parameter constant_type="double" name="nonNEP_hcv_ab_boost" type="constant" value="0.00259421569503" />
		<parameter constant_type="double" name="nonNEP_injection_ratio" type="constant" value="0.842989498641" />
		<parameter constant_type="double" name="nonNEP_sharing_boost" type="constant" value="0.335992956147" />
		<parameter constant_type="string" name="output_directory" type="constant" value="output" />
		<parameter constant_type="double" name="prob_cessation" type="constant" value="0.146385014462" />
		<parameter constant_type="double" name="prob_infected_when_arrive" type="constant" value="0.052397182459" />
		<parameter constant_type="double" name="prob_self_limiting_female" type="constant" value="0.301500018518" />
		<parameter constant_type="double" name="prob_self_limiting_male" type="constant" value="0.112195393492" />
		<parameter constant_type="double" name="prob_clearing" type="constant" value="0.848003410441" />
		<parameter constant_type="double" name="pwid_maturity_threshold" type="constant" value="3.17135537245" />
        <parameter comment="365*5 + 365 burnin" constant_type="number" name="run_length" shortvalue="4015" type="constant" value="4040" />
        <parameter constant_type="double" name="status_report_frequency" type="constant" value="365.0" />
        <parameter constant_type="double" name="transmissibility" type="constant" value="0.0249488815537" />
        <parameter constant_type="string" name="NEP_data" simulated_value="datagen/NEP_mock_2014.csv" type="constant" value="data/NEP_Risk_Base_Merge.csv" />
        <parameter constant_type="string" name="NHBS_data" simulated_value="datagen/NHBS_mock_2014.csv" type="constant" value="data/IDU2_HCV_model_012913_cleaned.csv" value2012="data/IDU3_2012-2014-04-17.csv" />
</sweep>