<sweep jobNum="168" runs="1">
		
		<parameter constant_type="double" name="ab_prob_acute" type="constant" value="0.0180191865069" />
		<parameter constant_type="double" name="ab_prob_chronic" type="constant" value="0.667613109466" />
		<parameter constant_type="double" name="attrition_rate" type="constant" value="0.0480498796288" />
		<parameter constant_type="double" name="burn_in_days" type="constant" value="365.0" value_nob="0" />
		<parameter constant_type="number" name="dump_network_distances" type="constant" value="-1" />
		<parameter constant_type="double" name="homophily_strength" type="constant" value="0.799530871691" />
		<parameter constant_type="number" name="initial_pwid_count" type="constant" value="31937" />
		<parameter constant_type="double" name="interaction_home_cutoff" type="constant" value="2.7990434899" />
		<parameter constant_type="double" name="interaction_rate_constant" type="constant" value="0.0131784844934" />
		<parameter constant_type="double" name="interaction_rate_at_drug_sites" type="constant" value="5.25226476648e-05" />
		<parameter constant_type="double" name="interaction_rate_exzone" type="constant" value="0.0770287090605" />
		<parameter constant_type="double" name="mean_career_duration" type="constant" value="21.1254191705" />
        <parameter constant_type="double" name="mean_days_acute_naive" type="constant" value="117.394233069" />
		<parameter constant_type="double" name="mean_days_acute_rechallenged" type="constant" value="45.4365010446" />
		<parameter constant_type="double" name="mean_days_naive_to_infectious" type="constant" value="2.54877634025" />
		<parameter constant_type="double" name="mean_enrichment_ChicagoNonNEP" type="constant" value="0.54078038173" />
		<parameter constant_type="double" name="mean_enrichment_suburbs" type="constant" value="1.88051095605" />
		<parameter constant_type="double" name="mean_tie_lifetime" type="constant" value="339.048203919" />
		<parameter constant_type="double" name="net_inflow" type="constant" value="0.0" />
		<parameter constant_type="double" name="nonNEP_age_boost" type="constant" value="2.95293293603" />
		<parameter constant_type="double" name="nonNEP_age_started_boost" type="constant" value="2.37191679025" />
		<parameter constant_type="double" name="nonNEP_degree_boost" type="constant" value="0.150287090605" />
		<parameter constant_type="double" name="nonNEP_hcv_ab_boost" type="constant" value="0.00582298126093" />
		<parameter constant_type="double" name="nonNEP_injection_ratio" type="constant" value="0.884676031735" />
		<parameter constant_type="double" name="nonNEP_sharing_boost" type="constant" value="0.335421609344" />
		<parameter constant_type="string" name="output_directory" type="constant" value="output" />
		<parameter constant_type="double" name="prob_cessation" type="constant" value="0.237919586503" />
		<parameter constant_type="double" name="prob_infected_when_arrive" type="constant" value="0.0832338747405" />
		<parameter constant_type="double" name="prob_self_limiting_female" type="constant" value="0.300647861906" />
		<parameter constant_type="double" name="prob_self_limiting_male" type="constant" value="0.107386271946" />
		<parameter constant_type="double" name="prob_clearing" type="constant" value="0.772428788465" />
		<parameter constant_type="double" name="pwid_maturity_threshold" type="constant" value="3.79592538368" />
        <parameter comment="365*5 + 365 burnin" constant_type="number" name="run_length" shortvalue="4015" type="constant" value="4040" />
        <parameter constant_type="double" name="status_report_frequency" type="constant" value="365.0" />
        <parameter constant_type="double" name="transmissibility" type="constant" value="0.0125455077804" />
        <parameter constant_type="string" name="NEP_data" simulated_value="datagen/NEP_mock_2014.csv" type="constant" value="data/NEP_Risk_Base_Merge.csv" />
        <parameter constant_type="string" name="NHBS_data" simulated_value="datagen/NHBS_mock_2014.csv" type="constant" value="data/IDU2_HCV_model_012913_cleaned.csv" value2012="data/IDU3_2012-2014-04-17.csv" />
</sweep>