<sweep jobNum="55" runs="1">
		
		<parameter constant_type="double" name="ab_prob_acute" type="constant" value="0.011930823541" />
		<parameter constant_type="double" name="ab_prob_chronic" type="constant" value="0.736522878757" />
		<parameter constant_type="double" name="attrition_rate" type="constant" value="0.019397076911" />
		<parameter constant_type="double" name="burn_in_days" type="constant" value="365.0" value_nob="0" />
		<parameter constant_type="number" name="dump_network_distances" type="constant" value="-1" />
		<parameter constant_type="double" name="homophily_strength" type="constant" value="0.611980293308" />
		<parameter constant_type="number" name="initial_pwid_count" type="constant" value="32477" />
		<parameter constant_type="double" name="interaction_home_cutoff" type="constant" value="2.5749067617" />
		<parameter constant_type="double" name="interaction_rate_constant" type="constant" value="0.0190530176581" />
		<parameter constant_type="double" name="interaction_rate_at_drug_sites" type="constant" value="0.000114906107206" />
		<parameter constant_type="double" name="interaction_rate_exzone" type="constant" value="0.0863137804265" />
		<parameter constant_type="double" name="mean_career_duration" type="constant" value="31.3856350669" />
        <parameter constant_type="double" name="mean_days_acute_naive" type="constant" value="102.49914739" />
		<parameter constant_type="double" name="mean_days_acute_rechallenged" type="constant" value="22.9853271215" />
		<parameter constant_type="double" name="mean_days_naive_to_infectious" type="constant" value="3.31007040868" />
		<parameter constant_type="double" name="mean_enrichment_ChicagoNonNEP" type="constant" value="0.45220438242" />
		<parameter constant_type="double" name="mean_enrichment_suburbs" type="constant" value="2.20371840093" />
		<parameter constant_type="double" name="mean_tie_lifetime" type="constant" value="876.377160556" />
		<parameter constant_type="double" name="net_inflow" type="constant" value="0.0" />
		<parameter constant_type="double" name="nonNEP_age_boost" type="constant" value="2.56175393942" />
		<parameter constant_type="double" name="nonNEP_age_started_boost" type="constant" value="1.31108765786" />
		<parameter constant_type="double" name="nonNEP_degree_boost" type="constant" value="0.327182505223" />
		<parameter constant_type="double" name="nonNEP_hcv_ab_boost" type="constant" value="0.0186722059458" />
		<parameter constant_type="double" name="nonNEP_injection_ratio" type="constant" value="0.800700437107" />
		<parameter constant_type="double" name="nonNEP_sharing_boost" type="constant" value="0.392961844844" />
		<parameter constant_type="string" name="output_directory" type="constant" value="output" />
		<parameter constant_type="double" name="prob_cessation" type="constant" value="0.166858957507" />
		<parameter constant_type="double" name="prob_infected_when_arrive" type="constant" value="0.0638476050402" />
		<parameter constant_type="double" name="prob_self_limiting_female" type="constant" value="0.305974600587" />
		<parameter constant_type="double" name="prob_self_limiting_male" type="constant" value="0.109199800421" />
		<parameter constant_type="double" name="prob_clearing" type="constant" value="0.767718183489" />
		<parameter constant_type="double" name="pwid_maturity_threshold" type="constant" value="6.25923689688" />
        <parameter comment="365*5 + 365 burnin" constant_type="number" name="run_length" shortvalue="4015" type="constant" value="4040" />
        <parameter constant_type="double" name="status_report_frequency" type="constant" value="365.0" />
        <parameter constant_type="double" name="transmissibility" type="constant" value="0.0175404663333" />
        <parameter constant_type="string" name="NEP_data" simulated_value="datagen/NEP_mock_2014.csv" type="constant" value="data/NEP_Risk_Base_Merge.csv" />
        <parameter constant_type="string" name="NHBS_data" simulated_value="datagen/NHBS_mock_2014.csv" type="constant" value="data/IDU2_HCV_model_012913_cleaned.csv" value2012="data/IDU3_2012-2014-04-17.csv" />
</sweep>