<sweep jobNum="78" runs="1">
		
		<parameter constant_type="double" name="ab_prob_acute" type="constant" value="0.01653809874" />
		<parameter constant_type="double" name="ab_prob_chronic" type="constant" value="0.625415921728" />
		<parameter constant_type="double" name="attrition_rate" type="constant" value="0.0136403370303" />
		<parameter constant_type="double" name="burn_in_days" type="constant" value="365.0" value_nob="0" />
		<parameter constant_type="number" name="dump_network_distances" type="constant" value="-1" />
		<parameter constant_type="double" name="homophily_strength" type="constant" value="0.752841230383" />
		<parameter constant_type="number" name="initial_pwid_count" type="constant" value="31135" />
		<parameter constant_type="double" name="interaction_home_cutoff" type="constant" value="2.18646012847" />
		<parameter constant_type="double" name="interaction_rate_constant" type="constant" value="0.019170473823" />
		<parameter constant_type="double" name="interaction_rate_at_drug_sites" type="constant" value="0.000147477352335" />
		<parameter constant_type="double" name="interaction_rate_exzone" type="constant" value="0.0906389101227" />
		<parameter constant_type="double" name="mean_career_duration" type="constant" value="25.6953807735" />
        <parameter constant_type="double" name="mean_days_acute_naive" type="constant" value="112.965707574" />
		<parameter constant_type="double" name="mean_days_acute_rechallenged" type="constant" value="45.9425818789" />
		<parameter constant_type="double" name="mean_days_naive_to_infectious" type="constant" value="2.61108765786" />
		<parameter constant_type="double" name="mean_enrichment_ChicagoNonNEP" type="constant" value="0.387700044877" />
		<parameter constant_type="double" name="mean_enrichment_suburbs" type="constant" value="1.92989498641" />
		<parameter constant_type="double" name="mean_tie_lifetime" type="constant" value="441.8841415" />
		<parameter constant_type="double" name="net_inflow" type="constant" value="0.0" />
		<parameter constant_type="double" name="nonNEP_age_boost" type="constant" value="2.50788485883" />
		<parameter constant_type="double" name="nonNEP_age_started_boost" type="constant" value="2.1449171584" />
		<parameter constant_type="double" name="nonNEP_degree_boost" type="constant" value="0.280124674878" />
		<parameter constant_type="double" name="nonNEP_hcv_ab_boost" type="constant" value="0.00382631396065" />
		<parameter constant_type="double" name="nonNEP_injection_ratio" type="constant" value="0.869445617107" />
		<parameter constant_type="double" name="nonNEP_sharing_boost" type="constant" value="0.310191865069" />
		<parameter constant_type="string" name="output_directory" type="constant" value="output" />
		<parameter constant_type="double" name="prob_cessation" type="constant" value="0.188064090529" />
		<parameter constant_type="double" name="prob_infected_when_arrive" type="constant" value="0.0503422539328" />
		<parameter constant_type="double" name="prob_self_limiting_female" type="constant" value="0.30940954459" />
		<parameter constant_type="double" name="prob_self_limiting_male" type="constant" value="0.125269930353" />
		<parameter constant_type="double" name="prob_clearing" type="constant" value="0.768515784644" />
		<parameter constant_type="double" name="pwid_maturity_threshold" type="constant" value="5.4779561758" />
        <parameter comment="365*5 + 365 burnin" constant_type="number" name="run_length" shortvalue="4015" type="constant" value="4040" />
        <parameter constant_type="double" name="status_report_frequency" type="constant" value="365.0" />
        <parameter constant_type="double" name="transmissibility" type="constant" value="0.0438650161713" />
        <parameter constant_type="string" name="NEP_data" simulated_value="datagen/NEP_mock_2014.csv" type="constant" value="data/NEP_Risk_Base_Merge.csv" />
        <parameter constant_type="string" name="NHBS_data" simulated_value="datagen/NHBS_mock_2014.csv" type="constant" value="data/IDU2_HCV_model_012913_cleaned.csv" value2012="data/IDU3_2012-2014-04-17.csv" />
</sweep>