<sweep jobNum="251" runs="1">
		
		<parameter constant_type="double" name="ab_prob_acute" type="constant" value="0.0225662433935" />
		<parameter constant_type="double" name="ab_prob_chronic" type="constant" value="0.543998288289" />
		<parameter constant_type="double" name="attrition_rate" type="constant" value="0.0537141199027" />
		<parameter constant_type="double" name="burn_in_days" type="constant" value="365.0" value_nob="0" />
		<parameter constant_type="number" name="dump_network_distances" type="constant" value="-1" />
		<parameter constant_type="double" name="homophily_strength" type="constant" value="0.733410230425" />
		<parameter constant_type="number" name="initial_pwid_count" type="constant" value="32039" />
		<parameter constant_type="double" name="interaction_home_cutoff" type="constant" value="1.91146997201" />
		<parameter constant_type="double" name="interaction_rate_constant" type="constant" value="0.0158802046265" />
		<parameter constant_type="double" name="interaction_rate_at_drug_sites" type="constant" value="0.000122877407928" />
		<parameter constant_type="double" name="interaction_rate_exzone" type="constant" value="0.0900124674878" />
		<parameter constant_type="double" name="mean_career_duration" type="constant" value="34.5039169648" />
        <parameter constant_type="double" name="mean_days_acute_naive" type="constant" value="87.6273309575" />
		<parameter constant_type="double" name="mean_days_acute_rechallenged" type="constant" value="46.8126305613" />
		<parameter constant_type="double" name="mean_days_naive_to_infectious" type="constant" value="2.84825938643" />
		<parameter constant_type="double" name="mean_enrichment_ChicagoNonNEP" type="constant" value="0.66138352918" />
		<parameter constant_type="double" name="mean_enrichment_suburbs" type="constant" value="1.92412969321" />
		<parameter constant_type="double" name="mean_tie_lifetime" type="constant" value="640.798372187" />
		<parameter constant_type="double" name="net_inflow" type="constant" value="0.0" />
		<parameter constant_type="double" name="nonNEP_age_boost" type="constant" value="1.83643182697" />
		<parameter constant_type="double" name="nonNEP_age_started_boost" type="constant" value="2.26819050221" />
		<parameter constant_type="double" name="nonNEP_degree_boost" type="constant" value="0.145936847193" />
		<parameter constant_type="double" name="nonNEP_hcv_ab_boost" type="constant" value="0.0197056208459" />
		<parameter constant_type="double" name="nonNEP_injection_ratio" type="constant" value="0.800234564154" />
		<parameter constant_type="double" name="nonNEP_sharing_boost" type="constant" value="0.301378370974" />
		<parameter constant_type="string" name="output_directory" type="constant" value="output" />
		<parameter constant_type="double" name="prob_cessation" type="constant" value="0.189316923577" />
		<parameter constant_type="double" name="prob_infected_when_arrive" type="constant" value="0.0322033136639" />
		<parameter constant_type="double" name="prob_self_limiting_female" type="constant" value="0.365560695748" />
		<parameter constant_type="double" name="prob_self_limiting_male" type="constant" value="0.112942867197" />
		<parameter constant_type="double" name="prob_clearing" type="constant" value="0.825514836372" />
		<parameter constant_type="double" name="pwid_maturity_threshold" type="constant" value="3.30586541756" />
        <parameter comment="365*5 + 365 burnin" constant_type="number" name="run_length" shortvalue="4015" type="constant" value="4040" />
        <parameter constant_type="double" name="status_report_frequency" type="constant" value="365.0" />
        <parameter constant_type="double" name="transmissibility" type="constant" value="0.0359007220295" />
        <parameter constant_type="string" name="NEP_data" simulated_value="datagen/NEP_mock_2014.csv" type="constant" value="data/NEP_Risk_Base_Merge.csv" />
        <parameter constant_type="string" name="NHBS_data" simulated_value="datagen/NHBS_mock_2014.csv" type="constant" value="data/IDU2_HCV_model_012913_cleaned.csv" value2012="data/IDU3_2012-2014-04-17.csv" />
</sweep>