<sweep jobNum="244" runs="1">
		
		<parameter constant_type="double" name="ab_prob_acute" type="constant" value="0.0157389784796" />
		<parameter constant_type="double" name="ab_prob_chronic" type="constant" value="0.507820153671" />
		<parameter constant_type="double" name="attrition_rate" type="constant" value="0.0395824947219" />
		<parameter constant_type="double" name="burn_in_days" type="constant" value="365.0" value_nob="0" />
		<parameter constant_type="number" name="dump_network_distances" type="constant" value="-1" />
		<parameter constant_type="double" name="homophily_strength" type="constant" value="0.665985999739" />
		<parameter constant_type="number" name="initial_pwid_count" type="constant" value="32728" />
		<parameter constant_type="double" name="interaction_home_cutoff" type="constant" value="2.6576871248" />
		<parameter constant_type="double" name="interaction_rate_constant" type="constant" value="0.0147066160547" />
		<parameter constant_type="double" name="interaction_rate_at_drug_sites" type="constant" value="8.53917979805e-05" />
		<parameter constant_type="double" name="interaction_rate_exzone" type="constant" value="0.0792808320975" />
		<parameter constant_type="double" name="mean_career_duration" type="constant" value="28.8358149974" />
        <parameter constant_type="double" name="mean_days_acute_naive" type="constant" value="80.412157429" />
		<parameter constant_type="double" name="mean_days_acute_rechallenged" type="constant" value="28.1711269664" />
		<parameter constant_type="double" name="mean_days_naive_to_infectious" type="constant" value="2.68393892515" />
		<parameter constant_type="double" name="mean_enrichment_ChicagoNonNEP" type="constant" value="0.625923689688" />
		<parameter constant_type="double" name="mean_enrichment_suburbs" type="constant" value="2.15803053742" />
		<parameter constant_type="double" name="mean_tie_lifetime" type="constant" value="718.949651532" />
		<parameter constant_type="double" name="net_inflow" type="constant" value="0.0" />
		<parameter constant_type="double" name="nonNEP_age_boost" type="constant" value="3.61115520279" />
		<parameter constant_type="double" name="nonNEP_age_started_boost" type="constant" value="2.32961844844" />
		<parameter constant_type="double" name="nonNEP_degree_boost" type="constant" value="0.277052039704" />
		<parameter constant_type="double" name="nonNEP_hcv_ab_boost" type="constant" value="0.00569255685649" />
		<parameter constant_type="double" name="nonNEP_injection_ratio" type="constant" value="0.829628159907" />
		<parameter constant_type="double" name="nonNEP_sharing_boost" type="constant" value="0.329144365168" />
		<parameter constant_type="string" name="output_directory" type="constant" value="output" />
		<parameter constant_type="double" name="prob_cessation" type="constant" value="0.328626409877" />
		<parameter constant_type="double" name="prob_infected_when_arrive" type="constant" value="0.0786181253048" />
		<parameter constant_type="double" name="prob_self_limiting_female" type="constant" value="0.333939818933" />
		<parameter constant_type="double" name="prob_self_limiting_male" type="constant" value="0.123764724601" />
		<parameter constant_type="double" name="prob_clearing" type="constant" value="0.920079394458" />
		<parameter constant_type="double" name="pwid_maturity_threshold" type="constant" value="4.66185021433" />
        <parameter comment="365*5 + 365 burnin" constant_type="number" name="run_length" shortvalue="4015" type="constant" value="4040" />
        <parameter constant_type="double" name="status_report_frequency" type="constant" value="365.0" />
        <parameter constant_type="double" name="transmissibility" type="constant" value="0.0479173908465" />
        <parameter constant_type="string" name="NEP_data" simulated_value="datagen/NEP_mock_2014.csv" type="constant" value="data/NEP_Risk_Base_Merge.csv" />
        <parameter constant_type="string" name="NHBS_data" simulated_value="datagen/NHBS_mock_2014.csv" type="constant" value="data/IDU2_HCV_model_012913_cleaned.csv" value2012="data/IDU3_2012-2014-04-17.csv" />
</sweep>