<sweep jobNum="290" runs="1">
		
		<parameter constant_type="double" name="ab_prob_acute" type="constant" value="0.0115293270878" />
		<parameter constant_type="double" name="ab_prob_chronic" type="constant" value="0.70743841458" />
		<parameter constant_type="double" name="attrition_rate" type="constant" value="0.0555167096723" />
		<parameter constant_type="double" name="burn_in_days" type="constant" value="365.0" value_nob="0" />
		<parameter constant_type="number" name="dump_network_distances" type="constant" value="-1" />
		<parameter constant_type="double" name="homophily_strength" type="constant" value="0.707708246084" />
		<parameter constant_type="number" name="initial_pwid_count" type="constant" value="33190" />
		<parameter constant_type="double" name="interaction_home_cutoff" type="constant" value="1.56764325241" />
		<parameter constant_type="double" name="interaction_rate_constant" type="constant" value="0.0125908569868" />
		<parameter constant_type="double" name="interaction_rate_at_drug_sites" type="constant" value="8.50938927942e-05" />
		<parameter constant_type="double" name="interaction_rate_exzone" type="constant" value="0.0829590915019" />
		<parameter constant_type="double" name="mean_career_duration" type="constant" value="11.7616266445" />
        <parameter constant_type="double" name="mean_days_acute_naive" type="constant" value="77.5810344788" />
		<parameter constant_type="double" name="mean_days_acute_rechallenged" type="constant" value="21.0761974799" />
		<parameter constant_type="double" name="mean_days_naive_to_infectious" type="constant" value="3.26843271872" />
		<parameter constant_type="double" name="mean_enrichment_ChicagoNonNEP" type="constant" value="0.461546501383" />
		<parameter constant_type="double" name="mean_enrichment_suburbs" type="constant" value="2.10195095432" />
		<parameter constant_type="double" name="mean_tie_lifetime" type="constant" value="855.339316838" />
		<parameter constant_type="double" name="net_inflow" type="constant" value="0.0" />
		<parameter constant_type="double" name="nonNEP_age_boost" type="constant" value="3.6958365184" />
		<parameter constant_type="double" name="nonNEP_age_started_boost" type="constant" value="2.26149977562" />
		<parameter constant_type="double" name="nonNEP_degree_boost" type="constant" value="0.248853002799" />
		<parameter constant_type="double" name="nonNEP_hcv_ab_boost" type="constant" value="0.00549520446075" />
		<parameter constant_type="double" name="nonNEP_injection_ratio" type="constant" value="0.882531105006" />
		<parameter constant_type="double" name="nonNEP_sharing_boost" type="constant" value="0.338853002799" />
		<parameter constant_type="string" name="output_directory" type="constant" value="output" />
		<parameter constant_type="double" name="prob_cessation" type="constant" value="0.1960952287" />
		<parameter constant_type="double" name="prob_infected_when_arrive" type="constant" value="0.0795094130187" />
		<parameter constant_type="double" name="prob_self_limiting_female" type="constant" value="0.397759899629" />
		<parameter constant_type="double" name="prob_self_limiting_male" type="constant" value="0.138033106543" />
		<parameter constant_type="double" name="prob_clearing" type="constant" value="0.870390190865" />
		<parameter constant_type="double" name="pwid_maturity_threshold" type="constant" value="6.10966818251" />
        <parameter comment="365*5 + 365 burnin" constant_type="number" name="run_length" shortvalue="4015" type="constant" value="4040" />
        <parameter constant_type="double" name="status_report_frequency" type="constant" value="365.0" />
        <parameter constant_type="double" name="transmissibility" type="constant" value="0.0296813115522" />
        <parameter constant_type="string" name="NEP_data" simulated_value="datagen/NEP_mock_2014.csv" type="constant" value="data/NEP_Risk_Base_Merge.csv" />
        <parameter constant_type="string" name="NHBS_data" simulated_value="datagen/NHBS_mock_2014.csv" type="constant" value="data/IDU2_HCV_model_012913_cleaned.csv" value2012="data/IDU3_2012-2014-04-17.csv" />
</sweep>