<sweep jobNum="270" runs="1">
		
		<parameter constant_type="double" name="ab_prob_acute" type="constant" value="0.0296760850243" />
		<parameter constant_type="double" name="ab_prob_chronic" type="constant" value="0.576334041668" />
		<parameter constant_type="double" name="attrition_rate" type="constant" value="0.0390027736052" />
		<parameter constant_type="double" name="burn_in_days" type="constant" value="365.0" value_nob="0" />
		<parameter constant_type="number" name="dump_network_distances" type="constant" value="-1" />
		<parameter constant_type="double" name="homophily_strength" type="constant" value="0.730409084981" />
		<parameter constant_type="number" name="initial_pwid_count" type="constant" value="33710" />
		<parameter constant_type="double" name="interaction_home_cutoff" type="constant" value="2.21556399089" />
		<parameter constant_type="double" name="interaction_rate_constant" type="constant" value="0.0154000647468" />
		<parameter constant_type="double" name="interaction_rate_at_drug_sites" type="constant" value="0.000144856454697" />
		<parameter constant_type="double" name="interaction_rate_exzone" type="constant" value="0.0799796269184" />
		<parameter constant_type="double" name="mean_career_duration" type="constant" value="20.0333794464" />
        <parameter constant_type="double" name="mean_days_acute_naive" type="constant" value="95.289182032" />
		<parameter constant_type="double" name="mean_days_acute_rechallenged" type="constant" value="37.4050516886" />
		<parameter constant_type="double" name="mean_days_naive_to_infectious" type="constant" value="2.51696663026" />
		<parameter constant_type="double" name="mean_enrichment_ChicagoNonNEP" type="constant" value="0.49372439147" />
		<parameter constant_type="double" name="mean_enrichment_suburbs" type="constant" value="1.64594774115" />
		<parameter constant_type="double" name="mean_tie_lifetime" type="constant" value="623.733702982" />
		<parameter constant_type="double" name="net_inflow" type="constant" value="0.0" />
		<parameter constant_type="double" name="nonNEP_age_boost" type="constant" value="2.69414713703" />
		<parameter constant_type="double" name="nonNEP_age_started_boost" type="constant" value="1.55978997281" />
		<parameter constant_type="double" name="nonNEP_degree_boost" type="constant" value="0.221934095443" />
		<parameter constant_type="double" name="nonNEP_hcv_ab_boost" type="constant" value="0.000456885239098" />
		<parameter constant_type="double" name="nonNEP_injection_ratio" type="constant" value="0.854140244399" />
		<parameter constant_type="double" name="nonNEP_sharing_boost" type="constant" value="0.359216404039" />
		<parameter constant_type="string" name="output_directory" type="constant" value="output" />
		<parameter constant_type="double" name="prob_cessation" type="constant" value="0.239062669118" />
		<parameter constant_type="double" name="prob_infected_when_arrive" type="constant" value="0.048744878294" />
		<parameter constant_type="double" name="prob_self_limiting_female" type="constant" value="0.358075305682" />
		<parameter constant_type="double" name="prob_self_limiting_male" type="constant" value="0.125153392479" />
		<parameter constant_type="double" name="prob_clearing" type="constant" value="0.824926635607" />
		<parameter constant_type="double" name="pwid_maturity_threshold" type="constant" value="6.52077995843" />
        <parameter comment="365*5 + 365 burnin" constant_type="number" name="run_length" shortvalue="4015" type="constant" value="4040" />
        <parameter constant_type="double" name="status_report_frequency" type="constant" value="365.0" />
        <parameter constant_type="double" name="transmissibility" type="constant" value="0.00589745085407" />
        <parameter constant_type="string" name="NEP_data" simulated_value="datagen/NEP_mock_2014.csv" type="constant" value="data/NEP_Risk_Base_Merge.csv" />
        <parameter constant_type="string" name="NHBS_data" simulated_value="datagen/NHBS_mock_2014.csv" type="constant" value="data/IDU2_HCV_model_012913_cleaned.csv" value2012="data/IDU3_2012-2014-04-17.csv" />
</sweep>