<sweep jobNum="218" runs="1">
		
		<parameter constant_type="double" name="ab_prob_acute" type="constant" value="0.025023543949" />
		<parameter constant_type="double" name="ab_prob_chronic" type="constant" value="0.710232688522" />
		<parameter constant_type="double" name="attrition_rate" type="constant" value="0.0688850395257" />
		<parameter constant_type="double" name="burn_in_days" type="constant" value="365.0" value_nob="0" />
		<parameter constant_type="number" name="dump_network_distances" type="constant" value="-1" />
		<parameter constant_type="double" name="homophily_strength" type="constant" value="0.718065904557" />
		<parameter constant_type="number" name="initial_pwid_count" type="constant" value="33343" />
		<parameter constant_type="double" name="interaction_home_cutoff" type="constant" value="2.64358940283" />
		<parameter constant_type="double" name="interaction_rate_constant" type="constant" value="0.0158117317441" />
		<parameter constant_type="double" name="interaction_rate_at_drug_sites" type="constant" value="0.000118220890037" />
		<parameter constant_type="double" name="interaction_rate_exzone" type="constant" value="0.0838443600911" />
		<parameter constant_type="double" name="mean_career_duration" type="constant" value="22.304459048" />
        <parameter constant_type="double" name="mean_days_acute_naive" type="constant" value="105.793515339" />
		<parameter constant_type="double" name="mean_days_acute_rechallenged" type="constant" value="12.485757693" />
		<parameter constant_type="double" name="mean_days_naive_to_infectious" type="constant" value="3.41986418146" />
		<parameter constant_type="double" name="mean_enrichment_ChicagoNonNEP" type="constant" value="0.603067921488" />
		<parameter constant_type="double" name="mean_enrichment_suburbs" type="constant" value="1.70917547249" />
		<parameter constant_type="double" name="mean_tie_lifetime" type="constant" value="805.990212504" />
		<parameter constant_type="double" name="net_inflow" type="constant" value="0.0" />
		<parameter constant_type="double" name="nonNEP_age_boost" type="constant" value="1.70472944574" />
		<parameter constant_type="double" name="nonNEP_age_started_boost" type="constant" value="2.67675862085" />
		<parameter constant_type="double" name="nonNEP_degree_boost" type="constant" value="0.181835094499" />
		<parameter constant_type="double" name="nonNEP_hcv_ab_boost" type="constant" value="0.00404516204484" />
		<parameter constant_type="double" name="nonNEP_injection_ratio" type="constant" value="0.870062337439" />
		<parameter constant_type="double" name="nonNEP_sharing_boost" type="constant" value="0.321719511201" />
		<parameter constant_type="string" name="output_directory" type="constant" value="output" />
		<parameter constant_type="double" name="prob_cessation" type="constant" value="0.310232151923" />
		<parameter constant_type="double" name="prob_infected_when_arrive" type="constant" value="0.0865728925509" />
		<parameter constant_type="double" name="prob_self_limiting_female" type="constant" value="0.321755846774" />
		<parameter constant_type="double" name="prob_self_limiting_male" type="constant" value="0.126562402388" />
		<parameter constant_type="double" name="prob_clearing" type="constant" value="0.924524431439" />
		<parameter constant_type="double" name="pwid_maturity_threshold" type="constant" value="6.46053541042" />
        <parameter comment="365*5 + 365 burnin" constant_type="number" name="run_length" shortvalue="4015" type="constant" value="4040" />
        <parameter constant_type="double" name="status_report_frequency" type="constant" value="365.0" />
        <parameter constant_type="double" name="transmissibility" type="constant" value="0.00850491527322" />
        <parameter constant_type="string" name="NEP_data" simulated_value="datagen/NEP_mock_2014.csv" type="constant" value="data/NEP_Risk_Base_Merge.csv" />
        <parameter constant_type="string" name="NHBS_data" simulated_value="datagen/NHBS_mock_2014.csv" type="constant" value="data/IDU2_HCV_model_012913_cleaned.csv" value2012="data/IDU3_2012-2014-04-17.csv" />
</sweep>