<sweep jobNum="264" runs="1">
		
		<parameter constant_type="double" name="ab_prob_acute" type="constant" value="0.0214597289439" />
		<parameter constant_type="double" name="ab_prob_chronic" type="constant" value="0.671607150863" />
		<parameter constant_type="double" name="attrition_rate" type="constant" value="0.0370987203226" />
		<parameter constant_type="double" name="burn_in_days" type="constant" value="365.0" value_nob="0" />
		<parameter constant_type="number" name="dump_network_distances" type="constant" value="-1" />
		<parameter constant_type="double" name="homophily_strength" type="constant" value="0.7174864036" />
		<parameter constant_type="number" name="initial_pwid_count" type="constant" value="32814" />
		<parameter constant_type="double" name="interaction_home_cutoff" type="constant" value="1.70783595961" />
		<parameter constant_type="double" name="interaction_rate_constant" type="constant" value="0.0106682125927" />
		<parameter constant_type="double" name="interaction_rate_at_drug_sites" type="constant" value="0.000110486469211" />
		<parameter constant_type="double" name="interaction_rate_exzone" type="constant" value="0.0870572363263" />
		<parameter constant_type="double" name="mean_career_duration" type="constant" value="27.3852076854" />
        <parameter constant_type="double" name="mean_days_acute_naive" type="constant" value="100.501760963" />
		<parameter constant_type="double" name="mean_days_acute_rechallenged" type="constant" value="32.779561758" />
		<parameter constant_type="double" name="mean_days_naive_to_infectious" type="constant" value="3.16329141059" />
		<parameter constant_type="double" name="mean_enrichment_ChicagoNonNEP" type="constant" value="0.596606673948" />
		<parameter constant_type="double" name="mean_enrichment_suburbs" type="constant" value="2.28745338085" />
		<parameter constant_type="double" name="mean_tie_lifetime" type="constant" value="751.710078976" />
		<parameter constant_type="double" name="net_inflow" type="constant" value="0.0" />
		<parameter constant_type="double" name="nonNEP_age_boost" type="constant" value="3.70537887665" />
		<parameter constant_type="double" name="nonNEP_age_started_boost" type="constant" value="1.7142608899" />
		<parameter constant_type="double" name="nonNEP_degree_boost" type="constant" value="0.214926635607" />
		<parameter constant_type="double" name="nonNEP_hcv_ab_boost" type="constant" value="0.000357272914337" />
		<parameter constant_type="double" name="nonNEP_injection_ratio" type="constant" value="0.843277409364" />
		<parameter constant_type="double" name="nonNEP_sharing_boost" type="constant" value="0.356843271872" />
		<parameter constant_type="string" name="output_directory" type="constant" value="output" />
		<parameter constant_type="double" name="prob_cessation" type="constant" value="0.259948504086" />
		<parameter constant_type="double" name="prob_infected_when_arrive" type="constant" value="0.0366359078301" />
		<parameter constant_type="double" name="prob_self_limiting_female" type="constant" value="0.381502469097" />
		<parameter constant_type="double" name="prob_self_limiting_male" type="constant" value="0.137386733608" />
		<parameter constant_type="double" name="prob_clearing" type="constant" value="0.922284058837" />
		<parameter constant_type="double" name="pwid_maturity_threshold" type="constant" value="5.60818169962" />
        <parameter comment="365*5 + 365 burnin" constant_type="number" name="run_length" shortvalue="4015" type="constant" value="4040" />
        <parameter constant_type="double" name="status_report_frequency" type="constant" value="365.0" />
        <parameter constant_type="double" name="transmissibility" type="constant" value="0.0319007679984" />
        <parameter constant_type="string" name="NEP_data" simulated_value="datagen/NEP_mock_2014.csv" type="constant" value="data/NEP_Risk_Base_Merge.csv" />
        <parameter constant_type="string" name="NHBS_data" simulated_value="datagen/NHBS_mock_2014.csv" type="constant" value="data/IDU2_HCV_model_012913_cleaned.csv" value2012="data/IDU3_2012-2014-04-17.csv" />
</sweep>