<sweep jobNum="10" runs="1">
		
		<parameter constant_type="double" name="ab_prob_acute" type="constant" value="0.0103239149757" />
		<parameter constant_type="double" name="ab_prob_chronic" type="constant" value="0.694392871257" />
		<parameter constant_type="double" name="attrition_rate" type="constant" value="0.0618288766801" />
		<parameter constant_type="double" name="burn_in_days" type="constant" value="365.0" value_nob="0" />
		<parameter constant_type="number" name="dump_network_distances" type="constant" value="-1" />
		<parameter constant_type="double" name="homophily_strength" type="constant" value="0.763658839373" />
		<parameter constant_type="number" name="initial_pwid_count" type="constant" value="30463" />
		<parameter constant_type="double" name="interaction_home_cutoff" type="constant" value="1.85978997281" />
		<parameter constant_type="double" name="interaction_rate_constant" type="constant" value="0.0171884880959" />
		<parameter constant_type="double" name="interaction_rate_at_drug_sites" type="constant" value="9.70035219263e-05" />
		<parameter constant_type="double" name="interaction_rate_exzone" type="constant" value="0.0901364250623" />
		<parameter constant_type="double" name="mean_career_duration" type="constant" value="18.3762950711" />
        <parameter constant_type="double" name="mean_days_acute_naive" type="constant" value="82.4139551515" />
		<parameter constant_type="double" name="mean_days_acute_rechallenged" type="constant" value="12.9440887794" />
		<parameter constant_type="double" name="mean_days_naive_to_infectious" type="constant" value="3.72284058837" />
		<parameter constant_type="double" name="mean_enrichment_ChicagoNonNEP" type="constant" value="0.502852177979" />
		<parameter constant_type="double" name="mean_enrichment_suburbs" type="constant" value="1.92124330744" />
		<parameter constant_type="double" name="mean_tie_lifetime" type="constant" value="622.027423405" />
		<parameter constant_type="double" name="net_inflow" type="constant" value="0.0" />
		<parameter constant_type="double" name="nonNEP_age_boost" type="constant" value="4.1066029882" />
		<parameter constant_type="double" name="nonNEP_age_started_boost" type="constant" value="1.48443600911" />
		<parameter constant_type="double" name="nonNEP_degree_boost" type="constant" value="0.183850022438" />
		<parameter constant_type="double" name="nonNEP_hcv_ab_boost" type="constant" value="0.01695073741" />
		<parameter constant_type="double" name="nonNEP_injection_ratio" type="constant" value="0.874472667102" />
		<parameter constant_type="double" name="nonNEP_sharing_boost" type="constant" value="0.35389780879" />
		<parameter constant_type="string" name="output_directory" type="constant" value="output" />
		<parameter constant_type="double" name="prob_cessation" type="constant" value="0.139604539369" />
		<parameter constant_type="double" name="prob_infected_when_arrive" type="constant" value="0.0740814923264" />
		<parameter constant_type="double" name="prob_self_limiting_female" type="constant" value="0.314436071144" />
		<parameter constant_type="double" name="prob_self_limiting_male" type="constant" value="0.123305108943" />
		<parameter constant_type="double" name="prob_clearing" type="constant" value="0.91862838292" />
		<parameter constant_type="double" name="pwid_maturity_threshold" type="constant" value="6.82864462755" />
        <parameter comment="365*5 + 365 burnin" constant_type="number" name="run_length" shortvalue="4015" type="constant" value="4040" />
        <parameter constant_type="double" name="status_report_frequency" type="constant" value="365.0" />
        <parameter constant_type="double" name="transmissibility" type="constant" value="0.0423390225115" />
        <parameter constant_type="string" name="NEP_data" simulated_value="datagen/NEP_mock_2014.csv" type="constant" value="data/NEP_Risk_Base_Merge.csv" />
        <parameter constant_type="string" name="NHBS_data" simulated_value="datagen/NHBS_mock_2014.csv" type="constant" value="data/IDU2_HCV_model_012913_cleaned.csv" value2012="data/IDU3_2012-2014-04-17.csv" />
</sweep>