<sweep jobNum="150" runs="1">
		
		<parameter constant_type="double" name="ab_prob_acute" type="constant" value="0.0183670858941" />
		<parameter constant_type="double" name="ab_prob_chronic" type="constant" value="0.579823306154" />
		<parameter constant_type="double" name="attrition_rate" type="constant" value="0.0357889130583" />
		<parameter constant_type="double" name="burn_in_days" type="constant" value="365.0" value_nob="0" />
		<parameter constant_type="number" name="dump_network_distances" type="constant" value="-1" />
		<parameter constant_type="double" name="homophily_strength" type="constant" value="0.671378370974" />
		<parameter constant_type="number" name="initial_pwid_count" type="constant" value="32852" />
		<parameter constant_type="double" name="interaction_home_cutoff" type="constant" value="2.76802850853" />
		<parameter constant_type="double" name="interaction_rate_constant" type="constant" value="0.0150895563186" />
		<parameter constant_type="double" name="interaction_rate_at_drug_sites" type="constant" value="8.59860675933e-05" />
		<parameter constant_type="double" name="interaction_rate_exzone" type="constant" value="0.0890409084981" />
		<parameter constant_type="double" name="mean_career_duration" type="constant" value="33.2105630916" />
        <parameter constant_type="double" name="mean_days_acute_naive" type="constant" value="98.9262862362" />
		<parameter constant_type="double" name="mean_days_acute_rechallenged" type="constant" value="27.2582888781" />
		<parameter constant_type="double" name="mean_days_naive_to_infectious" type="constant" value="2.58635749377" />
		<parameter constant_type="double" name="mean_enrichment_ChicagoNonNEP" type="constant" value="0.5349728072" />
		<parameter constant_type="double" name="mean_enrichment_suburbs" type="constant" value="2.13717543553" />
		<parameter constant_type="double" name="mean_tie_lifetime" type="constant" value="587.788517113" />
		<parameter constant_type="double" name="net_inflow" type="constant" value="0.0" />
		<parameter constant_type="double" name="nonNEP_age_boost" type="constant" value="1.93784322345" />
		<parameter constant_type="double" name="nonNEP_age_started_boost" type="constant" value="2.10124674878" />
		<parameter constant_type="double" name="nonNEP_degree_boost" type="constant" value="0.166973229479" />
		<parameter constant_type="double" name="nonNEP_hcv_ab_boost" type="constant" value="0.0153278200266" />
		<parameter constant_type="double" name="nonNEP_injection_ratio" type="constant" value="0.857587030679" />
		<parameter constant_type="double" name="nonNEP_sharing_boost" type="constant" value="0.233239149757" />
		<parameter constant_type="string" name="output_directory" type="constant" value="output" />
		<parameter constant_type="double" name="prob_cessation" type="constant" value="0.207443778178" />
		<parameter constant_type="double" name="prob_infected_when_arrive" type="constant" value="0.045082057978" />
		<parameter constant_type="double" name="prob_self_limiting_female" type="constant" value="0.374179479858" />
		<parameter constant_type="double" name="prob_self_limiting_male" type="constant" value="0.114526067024" />
		<parameter constant_type="double" name="prob_clearing" type="constant" value="0.91576871248" />
		<parameter constant_type="double" name="pwid_maturity_threshold" type="constant" value="5.70450589611" />
        <parameter comment="365*5 + 365 burnin" constant_type="number" name="run_length" shortvalue="4015" type="constant" value="4040" />
        <parameter constant_type="double" name="status_report_frequency" type="constant" value="365.0" />
        <parameter constant_type="double" name="transmissibility" type="constant" value="0.0150650509816" />
        <parameter constant_type="string" name="NEP_data" simulated_value="datagen/NEP_mock_2014.csv" type="constant" value="data/NEP_Risk_Base_Merge.csv" />
        <parameter constant_type="string" name="NHBS_data" simulated_value="datagen/NHBS_mock_2014.csv" type="constant" value="data/IDU2_HCV_model_012913_cleaned.csv" value2012="data/IDU3_2012-2014-04-17.csv" />
</sweep>