<sweep jobNum="295" runs="1">
		
		<parameter constant_type="double" name="ab_prob_acute" type="constant" value="0.0204850439469" />
		<parameter constant_type="double" name="ab_prob_chronic" type="constant" value="0.660281409988" />
		<parameter constant_type="double" name="attrition_rate" type="constant" value="0.0134566824226" />
		<parameter constant_type="double" name="burn_in_days" type="constant" value="365.0" value_nob="0" />
		<parameter constant_type="number" name="dump_network_distances" type="constant" value="-1" />
		<parameter constant_type="double" name="homophily_strength" type="constant" value="0.659256319814" />
		<parameter constant_type="number" name="initial_pwid_count" type="constant" value="32005" />
		<parameter constant_type="double" name="interaction_home_cutoff" type="constant" value="2.6862838292" />
		<parameter constant_type="double" name="interaction_rate_constant" type="constant" value="0.0208415058754" />
		<parameter constant_type="double" name="interaction_rate_at_drug_sites" type="constant" value="9.55734986006e-05" />
		<parameter constant_type="double" name="interaction_rate_exzone" type="constant" value="0.0900743680186" />
		<parameter constant_type="double" name="mean_career_duration" type="constant" value="30.7015049603" />
        <parameter constant_type="double" name="mean_days_acute_naive" type="constant" value="109.602271245" />
		<parameter constant_type="double" name="mean_days_acute_rechallenged" type="constant" value="19.8512639628" />
		<parameter constant_type="double" name="mean_days_naive_to_infectious" type="constant" value="2.81934095443" />
		<parameter constant_type="double" name="mean_enrichment_ChicagoNonNEP" type="constant" value="0.439181830038" />
		<parameter constant_type="double" name="mean_enrichment_suburbs" type="constant" value="2.16103155273" />
		<parameter constant_type="double" name="mean_tie_lifetime" type="constant" value="491.203661786" />
		<parameter constant_type="double" name="net_inflow" type="constant" value="0.0" />
		<parameter constant_type="double" name="nonNEP_age_boost" type="constant" value="3.65794245443" />
		<parameter constant_type="double" name="nonNEP_age_started_boost" type="constant" value="1.88646012847" />
		<parameter constant_type="double" name="nonNEP_degree_boost" type="constant" value="0.181158210633" />
		<parameter constant_type="double" name="nonNEP_hcv_ab_boost" type="constant" value="0.00218243227792" />
		<parameter constant_type="double" name="nonNEP_injection_ratio" type="constant" value="0.861655638622" />
		<parameter constant_type="double" name="nonNEP_sharing_boost" type="constant" value="0.316554818728" />
		<parameter constant_type="string" name="output_directory" type="constant" value="output" />
		<parameter constant_type="double" name="prob_cessation" type="constant" value="0.224792180798" />
		<parameter constant_type="double" name="prob_infected_when_arrive" type="constant" value="0.0588562378086" />
		<parameter constant_type="double" name="prob_self_limiting_female" type="constant" value="0.385266167231" />
		<parameter constant_type="double" name="prob_self_limiting_male" type="constant" value="0.122503555286" />
		<parameter constant_type="double" name="prob_clearing" type="constant" value="0.909521380013" />
		<parameter constant_type="double" name="pwid_maturity_threshold" type="constant" value="6.23153864554" />
        <parameter comment="365*5 + 365 burnin" constant_type="number" name="run_length" shortvalue="4015" type="constant" value="4040" />
        <parameter constant_type="double" name="status_report_frequency" type="constant" value="365.0" />
        <parameter constant_type="double" name="transmissibility" type="constant" value="0.0252078407668" />
        <parameter constant_type="string" name="NEP_data" simulated_value="datagen/NEP_mock_2014.csv" type="constant" value="data/NEP_Risk_Base_Merge.csv" />
        <parameter constant_type="string" name="NHBS_data" simulated_value="datagen/NHBS_mock_2014.csv" type="constant" value="data/IDU2_HCV_model_012913_cleaned.csv" value2012="data/IDU3_2012-2014-04-17.csv" />
</sweep>