<sweep jobNum="120" runs="1">
		
		<parameter constant_type="double" name="ab_prob_acute" type="constant" value="0.0160492796777" />
		<parameter constant_type="double" name="ab_prob_chronic" type="constant" value="0.648199623687" />
		<parameter constant_type="double" name="attrition_rate" type="constant" value="0.0378553823329" />
		<parameter constant_type="double" name="burn_in_days" type="constant" value="365.0" value_nob="0" />
		<parameter constant_type="number" name="dump_network_distances" type="constant" value="-1" />
		<parameter constant_type="double" name="homophily_strength" type="constant" value="0.714597289439" />
		<parameter constant_type="number" name="initial_pwid_count" type="constant" value="33030" />
		<parameter constant_type="double" name="interaction_home_cutoff" type="constant" value="1.68992959132" />
		<parameter constant_type="double" name="interaction_rate_constant" type="constant" value="0.0114832266338" />
		<parameter constant_type="double" name="interaction_rate_at_drug_sites" type="constant" value="8.74633178037e-05" />
		<parameter constant_type="double" name="interaction_rate_exzone" type="constant" value="0.0837274453437" />
		<parameter constant_type="double" name="mean_career_duration" type="constant" value="31.1988177563" />
        <parameter constant_type="double" name="mean_days_acute_naive" type="constant" value="90.0841688791" />
		<parameter constant_type="double" name="mean_days_acute_rechallenged" type="constant" value="11.0586541756" />
		<parameter constant_type="double" name="mean_days_naive_to_infectious" type="constant" value="3.77571211535" />
		<parameter constant_type="double" name="mean_enrichment_ChicagoNonNEP" type="constant" value="0.691707737581" />
		<parameter constant_type="double" name="mean_enrichment_suburbs" type="constant" value="2.43175685142" />
		<parameter constant_type="double" name="mean_tie_lifetime" type="constant" value="795.91364011" />
		<parameter constant_type="double" name="net_inflow" type="constant" value="0.0" />
		<parameter constant_type="double" name="nonNEP_age_boost" type="constant" value="1.5890527079" />
		<parameter constant_type="double" name="nonNEP_age_started_boost" type="constant" value="2.59712909395" />
		<parameter constant_type="double" name="nonNEP_degree_boost" type="constant" value="0.278891234214" />
		<parameter constant_type="double" name="nonNEP_hcv_ab_boost" type="constant" value="0.018222165938" />
		<parameter constant_type="double" name="nonNEP_injection_ratio" type="constant" value="0.866403838039" />
		<parameter constant_type="double" name="nonNEP_sharing_boost" type="constant" value="0.3646190126" />
		<parameter constant_type="string" name="output_directory" type="constant" value="output" />
		<parameter constant_type="double" name="prob_cessation" type="constant" value="0.168960080453" />
		<parameter constant_type="double" name="prob_infected_when_arrive" type="constant" value="0.0556084010875" />
		<parameter constant_type="double" name="prob_self_limiting_female" type="constant" value="0.353721092167" />
		<parameter constant_type="double" name="prob_self_limiting_male" type="constant" value="0.130355207613" />
		<parameter constant_type="double" name="prob_clearing" type="constant" value="0.862869805287" />
		<parameter constant_type="double" name="pwid_maturity_threshold" type="constant" value="3.49440887794" />
        <parameter comment="365*5 + 365 burnin" constant_type="number" name="run_length" shortvalue="4015" type="constant" value="4040" />
        <parameter constant_type="double" name="status_report_frequency" type="constant" value="365.0" />
        <parameter constant_type="double" name="transmissibility" type="constant" value="0.0102644630795" />
        <parameter constant_type="string" name="NEP_data" simulated_value="datagen/NEP_mock_2014.csv" type="constant" value="data/NEP_Risk_Base_Merge.csv" />
        <parameter constant_type="string" name="NHBS_data" simulated_value="datagen/NHBS_mock_2014.csv" type="constant" value="data/IDU2_HCV_model_012913_cleaned.csv" value2012="data/IDU3_2012-2014-04-17.csv" />
</sweep>