<sweep jobNum="172" runs="1">
		
		<parameter constant_type="double" name="ab_prob_acute" type="constant" value="0.0253498253195" />
		<parameter constant_type="double" name="ab_prob_chronic" type="constant" value="0.599476715143" />
		<parameter constant_type="double" name="attrition_rate" type="constant" value="0.0433640600138" />
		<parameter constant_type="double" name="burn_in_days" type="constant" value="365.0" value_nob="0" />
		<parameter constant_type="number" name="dump_network_distances" type="constant" value="-1" />
		<parameter constant_type="double" name="homophily_strength" type="constant" value="0.77912185676" />
		<parameter constant_type="number" name="initial_pwid_count" type="constant" value="31731" />
		<parameter constant_type="double" name="interaction_home_cutoff" type="constant" value="1.16107051089" />
		<parameter constant_type="double" name="interaction_rate_constant" type="constant" value="0.0159144346606" />
		<parameter constant_type="double" name="interaction_rate_at_drug_sites" type="constant" value="7.99376625611e-05" />
		<parameter constant_type="double" name="interaction_rate_exzone" type="constant" value="0.0876907489284" />
		<parameter constant_type="double" name="mean_career_duration" type="constant" value="22.2281425488" />
        <parameter constant_type="double" name="mean_days_acute_naive" type="constant" value="94.2482397831" />
		<parameter constant_type="double" name="mean_days_acute_rechallenged" type="constant" value="21.9181830038" />
		<parameter constant_type="double" name="mean_days_naive_to_infectious" type="constant" value="2.64167125401" />
		<parameter constant_type="double" name="mean_enrichment_ChicagoNonNEP" type="constant" value="0.624535791376" />
		<parameter constant_type="double" name="mean_enrichment_suburbs" type="constant" value="1.99001705221" />
		<parameter constant_type="double" name="mean_tie_lifetime" type="constant" value="656.19105947" />
		<parameter constant_type="double" name="net_inflow" type="constant" value="0.0" />
		<parameter constant_type="double" name="nonNEP_age_boost" type="constant" value="2.64153286815" />
		<parameter constant_type="double" name="nonNEP_age_started_boost" type="constant" value="1.73708555609" />
		<parameter constant_type="double" name="nonNEP_degree_boost" type="constant" value="0.164720443897" />
		<parameter constant_type="double" name="nonNEP_hcv_ab_boost" type="constant" value="0.00575788052368" />
		<parameter constant_type="double" name="nonNEP_injection_ratio" type="constant" value="0.897477352335" />
		<parameter constant_type="double" name="nonNEP_sharing_boost" type="constant" value="0.232324137915" />
		<parameter constant_type="string" name="output_directory" type="constant" value="output" />
		<parameter constant_type="double" name="prob_cessation" type="constant" value="0.321587975031" />
		<parameter constant_type="double" name="prob_infected_when_arrive" type="constant" value="0.0489731379523" />
		<parameter constant_type="double" name="prob_self_limiting_female" type="constant" value="0.34287513177" />
		<parameter constant_type="double" name="prob_self_limiting_male" type="constant" value="0.124572730888" />
		<parameter constant_type="double" name="prob_clearing" type="constant" value="0.943179015699" />
		<parameter constant_type="double" name="pwid_maturity_threshold" type="constant" value="5.58432808078" />
        <parameter comment="365*5 + 365 burnin" constant_type="number" name="run_length" shortvalue="4015" type="constant" value="4040" />
        <parameter constant_type="double" name="status_report_frequency" type="constant" value="365.0" />
        <parameter constant_type="double" name="transmissibility" type="constant" value="0.0417683339127" />
        <parameter constant_type="string" name="NEP_data" simulated_value="datagen/NEP_mock_2014.csv" type="constant" value="data/NEP_Risk_Base_Merge.csv" />
        <parameter constant_type="string" name="NHBS_data" simulated_value="datagen/NHBS_mock_2014.csv" type="constant" value="data/IDU2_HCV_model_012913_cleaned.csv" value2012="data/IDU3_2012-2014-04-17.csv" />
</sweep>