<sweep jobNum="202" runs="1">
		
		<parameter constant_type="double" name="ab_prob_acute" type="constant" value="0.0136341160627" />
		<parameter constant_type="double" name="ab_prob_chronic" type="constant" value="0.643451899721" />
		<parameter constant_type="double" name="attrition_rate" type="constant" value="0.0386185767527" />
		<parameter constant_type="double" name="burn_in_days" type="constant" value="365.0" value_nob="0" />
		<parameter constant_type="number" name="dump_network_distances" type="constant" value="-1" />
		<parameter constant_type="double" name="homophily_strength" type="constant" value="0.714021002719" />
		<parameter constant_type="number" name="initial_pwid_count" type="constant" value="31684" />
		<parameter constant_type="double" name="interaction_home_cutoff" type="constant" value="2.28621629026" />
		<parameter constant_type="double" name="interaction_rate_constant" type="constant" value="0.0154344515725" />
		<parameter constant_type="double" name="interaction_rate_at_drug_sites" type="constant" value="9.12567982001e-05" />
		<parameter constant_type="double" name="interaction_rate_exzone" type="constant" value="0.0952302103043" />
		<parameter constant_type="double" name="mean_career_duration" type="constant" value="18.1791341454" />
        <parameter constant_type="double" name="mean_days_acute_naive" type="constant" value="93.1936762986" />
		<parameter constant_type="double" name="mean_days_acute_rechallenged" type="constant" value="12.6394298293" />
		<parameter constant_type="double" name="mean_days_naive_to_infectious" type="constant" value="2.17718183489" />
		<parameter constant_type="double" name="mean_enrichment_ChicagoNonNEP" type="constant" value="0.340191302021" />
		<parameter constant_type="double" name="mean_enrichment_suburbs" type="constant" value="1.60047825505" />
		<parameter constant_type="double" name="mean_tie_lifetime" type="constant" value="637.383840462" />
		<parameter constant_type="double" name="net_inflow" type="constant" value="0.0" />
		<parameter constant_type="double" name="nonNEP_age_boost" type="constant" value="2.19752620208" />
		<parameter constant_type="double" name="nonNEP_age_started_boost" type="constant" value="1.72567155119" />
		<parameter constant_type="double" name="nonNEP_degree_boost" type="constant" value="0.317571211535" />
		<parameter constant_type="double" name="nonNEP_hcv_ab_boost" type="constant" value="0.0106491774356" />
		<parameter constant_type="double" name="nonNEP_injection_ratio" type="constant" value="0.825205322426" />
		<parameter constant_type="double" name="nonNEP_sharing_boost" type="constant" value="0.361606107485" />
		<parameter constant_type="string" name="output_directory" type="constant" value="output" />
		<parameter constant_type="double" name="prob_cessation" type="constant" value="0.208031150845" />
		<parameter constant_type="double" name="prob_infected_when_arrive" type="constant" value="0.0496577460672" />
		<parameter constant_type="double" name="prob_self_limiting_female" type="constant" value="0.309780475707" />
		<parameter constant_type="double" name="prob_self_limiting_male" type="constant" value="0.137069895532" />
		<parameter constant_type="double" name="prob_clearing" type="constant" value="0.878621629026" />
		<parameter constant_type="double" name="pwid_maturity_threshold" type="constant" value="4.04673351032" />
        <parameter comment="365*5 + 365 burnin" constant_type="number" name="run_length" shortvalue="4015" type="constant" value="4040" />
        <parameter constant_type="double" name="status_report_frequency" type="constant" value="365.0" />
        <parameter constant_type="double" name="transmissibility" type="constant" value="0.0117142428791" />
        <parameter constant_type="string" name="NEP_data" simulated_value="datagen/NEP_mock_2014.csv" type="constant" value="data/NEP_Risk_Base_Merge.csv" />
        <parameter constant_type="string" name="NHBS_data" simulated_value="datagen/NHBS_mock_2014.csv" type="constant" value="data/IDU2_HCV_model_012913_cleaned.csv" value2012="data/IDU3_2012-2014-04-17.csv" />
</sweep>