<sweep jobNum="183" runs="1">
		
		<parameter constant_type="double" name="ab_prob_acute" type="constant" value="0.0288863123456" />
		<parameter constant_type="double" name="ab_prob_chronic" type="constant" value="0.662950024618" />
		<parameter constant_type="double" name="attrition_rate" type="constant" value="0.0140067977411" />
		<parameter constant_type="double" name="burn_in_days" type="constant" value="365.0" value_nob="0" />
		<parameter constant_type="number" name="dump_network_distances" type="constant" value="-1" />
		<parameter constant_type="double" name="homophily_strength" type="constant" value="0.78069176459" />
		<parameter constant_type="number" name="initial_pwid_count" type="constant" value="32062" />
		<parameter constant_type="double" name="interaction_home_cutoff" type="constant" value="2.11146153511" />
		<parameter constant_type="double" name="interaction_rate_constant" type="constant" value="0.0141036335509" />
		<parameter constant_type="double" name="interaction_rate_at_drug_sites" type="constant" value="7.77541420799e-05" />
		<parameter constant_type="double" name="interaction_rate_exzone" type="constant" value="0.0852291753916" />
		<parameter constant_type="double" name="mean_career_duration" type="constant" value="19.9461516671" />
        <parameter constant_type="double" name="mean_days_acute_naive" type="constant" value="110.503500065" />
		<parameter constant_type="double" name="mean_days_acute_rechallenged" type="constant" value="26.4583507833" />
		<parameter constant_type="double" name="mean_days_naive_to_infectious" type="constant" value="2.43180949779" />
		<parameter constant_type="double" name="mean_enrichment_ChicagoNonNEP" type="constant" value="0.553686543744" />
		<parameter constant_type="double" name="mean_enrichment_suburbs" type="constant" value="2.00142604259" />
		<parameter constant_type="double" name="mean_tie_lifetime" type="constant" value="789.958215198" />
		<parameter constant_type="double" name="net_inflow" type="constant" value="0.0" />
		<parameter constant_type="double" name="nonNEP_age_boost" type="constant" value="3.95488259059" />
		<parameter constant_type="double" name="nonNEP_age_started_boost" type="constant" value="1.43747604672" />
		<parameter constant_type="double" name="nonNEP_degree_boost" type="constant" value="0.265073364393" />
		<parameter constant_type="double" name="nonNEP_hcv_ab_boost" type="constant" value="0.0113313874597" />
		<parameter constant_type="double" name="nonNEP_injection_ratio" type="constant" value="0.860778199544" />
		<parameter constant_type="double" name="nonNEP_sharing_boost" type="constant" value="0.361007040868" />
		<parameter constant_type="string" name="output_directory" type="constant" value="output" />
		<parameter constant_type="double" name="prob_cessation" type="constant" value="0.220208465784" />
		<parameter constant_type="double" name="prob_infected_when_arrive" type="constant" value="0.0406754891023" />
		<parameter constant_type="double" name="prob_self_limiting_female" type="constant" value="0.344584346837" />
		<parameter constant_type="double" name="prob_self_limiting_male" type="constant" value="0.135394044114" />
		<parameter constant_type="double" name="prob_clearing" type="constant" value="0.862294855055" />
		<parameter constant_type="double" name="pwid_maturity_threshold" type="constant" value="5.80249349756" />
        <parameter comment="365*5 + 365 burnin" constant_type="number" name="run_length" shortvalue="4015" type="constant" value="4040" />
        <parameter constant_type="double" name="status_report_frequency" type="constant" value="365.0" />
        <parameter constant_type="double" name="transmissibility" type="constant" value="0.0269437412497" />
        <parameter constant_type="string" name="NEP_data" simulated_value="datagen/NEP_mock_2014.csv" type="constant" value="data/NEP_Risk_Base_Merge.csv" />
        <parameter constant_type="string" name="NHBS_data" simulated_value="datagen/NHBS_mock_2014.csv" type="constant" value="data/IDU2_HCV_model_012913_cleaned.csv" value2012="data/IDU3_2012-2014-04-17.csv" />
</sweep>