<sweep jobNum="137" runs="1">
		
		<parameter constant_type="double" name="ab_prob_acute" type="constant" value="0.0111980293308" />
		<parameter constant_type="double" name="ab_prob_chronic" type="constant" value="0.737291042144" />
		<parameter constant_type="double" name="attrition_rate" type="constant" value="0.0405583808963" />
		<parameter constant_type="double" name="burn_in_days" type="constant" value="365.0" value_nob="0" />
		<parameter constant_type="number" name="dump_network_distances" type="constant" value="-1" />
		<parameter constant_type="double" name="homophily_strength" type="constant" value="0.758164905501" />
		<parameter constant_type="number" name="initial_pwid_count" type="constant" value="31982" />
		<parameter constant_type="double" name="interaction_home_cutoff" type="constant" value="2.40743680186" />
		<parameter constant_type="double" name="interaction_rate_constant" type="constant" value="0.0140315394353" />
		<parameter constant_type="double" name="interaction_rate_at_drug_sites" type="constant" value="0.000106722590636" />
		<parameter constant_type="double" name="interaction_rate_exzone" type="constant" value="0.0794937789988" />
		<parameter constant_type="double" name="mean_career_duration" type="constant" value="26.8078244476" />
        <parameter constant_type="double" name="mean_days_acute_naive" type="constant" value="88.1291477187" />
		<parameter constant_type="double" name="mean_days_acute_rechallenged" type="constant" value="33.7243258053" />
		<parameter constant_type="double" name="mean_days_naive_to_infectious" type="constant" value="3.97675862085" />
		<parameter constant_type="double" name="mean_enrichment_ChicagoNonNEP" type="constant" value="0.353946458958" />
		<parameter constant_type="double" name="mean_enrichment_suburbs" type="constant" value="1.76168337758" />
		<parameter constant_type="double" name="mean_tie_lifetime" type="constant" value="386.916582744" />
		<parameter constant_type="double" name="net_inflow" type="constant" value="0.0" />
		<parameter constant_type="double" name="nonNEP_age_boost" type="constant" value="3.57415105943" />
		<parameter constant_type="double" name="nonNEP_age_started_boost" type="constant" value="1.64007043853" />
		<parameter constant_type="double" name="nonNEP_degree_boost" type="constant" value="0.149430776252" />
		<parameter constant_type="double" name="nonNEP_hcv_ab_boost" type="constant" value="0.00411737229382" />
		<parameter constant_type="double" name="nonNEP_injection_ratio" type="constant" value="0.864906107206" />
		<parameter constant_type="double" name="nonNEP_sharing_boost" type="constant" value="0.370743680186" />
		<parameter constant_type="string" name="output_directory" type="constant" value="output" />
		<parameter constant_type="double" name="prob_cessation" type="constant" value="0.154344451889" />
		<parameter constant_type="double" name="prob_infected_when_arrive" type="constant" value="0.0167661252595" />
		<parameter constant_type="double" name="prob_self_limiting_female" type="constant" value="0.363125526209" />
		<parameter constant_type="double" name="prob_self_limiting_male" type="constant" value="0.101429808323" />
		<parameter constant_type="double" name="prob_clearing" type="constant" value="0.94495470467" />
		<parameter constant_type="double" name="pwid_maturity_threshold" type="constant" value="6.64563633021" />
        <parameter comment="365*5 + 365 burnin" constant_type="number" name="run_length" shortvalue="4015" type="constant" value="4040" />
        <parameter constant_type="double" name="status_report_frequency" type="constant" value="365.0" />
        <parameter constant_type="double" name="transmissibility" type="constant" value="0.0284953486943" />
        <parameter constant_type="string" name="NEP_data" simulated_value="datagen/NEP_mock_2014.csv" type="constant" value="data/NEP_Risk_Base_Merge.csv" />
        <parameter constant_type="string" name="NHBS_data" simulated_value="datagen/NHBS_mock_2014.csv" type="constant" value="data/IDU2_HCV_model_012913_cleaned.csv" value2012="data/IDU3_2012-2014-04-17.csv" />
</sweep>