<sweep jobNum="42" runs="1">
		
		<parameter constant_type="double" name="ab_prob_acute" type="constant" value="0.0163558219926" />
		<parameter constant_type="double" name="ab_prob_chronic" type="constant" value="0.675602834176" />
		<parameter constant_type="double" name="attrition_rate" type="constant" value="0.0478279460152" />
		<parameter constant_type="double" name="burn_in_days" type="constant" value="365.0" value_nob="0" />
		<parameter constant_type="number" name="dump_network_distances" type="constant" value="-1" />
		<parameter constant_type="double" name="homophily_strength" type="constant" value="0.67610219121" />
		<parameter constant_type="number" name="initial_pwid_count" type="constant" value="30569" />
		<parameter constant_type="double" name="interaction_home_cutoff" type="constant" value="1.98003410441" />
		<parameter constant_type="double" name="interaction_rate_constant" type="constant" value="0.0162225133366" />
		<parameter constant_type="double" name="interaction_rate_at_drug_sites" type="constant" value="0.000137262215719" />
		<parameter constant_type="double" name="interaction_rate_exzone" type="constant" value="0.080250932383" />
		<parameter constant_type="double" name="mean_career_duration" type="constant" value="15.3965305593" />
        <parameter constant_type="double" name="mean_days_acute_naive" type="constant" value="104.930077742" />
		<parameter constant_type="double" name="mean_days_acute_rechallenged" type="constant" value="46.1138447496" />
		<parameter constant_type="double" name="mean_days_naive_to_infectious" type="constant" value="3.00855634832" />
		<parameter constant_type="double" name="mean_enrichment_ChicagoNonNEP" type="constant" value="0.63438335805" />
		<parameter constant_type="double" name="mean_enrichment_suburbs" type="constant" value="2.48380425121" />
		<parameter constant_type="double" name="mean_tie_lifetime" type="constant" value="799.920904808" />
		<parameter constant_type="double" name="net_inflow" type="constant" value="0.0" />
		<parameter constant_type="double" name="nonNEP_age_boost" type="constant" value="3.37610046589" />
		<parameter constant_type="double" name="nonNEP_age_started_boost" type="constant" value="1.95073364393" />
		<parameter constant_type="double" name="nonNEP_degree_boost" type="constant" value="0.17911110368" />
		<parameter constant_type="double" name="nonNEP_hcv_ab_boost" type="constant" value="0.0199574713497" />
		<parameter constant_type="double" name="nonNEP_injection_ratio" type="constant" value="0.881480922422" />
		<parameter constant_type="double" name="nonNEP_sharing_boost" type="constant" value="0.27976456051" />
		<parameter constant_type="string" name="output_directory" type="constant" value="output" />
		<parameter constant_type="double" name="prob_cessation" type="constant" value="0.183622707855" />
		<parameter constant_type="double" name="prob_infected_when_arrive" type="constant" value="0.0346893050818" />
		<parameter constant_type="double" name="prob_self_limiting_female" type="constant" value="0.35142464367" />
		<parameter constant_type="double" name="prob_self_limiting_male" type="constant" value="0.131515893719" />
		<parameter constant_type="double" name="prob_clearing" type="constant" value="0.78064793653" />
		<parameter constant_type="double" name="pwid_maturity_threshold" type="constant" value="4.19750650244" />
        <parameter comment="365*5 + 365 burnin" constant_type="number" name="run_length" shortvalue="4015" type="constant" value="4040" />
        <parameter constant_type="double" name="status_report_frequency" type="constant" value="365.0" />
        <parameter constant_type="double" name="transmissibility" type="constant" value="0.0136944375221" />
        <parameter constant_type="string" name="NEP_data" simulated_value="datagen/NEP_mock_2014.csv" type="constant" value="data/NEP_Risk_Base_Merge.csv" />
        <parameter constant_type="string" name="NHBS_data" simulated_value="datagen/NHBS_mock_2014.csv" type="constant" value="data/IDU2_HCV_model_012913_cleaned.csv" value2012="data/IDU3_2012-2014-04-17.csv" />
</sweep>