<sweep jobNum="158" runs="1">
		
		<parameter constant_type="double" name="ab_prob_acute" type="constant" value="0.0251533960744" />
		<parameter constant_type="double" name="ab_prob_chronic" type="constant" value="0.626831803207" />
		<parameter constant_type="double" name="attrition_rate" type="constant" value="0.0305134105329" />
		<parameter constant_type="double" name="burn_in_days" type="constant" value="365.0" value_nob="0" />
		<parameter constant_type="number" name="dump_network_distances" type="constant" value="-1" />
		<parameter constant_type="double" name="homophily_strength" type="constant" value="0.657389784796" />
		<parameter constant_type="number" name="initial_pwid_count" type="constant" value="32131" />
		<parameter constant_type="double" name="interaction_home_cutoff" type="constant" value="2.86351370284" />
		<parameter constant_type="double" name="interaction_rate_constant" type="constant" value="0.0163938699191" />
		<parameter constant_type="double" name="interaction_rate_at_drug_sites" type="constant" value="6.71156437598e-05" />
		<parameter constant_type="double" name="interaction_rate_exzone" type="constant" value="0.0843670858941" />
		<parameter constant_type="double" name="mean_career_duration" type="constant" value="31.5726951987" />
        <parameter constant_type="double" name="mean_days_acute_naive" type="constant" value="99.7867493003" />
		<parameter constant_type="double" name="mean_days_acute_rechallenged" type="constant" value="19.4779569592" />
		<parameter constant_type="double" name="mean_days_naive_to_infectious" type="constant" value="3.14021002719" />
		<parameter constant_type="double" name="mean_enrichment_ChicagoNonNEP" type="constant" value="0.548970327256" />
		<parameter constant_type="double" name="mean_enrichment_suburbs" type="constant" value="1.80861631352" />
		<parameter constant_type="double" name="mean_tie_lifetime" type="constant" value="633.970549862" />
		<parameter constant_type="double" name="net_inflow" type="constant" value="0.0" />
		<parameter constant_type="double" name="nonNEP_age_boost" type="constant" value="3.98653068721" />
		<parameter constant_type="double" name="nonNEP_age_started_boost" type="constant" value="1.61146997201" />
		<parameter constant_type="double" name="nonNEP_degree_boost" type="constant" value="0.336760850243" />
		<parameter constant_type="double" name="nonNEP_hcv_ab_boost" type="constant" value="0.00201347969128" />
		<parameter constant_type="double" name="nonNEP_injection_ratio" type="constant" value="0.834496479566" />
		<parameter constant_type="double" name="nonNEP_sharing_boost" type="constant" value="0.278466039256" />
		<parameter constant_type="string" name="output_directory" type="constant" value="output" />
		<parameter constant_type="double" name="prob_cessation" type="constant" value="0.270807370386" />
		<parameter constant_type="double" name="prob_infected_when_arrive" type="constant" value="0.0327057300966" />
		<parameter constant_type="double" name="prob_self_limiting_female" type="constant" value="0.396322483917" />
		<parameter constant_type="double" name="prob_self_limiting_male" type="constant" value="0.13629484725" />
		<parameter constant_type="double" name="prob_clearing" type="constant" value="0.895122365975" />
		<parameter constant_type="double" name="pwid_maturity_threshold" type="constant" value="6.0176725527" />
        <parameter comment="365*5 + 365 burnin" constant_type="number" name="run_length" shortvalue="4015" type="constant" value="4040" />
        <parameter constant_type="double" name="status_report_frequency" type="constant" value="365.0" />
        <parameter constant_type="double" name="transmissibility" type="constant" value="0.027081406554" />
        <parameter constant_type="string" name="NEP_data" simulated_value="datagen/NEP_mock_2014.csv" type="constant" value="data/NEP_Risk_Base_Merge.csv" />
        <parameter constant_type="string" name="NHBS_data" simulated_value="datagen/NHBS_mock_2014.csv" type="constant" value="data/IDU2_HCV_model_012913_cleaned.csv" value2012="data/IDU3_2012-2014-04-17.csv" />
</sweep>