<sweep jobNum="39" runs="1">
		
		<parameter constant_type="double" name="ab_prob_acute" type="constant" value="0.014781351925" />
		<parameter constant_type="double" name="ab_prob_chronic" type="constant" value="0.534807544899" />
		<parameter constant_type="double" name="attrition_rate" type="constant" value="0.0624651140252" />
		<parameter constant_type="double" name="burn_in_days" type="constant" value="365.0" value_nob="0" />
		<parameter constant_type="number" name="dump_network_distances" type="constant" value="-1" />
		<parameter constant_type="double" name="homophily_strength" type="constant" value="0.723311277244" />
		<parameter constant_type="number" name="initial_pwid_count" type="constant" value="33536" />
		<parameter constant_type="double" name="interaction_home_cutoff" type="constant" value="2.56819050221" />
		<parameter constant_type="double" name="interaction_rate_constant" type="constant" value="0.0132166539264" />
		<parameter constant_type="double" name="interaction_rate_at_drug_sites" type="constant" value="8.32948847876e-05" />
		<parameter constant_type="double" name="interaction_rate_exzone" type="constant" value="0.092576871248" />
		<parameter constant_type="double" name="mean_career_duration" type="constant" value="10.5595373107" />
        <parameter constant_type="double" name="mean_days_acute_naive" type="constant" value="81.4295458724" />
		<parameter constant_type="double" name="mean_days_acute_rechallenged" type="constant" value="24.2707974305" />
		<parameter constant_type="double" name="mean_days_naive_to_infectious" type="constant" value="3.19226749308" />
		<parameter constant_type="double" name="mean_enrichment_ChicagoNonNEP" type="constant" value="0.417271498753" />
		<parameter constant_type="double" name="mean_enrichment_suburbs" type="constant" value="2.33239256569" />
		<parameter constant_type="double" name="mean_tie_lifetime" type="constant" value="616.907242996" />
		<parameter constant_type="double" name="net_inflow" type="constant" value="0.0" />
		<parameter constant_type="double" name="nonNEP_age_boost" type="constant" value="2.48071481099" />
		<parameter constant_type="double" name="nonNEP_age_started_boost" type="constant" value="1.37192323922" />
		<parameter constant_type="double" name="nonNEP_degree_boost" type="constant" value="0.211972135187" />
		<parameter constant_type="double" name="nonNEP_hcv_ab_boost" type="constant" value="5.18958187067e-05" />
		<parameter constant_type="double" name="nonNEP_injection_ratio" type="constant" value="0.845859755601" />
		<parameter constant_type="double" name="nonNEP_sharing_boost" type="constant" value="0.318279689033" />
		<parameter constant_type="string" name="output_directory" type="constant" value="output" />
		<parameter constant_type="double" name="prob_cessation" type="constant" value="0.24537021965" />
		<parameter constant_type="double" name="prob_infected_when_arrive" type="constant" value="0.0855452493822" />
		<parameter constant_type="double" name="prob_self_limiting_female" type="constant" value="0.312323698199" />
		<parameter constant_type="double" name="prob_self_limiting_male" type="constant" value="0.130101635183" />
		<parameter constant_type="double" name="prob_clearing" type="constant" value="0.77087814324" />
		<parameter constant_type="double" name="pwid_maturity_threshold" type="constant" value="3.10090590659" />
        <parameter comment="365*5 + 365 burnin" constant_type="number" name="run_length" shortvalue="4015" type="constant" value="4040" />
        <parameter constant_type="double" name="status_report_frequency" type="constant" value="365.0" />
        <parameter constant_type="double" name="transmissibility" type="constant" value="0.0130667460718" />
        <parameter constant_type="string" name="NEP_data" simulated_value="datagen/NEP_mock_2014.csv" type="constant" value="data/NEP_Risk_Base_Merge.csv" />
        <parameter constant_type="string" name="NHBS_data" simulated_value="datagen/NHBS_mock_2014.csv" type="constant" value="data/IDU2_HCV_model_012913_cleaned.csv" value2012="data/IDU3_2012-2014-04-17.csv" />
</sweep>