<sweep jobNum="195" runs="1">
		
		<parameter constant_type="double" name="ab_prob_acute" type="constant" value="0.015550828416" />
		<parameter constant_type="double" name="ab_prob_chronic" type="constant" value="0.601805994483" />
		<parameter constant_type="double" name="attrition_rate" type="constant" value="0.0356031805679" />
		<parameter constant_type="double" name="burn_in_days" type="constant" value="365.0" value_nob="0" />
		<parameter constant_type="number" name="dump_network_distances" type="constant" value="-1" />
		<parameter constant_type="double" name="homophily_strength" type="constant" value="0.607697896957" />
		<parameter constant_type="number" name="initial_pwid_count" type="constant" value="30539" />
		<parameter constant_type="double" name="interaction_home_cutoff" type="constant" value="1.2918954823" />
		<parameter constant_type="double" name="interaction_rate_constant" type="constant" value="0.0213827745637" />
		<parameter constant_type="double" name="interaction_rate_at_drug_sites" type="constant" value="0.000101854277805" />
		<parameter constant_type="double" name="interaction_rate_exzone" type="constant" value="0.0821723262705" />
		<parameter constant_type="double" name="mean_career_duration" type="constant" value="23.77466541" />
        <parameter constant_type="double" name="mean_days_acute_naive" type="constant" value="118.619628285" />
		<parameter constant_type="double" name="mean_days_acute_rechallenged" type="constant" value="33.3686543744" />
		<parameter constant_type="double" name="mean_days_naive_to_infectious" type="constant" value="2.653809874" />
		<parameter constant_type="double" name="mean_enrichment_ChicagoNonNEP" type="constant" value="0.414779569592" />
		<parameter constant_type="double" name="mean_enrichment_suburbs" type="constant" value="2.36142029418" />
		<parameter constant_type="double" name="mean_tie_lifetime" type="constant" value="365.077123615" />
		<parameter constant_type="double" name="net_inflow" type="constant" value="0.0" />
		<parameter constant_type="double" name="nonNEP_age_boost" type="constant" value="4.11786647158" />
		<parameter constant_type="double" name="nonNEP_age_started_boost" type="constant" value="0.723241379151" />
		<parameter constant_type="double" name="nonNEP_degree_boost" type="constant" value="0.158515784644" />
		<parameter constant_type="double" name="nonNEP_hcv_ab_boost" type="constant" value="0.00658827604261" />
		<parameter constant_type="double" name="nonNEP_injection_ratio" type="constant" value="0.814227343369" />
		<parameter constant_type="double" name="nonNEP_sharing_boost" type="constant" value="0.26137161708" />
		<parameter constant_type="string" name="output_directory" type="constant" value="output" />
		<parameter constant_type="double" name="prob_cessation" type="constant" value="0.235064933943" />
		<parameter constant_type="double" name="prob_infected_when_arrive" type="constant" value="0.0505704355959" />
		<parameter constant_type="double" name="prob_self_limiting_female" type="constant" value="0.369622419538" />
		<parameter constant_type="double" name="prob_self_limiting_male" type="constant" value="0.13955719471" />
		<parameter constant_type="double" name="prob_clearing" type="constant" value="0.793850022438" />
		<parameter constant_type="double" name="pwid_maturity_threshold" type="constant" value="3.00938256617" />
        <parameter comment="365*5 + 365 burnin" constant_type="number" name="run_length" shortvalue="4015" type="constant" value="4040" />
        <parameter constant_type="double" name="status_report_frequency" type="constant" value="365.0" />
        <parameter constant_type="double" name="transmissibility" type="constant" value="0.0171042085526" />
        <parameter constant_type="string" name="NEP_data" simulated_value="datagen/NEP_mock_2014.csv" type="constant" value="data/NEP_Risk_Base_Merge.csv" />
        <parameter constant_type="string" name="NHBS_data" simulated_value="datagen/NHBS_mock_2014.csv" type="constant" value="data/IDU2_HCV_model_012913_cleaned.csv" value2012="data/IDU3_2012-2014-04-17.csv" />
</sweep>