<sweep jobNum="187" runs="1">
		
		<parameter constant_type="double" name="ab_prob_acute" type="constant" value="0.0261576932277" />
		<parameter constant_type="double" name="ab_prob_chronic" type="constant" value="0.51946164722" />
		<parameter constant_type="double" name="attrition_rate" type="constant" value="0.0435690875079" />
		<parameter constant_type="double" name="burn_in_days" type="constant" value="365.0" value_nob="0" />
		<parameter constant_type="number" name="dump_network_distances" type="constant" value="-1" />
		<parameter constant_type="double" name="homophily_strength" type="constant" value="0.76935206347" />
		<parameter constant_type="number" name="initial_pwid_count" type="constant" value="32489" />
		<parameter constant_type="double" name="interaction_home_cutoff" type="constant" value="1.08567768623" />
		<parameter constant_type="double" name="interaction_rate_constant" type="constant" value="0.0122222893093" />
		<parameter constant_type="double" name="interaction_rate_at_drug_sites" type="constant" value="7.09175472493e-05" />
		<parameter constant_type="double" name="interaction_rate_exzone" type="constant" value="0.0831378370974" />
		<parameter constant_type="double" name="mean_career_duration" type="constant" value="20.8798472205" />
        <parameter constant_type="double" name="mean_days_acute_naive" type="constant" value="90.7194085062" />
		<parameter constant_type="double" name="mean_days_acute_rechallenged" type="constant" value="41.870412694" />
		<parameter constant_type="double" name="mean_days_naive_to_infectious" type="constant" value="2.95720572211" />
		<parameter constant_type="double" name="mean_enrichment_ChicagoNonNEP" type="constant" value="0.659808697979" />
		<parameter constant_type="double" name="mean_enrichment_suburbs" type="constant" value="1.88929702739" />
		<parameter constant_type="double" name="mean_tie_lifetime" type="constant" value="787.987304801" />
		<parameter constant_type="double" name="net_inflow" type="constant" value="0.0" />
		<parameter constant_type="double" name="nonNEP_age_boost" type="constant" value="1.8131721486" />
		<parameter constant_type="double" name="nonNEP_age_started_boost" type="constant" value="1.21696663026" />
		<parameter constant_type="double" name="nonNEP_degree_boost" type="constant" value="0.33585386879" />
		<parameter constant_type="double" name="nonNEP_hcv_ab_boost" type="constant" value="0.00251301332271" />
		<parameter constant_type="double" name="nonNEP_injection_ratio" type="constant" value="0.835391797981" />
		<parameter constant_type="double" name="nonNEP_sharing_boost" type="constant" value="0.370124674878" />
		<parameter constant_type="string" name="output_directory" type="constant" value="output" />
		<parameter constant_type="double" name="prob_cessation" type="constant" value="0.175774107255" />
		<parameter constant_type="double" name="prob_infected_when_arrive" type="constant" value="0.0721933636501" />
		<parameter constant_type="double" name="prob_self_limiting_female" type="constant" value="0.342589961271" />
		<parameter constant_type="double" name="prob_self_limiting_male" type="constant" value="0.111307423794" />
		<parameter constant_type="double" name="prob_clearing" type="constant" value="0.833670858941" />
		<parameter constant_type="double" name="pwid_maturity_threshold" type="constant" value="4.40375571177" />
        <parameter comment="365*5 + 365 burnin" constant_type="number" name="run_length" shortvalue="4015" type="constant" value="4040" />
        <parameter constant_type="double" name="status_report_frequency" type="constant" value="365.0" />
        <parameter constant_type="double" name="transmissibility" type="constant" value="0.0441895929156" />
        <parameter constant_type="string" name="NEP_data" simulated_value="datagen/NEP_mock_2014.csv" type="constant" value="data/NEP_Risk_Base_Merge.csv" />
        <parameter constant_type="string" name="NHBS_data" simulated_value="datagen/NHBS_mock_2014.csv" type="constant" value="data/IDU2_HCV_model_012913_cleaned.csv" value2012="data/IDU3_2012-2014-04-17.csv" />
</sweep>