<sweep jobNum="167" runs="1">
		
		<parameter constant_type="double" name="ab_prob_acute" type="constant" value="0.0137038155156" />
		<parameter constant_type="double" name="ab_prob_chronic" type="constant" value="0.650224377575" />
		<parameter constant_type="double" name="attrition_rate" type="constant" value="0.0292662913341" />
		<parameter constant_type="double" name="burn_in_days" type="constant" value="365.0" value_nob="0" />
		<parameter constant_type="number" name="dump_network_distances" type="constant" value="-1" />
		<parameter constant_type="double" name="homophily_strength" type="constant" value="0.783084686851" />
		<parameter constant_type="number" name="initial_pwid_count" type="constant" value="31811" />
		<parameter constant_type="double" name="interaction_home_cutoff" type="constant" value="2.26843271872" />
		<parameter constant_type="double" name="interaction_rate_constant" type="constant" value="0.0214341534249" />
		<parameter constant_type="double" name="interaction_rate_at_drug_sites" type="constant" value="6.04390716199e-05" />
		<parameter constant_type="double" name="interaction_rate_exzone" type="constant" value="0.0918841789367" />
		<parameter constant_type="double" name="mean_career_duration" type="constant" value="22.4562065063" />
        <parameter constant_type="double" name="mean_days_acute_naive" type="constant" value="106.3716009" />
		<parameter constant_type="double" name="mean_days_acute_rechallenged" type="constant" value="31.49728072" />
		<parameter constant_type="double" name="mean_days_naive_to_infectious" type="constant" value="3.7912185676" />
		<parameter constant_type="double" name="mean_enrichment_ChicagoNonNEP" type="constant" value="0.383670188997" />
		<parameter constant_type="double" name="mean_enrichment_suburbs" type="constant" value="2.27741704563" />
		<parameter constant_type="double" name="mean_tie_lifetime" type="constant" value="818.354771449" />
		<parameter constant_type="double" name="net_inflow" type="constant" value="0.0" />
		<parameter constant_type="double" name="nonNEP_age_boost" type="constant" value="2.22699058884" />
		<parameter constant_type="double" name="nonNEP_age_started_boost" type="constant" value="1.02091721177" />
		<parameter constant_type="double" name="nonNEP_degree_boost" type="constant" value="0.30862838292" />
		<parameter constant_type="double" name="nonNEP_hcv_ab_boost" type="constant" value="0.0138712454414" />
		<parameter constant_type="double" name="nonNEP_injection_ratio" type="constant" value="0.835689185487" />
		<parameter constant_type="double" name="nonNEP_sharing_boost" type="constant" value="0.390203730816" />
		<parameter constant_type="string" name="output_directory" type="constant" value="output" />
		<parameter constant_type="double" name="prob_cessation" type="constant" value="0.157392738002" />
		<parameter constant_type="double" name="prob_infected_when_arrive" type="constant" value="0.028863507847" />
		<parameter constant_type="double" name="prob_self_limiting_female" type="constant" value="0.34971005098" />
		<parameter constant_type="double" name="prob_self_limiting_male" type="constant" value="0.128977766029" />
		<parameter constant_type="double" name="prob_clearing" type="constant" value="0.75504529533" />
		<parameter constant_type="double" name="pwid_maturity_threshold" type="constant" value="5.0627560853" />
        <parameter comment="365*5 + 365 burnin" constant_type="number" name="run_length" shortvalue="4015" type="constant" value="4040" />
        <parameter constant_type="double" name="status_report_frequency" type="constant" value="365.0" />
        <parameter constant_type="double" name="transmissibility" type="constant" value="0.0309246526762" />
        <parameter constant_type="string" name="NEP_data" simulated_value="datagen/NEP_mock_2014.csv" type="constant" value="data/NEP_Risk_Base_Merge.csv" />
        <parameter constant_type="string" name="NHBS_data" simulated_value="datagen/NHBS_mock_2014.csv" type="constant" value="data/IDU2_HCV_model_012913_cleaned.csv" value2012="data/IDU3_2012-2014-04-17.csv" />
</sweep>