<sweep jobNum="166" runs="1">
		
		<parameter constant_type="double" name="ab_prob_acute" type="constant" value="0.0178443600911" />
		<parameter constant_type="double" name="ab_prob_chronic" type="constant" value="0.57456182614" />
		<parameter constant_type="double" name="attrition_rate" type="constant" value="0.0522295905495" />
		<parameter constant_type="double" name="burn_in_days" type="constant" value="365.0" value_nob="0" />
		<parameter constant_type="number" name="dump_network_distances" type="constant" value="-1" />
		<parameter constant_type="double" name="homophily_strength" type="constant" value="0.636341160627" />
		<parameter constant_type="number" name="initial_pwid_count" type="constant" value="33629" />
		<parameter constant_type="double" name="interaction_home_cutoff" type="constant" value="1.89427636737" />
		<parameter constant_type="double" name="interaction_rate_constant" type="constant" value="0.0170839542734" />
		<parameter constant_type="double" name="interaction_rate_at_drug_sites" type="constant" value="5.59901466542e-05" />
		<parameter constant_type="double" name="interaction_rate_exzone" type="constant" value="0.0879808134931" />
		<parameter constant_type="double" name="mean_career_duration" type="constant" value="24.7514197101" />
        <parameter constant_type="double" name="mean_days_acute_naive" type="constant" value="96.4648513697" />
		<parameter constant_type="double" name="mean_days_acute_rechallenged" type="constant" value="32.1945876846" />
		<parameter constant_type="double" name="mean_days_naive_to_infectious" type="constant" value="3.81484215356" />
		<parameter constant_type="double" name="mean_enrichment_ChicagoNonNEP" type="constant" value="0.550146728785" />
		<parameter constant_type="double" name="mean_enrichment_suburbs" type="constant" value="1.90386625346" />
		<parameter constant_type="double" name="mean_tie_lifetime" type="constant" value="535.279443355" />
		<parameter constant_type="double" name="net_inflow" type="constant" value="0.0" />
		<parameter constant_type="double" name="nonNEP_age_boost" type="constant" value="3.15858544895" />
		<parameter constant_type="double" name="nonNEP_age_started_boost" type="constant" value="1.54825938643" />
		<parameter constant_type="double" name="nonNEP_degree_boost" type="constant" value="0.183180949779" />
		<parameter constant_type="double" name="nonNEP_hcv_ab_boost" type="constant" value="0.0184453008646" />
		<parameter constant_type="double" name="nonNEP_injection_ratio" type="constant" value="0.877078796794" />
		<parameter constant_type="double" name="nonNEP_sharing_boost" type="constant" value="0.324578390656" />
		<parameter constant_type="string" name="output_directory" type="constant" value="output" />
		<parameter constant_type="double" name="prob_cessation" type="constant" value="0.257583908986" />
		<parameter constant_type="double" name="prob_infected_when_arrive" type="constant" value="0.089070344834" />
		<parameter constant_type="double" name="prob_self_limiting_female" type="constant" value="0.329191461992" />
		<parameter constant_type="double" name="prob_self_limiting_male" type="constant" value="0.116421402548" />
		<parameter constant_type="double" name="prob_clearing" type="constant" value="0.790478619987" />
		<parameter constant_type="double" name="pwid_maturity_threshold" type="constant" value="3.25634989554" />
        <parameter comment="365*5 + 365 burnin" constant_type="number" name="run_length" shortvalue="4015" type="constant" value="4040" />
        <parameter constant_type="double" name="status_report_frequency" type="constant" value="365.0" />
        <parameter constant_type="double" name="transmissibility" type="constant" value="0.0178695211685" />
        <parameter constant_type="string" name="NEP_data" simulated_value="datagen/NEP_mock_2014.csv" type="constant" value="data/NEP_Risk_Base_Merge.csv" />
        <parameter constant_type="string" name="NHBS_data" simulated_value="datagen/NHBS_mock_2014.csv" type="constant" value="data/IDU2_HCV_model_012913_cleaned.csv" value2012="data/IDU3_2012-2014-04-17.csv" />
</sweep>