<sweep jobNum="108" runs="1">
		
		<parameter constant_type="double" name="ab_prob_acute" type="constant" value="0.0254819296838" />
		<parameter constant_type="double" name="ab_prob_chronic" type="constant" value="0.538337540934" />
		<parameter constant_type="double" name="attrition_rate" type="constant" value="0.0335802912917" />
		<parameter constant_type="double" name="burn_in_days" type="constant" value="365.0" value_nob="0" />
		<parameter constant_type="number" name="dump_network_distances" type="constant" value="-1" />
		<parameter constant_type="double" name="homophily_strength" type="constant" value="0.754157593588" />
		<parameter constant_type="number" name="initial_pwid_count" type="constant" value="31857" />
		<parameter constant_type="double" name="interaction_home_cutoff" type="constant" value="2.78344179394" />
		<parameter constant_type="double" name="interaction_rate_constant" type="constant" value="0.0216972822802" />
		<parameter constant_type="double" name="interaction_rate_at_drug_sites" type="constant" value="0.000126749126597" />
		<parameter constant_type="double" name="interaction_rate_exzone" type="constant" value="0.08946190126" />
		<parameter constant_type="double" name="mean_career_duration" type="constant" value="27.2574797939" />
        <parameter constant_type="double" name="mean_days_acute_naive" type="constant" value="86.0852901568" />
		<parameter constant_type="double" name="mean_days_acute_rechallenged" type="constant" value="17.9529121021" />
		<parameter constant_type="double" name="mean_days_naive_to_infectious" type="constant" value="3.37663682354" />
		<parameter constant_type="double" name="mean_enrichment_ChicagoNonNEP" type="constant" value="0.688126305613" />
		<parameter constant_type="double" name="mean_enrichment_suburbs" type="constant" value="2.05860155484" />
		<parameter constant_type="double" name="mean_tie_lifetime" type="constant" value="398.512695561" />
		<parameter constant_type="double" name="net_inflow" type="constant" value="0.0" />
		<parameter constant_type="double" name="nonNEP_age_boost" type="constant" value="3.10704383512" />
		<parameter constant_type="double" name="nonNEP_age_started_boost" type="constant" value="1.37793689454" />
		<parameter constant_type="double" name="nonNEP_degree_boost" type="constant" value="0.287025258443" />
		<parameter constant_type="double" name="nonNEP_hcv_ab_boost" type="constant" value="0.0101936581617" />
		<parameter constant_type="double" name="nonNEP_injection_ratio" type="constant" value="0.883595839512" />
		<parameter constant_type="double" name="nonNEP_sharing_boost" type="constant" value="0.23414613121" />
		<parameter constant_type="string" name="output_directory" type="constant" value="output" />
		<parameter constant_type="double" name="prob_cessation" type="constant" value="0.325932501325" />
		<parameter constant_type="double" name="prob_infected_when_arrive" type="constant" value="0.0314443595092" />
		<parameter constant_type="double" name="prob_self_limiting_female" type="constant" value="0.302754568047" />
		<parameter constant_type="double" name="prob_self_limiting_male" type="constant" value="0.118506316854" />
		<parameter constant_type="double" name="prob_clearing" type="constant" value="0.8153809874" />
		<parameter constant_type="double" name="pwid_maturity_threshold" type="constant" value="6.79425818789" />
        <parameter comment="365*5 + 365 burnin" constant_type="number" name="run_length" shortvalue="4015" type="constant" value="4040" />
        <parameter constant_type="double" name="status_report_frequency" type="constant" value="365.0" />
        <parameter constant_type="double" name="transmissibility" type="constant" value="0.0310845796958" />
        <parameter constant_type="string" name="NEP_data" simulated_value="datagen/NEP_mock_2014.csv" type="constant" value="data/NEP_Risk_Base_Merge.csv" />
        <parameter constant_type="string" name="NHBS_data" simulated_value="datagen/NHBS_mock_2014.csv" type="constant" value="data/IDU2_HCV_model_012913_cleaned.csv" value2012="data/IDU3_2012-2014-04-17.csv" />
</sweep>