<sweep jobNum="220" runs="1">
		
		<parameter constant_type="double" name="ab_prob_acute" type="constant" value="0.0277571211535" />
		<parameter constant_type="double" name="ab_prob_chronic" type="constant" value="0.626124566136" />
		<parameter constant_type="double" name="attrition_rate" type="constant" value="0.0684882023375" />
		<parameter constant_type="double" name="burn_in_days" type="constant" value="365.0" value_nob="0" />
		<parameter constant_type="number" name="dump_network_distances" type="constant" value="-1" />
		<parameter constant_type="double" name="homophily_strength" type="constant" value="0.656137169705" />
		<parameter constant_type="number" name="initial_pwid_count" type="constant" value="30916" />
		<parameter constant_type="double" name="interaction_home_cutoff" type="constant" value="1.63558219926" />
		<parameter constant_type="double" name="interaction_rate_constant" type="constant" value="0.0177172977416" />
		<parameter constant_type="double" name="interaction_rate_at_drug_sites" type="constant" value="0.000102710804672" />
		<parameter constant_type="double" name="interaction_rate_exzone" type="constant" value="0.08774864036" />
		<parameter constant_type="double" name="mean_career_duration" type="constant" value="13.2955410028" />
        <parameter constant_type="double" name="mean_days_acute_naive" type="constant" value="93.4964999347" />
		<parameter constant_type="double" name="mean_days_acute_rechallenged" type="constant" value="19.6027163709" />
		<parameter constant_type="double" name="mean_days_naive_to_infectious" type="constant" value="2.88279689033" />
		<parameter constant_type="double" name="mean_enrichment_ChicagoNonNEP" type="constant" value="0.420985593554" />
		<parameter constant_type="double" name="mean_enrichment_suburbs" type="constant" value="2.24794677574" />
		<parameter constant_type="double" name="mean_tie_lifetime" type="constant" value="713.60394579" />
		<parameter constant_type="double" name="net_inflow" type="constant" value="0.0" />
		<parameter constant_type="double" name="nonNEP_age_boost" type="constant" value="1.66705314817" />
		<parameter constant_type="double" name="nonNEP_age_started_boost" type="constant" value="1.50773250692" />
		<parameter constant_type="double" name="nonNEP_degree_boost" type="constant" value="0.293498253195" />
		<parameter constant_type="double" name="nonNEP_hcv_ab_boost" type="constant" value="0.00751034988469" />
		<parameter constant_type="double" name="nonNEP_injection_ratio" type="constant" value="0.824558186183" />
		<parameter constant_type="double" name="nonNEP_sharing_boost" type="constant" value="0.292947960296" />
		<parameter constant_type="string" name="output_directory" type="constant" value="output" />
		<parameter constant_type="double" name="prob_cessation" type="constant" value="0.174433018485" />
		<parameter constant_type="double" name="prob_infected_when_arrive" type="constant" value="0.0765914052553" />
		<parameter constant_type="double" name="prob_self_limiting_female" type="constant" value="0.307139881804" />
		<parameter constant_type="double" name="prob_self_limiting_male" type="constant" value="0.109871493197" />
		<parameter constant_type="double" name="prob_clearing" type="constant" value="0.84857391101" />
		<parameter constant_type="double" name="pwid_maturity_threshold" type="constant" value="5.53686543744" />
        <parameter comment="365*5 + 365 burnin" constant_type="number" name="run_length" shortvalue="4015" type="constant" value="4040" />
        <parameter constant_type="double" name="status_report_frequency" type="constant" value="365.0" />
        <parameter constant_type="double" name="transmissibility" type="constant" value="0.0301403496187" />
        <parameter constant_type="string" name="NEP_data" simulated_value="datagen/NEP_mock_2014.csv" type="constant" value="data/NEP_Risk_Base_Merge.csv" />
        <parameter constant_type="string" name="NHBS_data" simulated_value="datagen/NHBS_mock_2014.csv" type="constant" value="data/IDU2_HCV_model_012913_cleaned.csv" value2012="data/IDU3_2012-2014-04-17.csv" />
</sweep>