<sweep jobNum="52" runs="1">
		
		<parameter constant_type="double" name="ab_prob_acute" type="constant" value="0.0227435087107" />
		<parameter constant_type="double" name="ab_prob_chronic" type="constant" value="0.719463128756" />
		<parameter constant_type="double" name="attrition_rate" type="constant" value="0.0517459503544" />
		<parameter constant_type="double" name="burn_in_days" type="constant" value="365.0" value_nob="0" />
		<parameter constant_type="number" name="dump_network_distances" type="constant" value="-1" />
		<parameter constant_type="double" name="homophily_strength" type="constant" value="0.643180949779" />
		<parameter constant_type="number" name="initial_pwid_count" type="constant" value="31498" />
		<parameter constant_type="double" name="interaction_home_cutoff" type="constant" value="1.4781351925" />
		<parameter constant_type="double" name="interaction_rate_constant" type="constant" value="0.010818917783" />
		<parameter constant_type="double" name="interaction_rate_at_drug_sites" type="constant" value="0.000114013932407" />
		<parameter constant_type="double" name="interaction_rate_exzone" type="constant" value="0.0840773250692" />
		<parameter constant_type="double" name="mean_career_duration" type="constant" value="20.6305844349" />
        <parameter constant_type="double" name="mean_days_acute_naive" type="constant" value="102.784451066" />
		<parameter constant_type="double" name="mean_days_acute_rechallenged" type="constant" value="18.0821289702" />
		<parameter constant_type="double" name="mean_days_naive_to_infectious" type="constant" value="2.99714791483" />
		<parameter constant_type="double" name="mean_enrichment_ChicagoNonNEP" type="constant" value="0.491441144422" />
		<parameter constant_type="double" name="mean_enrichment_suburbs" type="constant" value="2.28074988781" />
		<parameter constant_type="double" name="mean_tie_lifetime" type="constant" value="531.69447931" />
		<parameter constant_type="double" name="net_inflow" type="constant" value="0.0" />
		<parameter constant_type="double" name="nonNEP_age_boost" type="constant" value="3.34966915866" />
		<parameter constant_type="double" name="nonNEP_age_started_boost" type="constant" value="0.931971491467" />
		<parameter constant_type="double" name="nonNEP_degree_boost" type="constant" value="0.246564498652" />
		<parameter constant_type="double" name="nonNEP_hcv_ab_boost" type="constant" value="0.0165483849669" />
		<parameter constant_type="double" name="nonNEP_injection_ratio" type="constant" value="0.803848948479" />
		<parameter constant_type="double" name="nonNEP_sharing_boost" type="constant" value="0.411484215356" />
		<parameter constant_type="string" name="output_directory" type="constant" value="output" />
		<parameter constant_type="double" name="prob_cessation" type="constant" value="0.168262839422" />
		<parameter constant_type="double" name="prob_infected_when_arrive" type="constant" value="0.0239751159951" />
		<parameter constant_type="double" name="prob_self_limiting_female" type="constant" value="0.380773930273" />
		<parameter constant_type="double" name="prob_self_limiting_male" type="constant" value="0.135542116333" />
		<parameter constant_type="double" name="prob_clearing" type="constant" value="0.846862195735" />
		<parameter constant_type="double" name="pwid_maturity_threshold" type="constant" value="5.26890362545" />
        <parameter comment="365*5 + 365 burnin" constant_type="number" name="run_length" shortvalue="4015" type="constant" value="4040" />
        <parameter constant_type="double" name="status_report_frequency" type="constant" value="365.0" />
        <parameter constant_type="double" name="transmissibility" type="constant" value="0.00788226546642" />
        <parameter constant_type="string" name="NEP_data" simulated_value="datagen/NEP_mock_2014.csv" type="constant" value="data/NEP_Risk_Base_Merge.csv" />
        <parameter constant_type="string" name="NHBS_data" simulated_value="datagen/NHBS_mock_2014.csv" type="constant" value="data/IDU2_HCV_model_012913_cleaned.csv" value2012="data/IDU3_2012-2014-04-17.csv" />
</sweep>