<sweep jobNum="289" runs="1">
		
		<parameter constant_type="double" name="ab_prob_acute" type="constant" value="0.0270079394458" />
		<parameter constant_type="double" name="ab_prob_chronic" type="constant" value="0.559612107204" />
		<parameter constant_type="double" name="attrition_rate" type="constant" value="0.0574070448228" />
		<parameter constant_type="double" name="burn_in_days" type="constant" value="365.0" value_nob="0" />
		<parameter constant_type="number" name="dump_network_distances" type="constant" value="-1" />
		<parameter constant_type="double" name="homophily_strength" type="constant" value="0.62009565101" />
		<parameter constant_type="number" name="initial_pwid_count" type="constant" value="31800" />
		<parameter constant_type="double" name="interaction_home_cutoff" type="constant" value="2.20972938423" />
		<parameter constant_type="double" name="interaction_rate_constant" type="constant" value="0.019612223849" />
		<parameter constant_type="double" name="interaction_rate_at_drug_sites" type="constant" value="9.41398445163e-05" />
		<parameter constant_type="double" name="interaction_rate_exzone" type="constant" value="0.0828393892515" />
		<parameter constant_type="double" name="mean_career_duration" type="constant" value="22.6816887062" />
        <parameter constant_type="double" name="mean_days_acute_naive" type="constant" value="118.265552503" />
		<parameter constant_type="double" name="mean_days_acute_rechallenged" type="constant" value="46.9909409341" />
		<parameter constant_type="double" name="mean_days_naive_to_infectious" type="constant" value="2.89427636737" />
		<parameter constant_type="double" name="mean_enrichment_ChicagoNonNEP" type="constant" value="0.510843218688" />
		<parameter constant_type="double" name="mean_enrichment_suburbs" type="constant" value="1.95000539557" />
		<parameter constant_type="double" name="mean_tie_lifetime" type="constant" value="791.936149528" />
		<parameter constant_type="double" name="net_inflow" type="constant" value="0.0" />
		<parameter constant_type="double" name="nonNEP_age_boost" type="constant" value="2.72901143164" />
		<parameter constant_type="double" name="nonNEP_age_started_boost" type="constant" value="2.3088889632" />
		<parameter constant_type="double" name="nonNEP_degree_boost" type="constant" value="0.310079394458" />
		<parameter constant_type="double" name="nonNEP_hcv_ab_boost" type="constant" value="0.00322502682637" />
		<parameter constant_type="double" name="nonNEP_injection_ratio" type="constant" value="0.863717543553" />
		<parameter constant_type="double" name="nonNEP_sharing_boost" type="constant" value="0.358621629026" />
		<parameter constant_type="string" name="output_directory" type="constant" value="output" />
		<parameter constant_type="double" name="prob_cessation" type="constant" value="0.182336405212" />
		<parameter constant_type="double" name="prob_infected_when_arrive" type="constant" value="0.0551479221149" />
		<parameter constant_type="double" name="prob_self_limiting_female" type="constant" value="0.383735099456" />
		<parameter constant_type="double" name="prob_self_limiting_male" type="constant" value="0.115123820297" />
		<parameter constant_type="double" name="prob_clearing" type="constant" value="0.90218648075" />
		<parameter constant_type="double" name="pwid_maturity_threshold" type="constant" value="4.27116439852" />
        <parameter comment="365*5 + 365 burnin" constant_type="number" name="run_length" shortvalue="4015" type="constant" value="4040" />
        <parameter constant_type="double" name="status_report_frequency" type="constant" value="365.0" />
        <parameter constant_type="double" name="transmissibility" type="constant" value="0.0116105223016" />
        <parameter constant_type="string" name="NEP_data" simulated_value="datagen/NEP_mock_2014.csv" type="constant" value="data/NEP_Risk_Base_Merge.csv" />
        <parameter constant_type="string" name="NHBS_data" simulated_value="datagen/NHBS_mock_2014.csv" type="constant" value="data/IDU2_HCV_model_012913_cleaned.csv" value2012="data/IDU3_2012-2014-04-17.csv" />
</sweep>