<sweep jobNum="66" runs="1">
		
		<parameter constant_type="double" name="ab_prob_acute" type="constant" value="0.0247663324484" />
		<parameter constant_type="double" name="ab_prob_chronic" type="constant" value="0.726749065867" />
		<parameter constant_type="double" name="attrition_rate" type="constant" value="0.0204581510502" />
		<parameter constant_type="double" name="burn_in_days" type="constant" value="365.0" value_nob="0" />
		<parameter constant_type="number" name="dump_network_distances" type="constant" value="-1" />
		<parameter constant_type="double" name="homophily_strength" type="constant" value="0.737052039704" />
		<parameter constant_type="number" name="initial_pwid_count" type="constant" value="30583" />
		<parameter constant_type="double" name="interaction_home_cutoff" type="constant" value="1.69590915019" />
		<parameter constant_type="double" name="interaction_rate_constant" type="constant" value="0.0115285341137" />
		<parameter constant_type="double" name="interaction_rate_at_drug_sites" type="constant" value="0.00010128357756" />
		<parameter constant_type="double" name="interaction_rate_exzone" type="constant" value="0.0891007040868" />
		<parameter constant_type="double" name="mean_career_duration" type="constant" value="32.9560227095" />
        <parameter constant_type="double" name="mean_days_acute_naive" type="constant" value="123.176682281" />
		<parameter constant_type="double" name="mean_days_acute_rechallenged" type="constant" value="14.561664195" />
		<parameter constant_type="double" name="mean_days_naive_to_infectious" type="constant" value="3.12294855055" />
		<parameter constant_type="double" name="mean_enrichment_ChicagoNonNEP" type="constant" value="0.558432808078" />
		<parameter constant_type="double" name="mean_enrichment_suburbs" type="constant" value="1.60827910303" />
		<parameter constant_type="double" name="mean_tie_lifetime" type="constant" value="313.608297307" />
		<parameter constant_type="double" name="net_inflow" type="constant" value="0.0" />
		<parameter constant_type="double" name="nonNEP_age_boost" type="constant" value="2.97860866515" />
		<parameter constant_type="double" name="nonNEP_age_started_boost" type="constant" value="1.62291753916" />
		<parameter constant_type="double" name="nonNEP_degree_boost" type="constant" value="0.30088889632" />
		<parameter constant_type="double" name="nonNEP_hcv_ab_boost" type="constant" value="0.00787060371833" />
		<parameter constant_type="double" name="nonNEP_injection_ratio" type="constant" value="0.870371840093" />
		<parameter constant_type="double" name="nonNEP_sharing_boost" type="constant" value="0.362206310546" />
		<parameter constant_type="string" name="output_directory" type="constant" value="output" />
		<parameter constant_type="double" name="prob_cessation" type="constant" value="0.290069957355" />
		<parameter constant_type="double" name="prob_infected_when_arrive" type="constant" value="0.0804155991687" />
		<parameter constant_type="double" name="prob_self_limiting_female" type="constant" value="0.348854513627" />
		<parameter constant_type="double" name="prob_self_limiting_male" type="constant" value="0.125854884521" />
		<parameter constant_type="double" name="prob_clearing" type="constant" value="0.933084686851" />
		<parameter constant_type="double" name="pwid_maturity_threshold" type="constant" value="6.24535791376" />
        <parameter comment="365*5 + 365 burnin" constant_type="number" name="run_length" shortvalue="4015" type="constant" value="4040" />
        <parameter constant_type="double" name="status_report_frequency" type="constant" value="365.0" />
        <parameter constant_type="double" name="transmissibility" type="constant" value="0.00684065914521" />
        <parameter constant_type="string" name="NEP_data" simulated_value="datagen/NEP_mock_2014.csv" type="constant" value="data/NEP_Risk_Base_Merge.csv" />
        <parameter constant_type="string" name="NHBS_data" simulated_value="datagen/NHBS_mock_2014.csv" type="constant" value="data/IDU2_HCV_model_012913_cleaned.csv" value2012="data/IDU3_2012-2014-04-17.csv" />
</sweep>