<sweep jobNum="117" runs="1">
		
		<parameter constant_type="double" name="ab_prob_acute" type="constant" value="0.0177274453437" />
		<parameter constant_type="double" name="ab_prob_chronic" type="constant" value="0.699160784183" />
		<parameter constant_type="double" name="attrition_rate" type="constant" value="0.0465157984584" />
		<parameter constant_type="double" name="burn_in_days" type="constant" value="365.0" value_nob="0" />
		<parameter constant_type="number" name="dump_network_distances" type="constant" value="-1" />
		<parameter constant_type="double" name="homophily_strength" type="constant" value="0.775279556103" />
		<parameter constant_type="number" name="initial_pwid_count" type="constant" value="30188" />
		<parameter constant_type="double" name="interaction_home_cutoff" type="constant" value="1.23197149147" />
		<parameter constant_type="double" name="interaction_rate_constant" type="constant" value="0.0167721883172" />
		<parameter constant_type="double" name="interaction_rate_at_drug_sites" type="constant" value="5.64087473885e-05" />
		<parameter constant_type="double" name="interaction_rate_exzone" type="constant" value="0.0775293270878" />
		<parameter constant_type="double" name="mean_career_duration" type="constant" value="31.4479593667" />
        <parameter constant_type="double" name="mean_days_acute_naive" type="constant" value="103.355402336" />
		<parameter constant_type="double" name="mean_days_acute_rechallenged" type="constant" value="22.0375571177" />
		<parameter constant_type="double" name="mean_days_naive_to_infectious" type="constant" value="3.31606107485" />
		<parameter constant_type="double" name="mean_enrichment_ChicagoNonNEP" type="constant" value="0.563212214969" />
		<parameter constant_type="double" name="mean_enrichment_suburbs" type="constant" value="2.3651338526" />
		<parameter constant_type="double" name="mean_tie_lifetime" type="constant" value="554.777198385" />
		<parameter constant_type="double" name="net_inflow" type="constant" value="0.0" />
		<parameter constant_type="double" name="nonNEP_age_boost" type="constant" value="3.45613627472" />
		<parameter constant_type="double" name="nonNEP_age_started_boost" type="constant" value="1.28635749377" />
		<parameter constant_type="double" name="nonNEP_degree_boost" type="constant" value="0.167715941163" />
		<parameter constant_type="double" name="nonNEP_hcv_ab_boost" type="constant" value="0.012646044944" />
		<parameter constant_type="double" name="nonNEP_injection_ratio" type="constant" value="0.802968423597" />
		<parameter constant_type="double" name="nonNEP_sharing_boost" type="constant" value="0.307274453437" />
		<parameter constant_type="string" name="output_directory" type="constant" value="output" />
		<parameter constant_type="double" name="prob_cessation" type="constant" value="0.319060686918" />
		<parameter constant_type="double" name="prob_infected_when_arrive" type="constant" value="0.0264632842531" />
		<parameter constant_type="double" name="prob_self_limiting_female" type="constant" value="0.346576481704" />
		<parameter constant_type="double" name="prob_self_limiting_male" type="constant" value="0.12562043233" />
		<parameter constant_type="double" name="prob_clearing" type="constant" value="0.888276737295" />
		<parameter constant_type="double" name="pwid_maturity_threshold" type="constant" value="6.66169373703" />
        <parameter comment="365*5 + 365 burnin" constant_type="number" name="run_length" shortvalue="4015" type="constant" value="4040" />
        <parameter constant_type="double" name="status_report_frequency" type="constant" value="365.0" />
        <parameter constant_type="double" name="transmissibility" type="constant" value="0.0220976322126" />
        <parameter constant_type="string" name="NEP_data" simulated_value="datagen/NEP_mock_2014.csv" type="constant" value="data/NEP_Risk_Base_Merge.csv" />
        <parameter constant_type="string" name="NHBS_data" simulated_value="datagen/NHBS_mock_2014.csv" type="constant" value="data/IDU2_HCV_model_012913_cleaned.csv" value2012="data/IDU3_2012-2014-04-17.csv" />
</sweep>