<sweep jobNum="211" runs="1">
		
		<parameter constant_type="double" name="ab_prob_acute" type="constant" value="0.0154877634025" />
		<parameter constant_type="double" name="ab_prob_chronic" type="constant" value="0.602577148858" />
		<parameter constant_type="double" name="attrition_rate" type="constant" value="0.0391955491732" />
		<parameter constant_type="double" name="burn_in_days" type="constant" value="365.0" value_nob="0" />
		<parameter constant_type="number" name="dump_network_distances" type="constant" value="-1" />
		<parameter constant_type="double" name="homophily_strength" type="constant" value="0.709425807125" />
		<parameter constant_type="number" name="initial_pwid_count" type="constant" value="30684" />
		<parameter constant_type="double" name="interaction_home_cutoff" type="constant" value="2.0142608899" />
		<parameter constant_type="double" name="interaction_rate_constant" type="constant" value="0.0211315694795" />
		<parameter constant_type="double" name="interaction_rate_at_drug_sites" type="constant" value="0.00013651338526" />
		<parameter constant_type="double" name="interaction_rate_exzone" type="constant" value="0.0833156728128" />
		<parameter constant_type="double" name="mean_career_duration" type="constant" value="21.3675000851" />
        <parameter constant_type="double" name="mean_days_acute_naive" type="constant" value="81.2288282872" />
		<parameter constant_type="double" name="mean_days_acute_rechallenged" type="constant" value="26.6871002696" />
		<parameter constant_type="double" name="mean_days_naive_to_infectious" type="constant" value="2.02324137915" />
		<parameter constant_type="double" name="mean_enrichment_ChicagoNonNEP" type="constant" value="0.666169373703" />
		<parameter constant_type="double" name="mean_enrichment_suburbs" type="constant" value="2.11070297261" />
		<parameter constant_type="double" name="mean_tie_lifetime" type="constant" value="873.980300766" />
		<parameter constant_type="double" name="net_inflow" type="constant" value="0.0" />
		<parameter constant_type="double" name="nonNEP_age_boost" type="constant" value="4.29527055426" />
		<parameter constant_type="double" name="nonNEP_age_started_boost" type="constant" value="0.947204438972" />
		<parameter constant_type="double" name="nonNEP_degree_boost" type="constant" value="0.281364250623" />
		<parameter constant_type="double" name="nonNEP_hcv_ab_boost" type="constant" value="0.00726766871925" />
		<parameter constant_type="double" name="nonNEP_injection_ratio" type="constant" value="0.876093240375" />
		<parameter constant_type="double" name="nonNEP_sharing_boost" type="constant" value="0.421432231377" />
		<parameter constant_type="string" name="output_directory" type="constant" value="output" />
		<parameter constant_type="double" name="prob_cessation" type="constant" value="0.15122223672" />
		<parameter constant_type="double" name="prob_infected_when_arrive" type="constant" value="0.0402059345489" />
		<parameter constant_type="double" name="prob_self_limiting_female" type="constant" value="0.350852503388" />
		<parameter constant_type="double" name="prob_self_limiting_male" type="constant" value="0.117236871927" />
		<parameter constant_type="double" name="prob_clearing" type="constant" value="0.881606107485" />
		<parameter constant_type="double" name="pwid_maturity_threshold" type="constant" value="4.98288730336" />
        <parameter comment="365*5 + 365 burnin" constant_type="number" name="run_length" shortvalue="4015" type="constant" value="4040" />
        <parameter constant_type="double" name="status_report_frequency" type="constant" value="365.0" />
        <parameter constant_type="double" name="transmissibility" type="constant" value="0.0345435690843" />
        <parameter constant_type="string" name="NEP_data" simulated_value="datagen/NEP_mock_2014.csv" type="constant" value="data/NEP_Risk_Base_Merge.csv" />
        <parameter constant_type="string" name="NHBS_data" simulated_value="datagen/NHBS_mock_2014.csv" type="constant" value="data/IDU2_HCV_model_012913_cleaned.csv" value2012="data/IDU3_2012-2014-04-17.csv" />
</sweep>