<sweep jobNum="189" runs="1">
		
		<parameter constant_type="double" name="ab_prob_acute" type="constant" value="0.0152974741557" />
		<parameter constant_type="double" name="ab_prob_chronic" type="constant" value="0.706742813718" />
		<parameter constant_type="double" name="attrition_rate" type="constant" value="0.0348634494562" />
		<parameter constant_type="double" name="burn_in_days" type="constant" value="365.0" value_nob="0" />
		<parameter constant_type="number" name="dump_network_distances" type="constant" value="-1" />
		<parameter constant_type="double" name="homophily_strength" type="constant" value="0.645180703162" />
		<parameter constant_type="number" name="initial_pwid_count" type="constant" value="32608" />
		<parameter constant_type="double" name="interaction_home_cutoff" type="constant" value="2.12294855055" />
		<parameter constant_type="double" name="interaction_rate_constant" type="constant" value="0.0141754549011" />
		<parameter constant_type="double" name="interaction_rate_at_drug_sites" type="constant" value="6.81705803136e-05" />
		<parameter constant_type="double" name="interaction_rate_exzone" type="constant" value="0.0936802850853" />
		<parameter constant_type="double" name="mean_career_duration" type="constant" value="25.4954829963" />
        <parameter constant_type="double" name="mean_days_acute_naive" type="constant" value="104.0701222" />
		<parameter constant_type="double" name="mean_days_acute_rechallenged" type="constant" value="35.4104079407" />
		<parameter constant_type="double" name="mean_days_naive_to_infectious" type="constant" value="3.03708555609" />
		<parameter constant_type="double" name="mean_enrichment_ChicagoNonNEP" type="constant" value="0.402109331592" />
		<parameter constant_type="double" name="mean_enrichment_suburbs" type="constant" value="2.24151668487" />
		<parameter constant_type="double" name="mean_tie_lifetime" type="constant" value="515.382432621" />
		<parameter constant_type="double" name="net_inflow" type="constant" value="0.0" />
		<parameter constant_type="double" name="nonNEP_age_boost" type="constant" value="3.25361233925" />
		<parameter constant_type="double" name="nonNEP_age_started_boost" type="constant" value="2.66760850243" />
		<parameter constant_type="double" name="nonNEP_degree_boost" type="constant" value="0.251146153511" />
		<parameter constant_type="double" name="nonNEP_hcv_ab_boost" type="constant" value="0.00967914229921" />
		<parameter constant_type="double" name="nonNEP_injection_ratio" type="constant" value="0.837463317804" />
		<parameter constant_type="double" name="nonNEP_sharing_boost" type="constant" value="0.334279427789" />
		<parameter constant_type="string" name="output_directory" type="constant" value="output" />
		<parameter constant_type="double" name="prob_cessation" type="constant" value="0.279574951816" />
		<parameter constant_type="double" name="prob_infected_when_arrive" type="constant" value="0.021675819292" />
		<parameter constant_type="double" name="prob_self_limiting_female" type="constant" value="0.328588016699" />
		<parameter constant_type="double" name="prob_self_limiting_male" type="constant" value="0.119194205696" />
		<parameter constant_type="double" name="prob_clearing" type="constant" value="0.93069176459" />
		<parameter constant_type="double" name="pwid_maturity_threshold" type="constant" value="4.34384647844" />
        <parameter comment="365*5 + 365 burnin" constant_type="number" name="run_length" shortvalue="4015" type="constant" value="4040" />
        <parameter constant_type="double" name="status_report_frequency" type="constant" value="365.0" />
        <parameter constant_type="double" name="transmissibility" type="constant" value="0.0126496372696" />
        <parameter constant_type="string" name="NEP_data" simulated_value="datagen/NEP_mock_2014.csv" type="constant" value="data/NEP_Risk_Base_Merge.csv" />
        <parameter constant_type="string" name="NHBS_data" simulated_value="datagen/NHBS_mock_2014.csv" type="constant" value="data/IDU2_HCV_model_012913_cleaned.csv" value2012="data/IDU3_2012-2014-04-17.csv" />
</sweep>