<sweep jobNum="253" runs="1">
		
		<parameter constant_type="double" name="ab_prob_acute" type="constant" value="0.0149116372365" />
		<parameter constant_type="double" name="ab_prob_chronic" type="constant" value="0.629647235662" />
		<parameter constant_type="double" name="attrition_rate" type="constant" value="0.0199280818118" />
		<parameter constant_type="double" name="burn_in_days" type="constant" value="365.0" value_nob="0" />
		<parameter constant_type="number" name="dump_network_distances" type="constant" value="-1" />
		<parameter constant_type="double" name="homophily_strength" type="constant" value="0.627715941163" />
		<parameter constant_type="number" name="initial_pwid_count" type="constant" value="32656" />
		<parameter constant_type="double" name="interaction_home_cutoff" type="constant" value="1.43850022438" />
		<parameter constant_type="double" name="interaction_rate_constant" type="constant" value="0.0219718523015" />
		<parameter constant_type="double" name="interaction_rate_at_drug_sites" type="constant" value="5.96541177049e-05" />
		<parameter constant_type="double" name="interaction_rate_exzone" type="constant" value="0.0887435087107" />
		<parameter constant_type="double" name="mean_career_duration" type="constant" value="14.8783572442" />
        <parameter constant_type="double" name="mean_days_acute_naive" type="constant" value="87.2895526582" />
		<parameter constant_type="double" name="mean_days_acute_rechallenged" type="constant" value="23.4548906874" />
		<parameter constant_type="double" name="mean_days_naive_to_infectious" type="constant" value="2.23961002078" />
		<parameter constant_type="double" name="mean_enrichment_ChicagoNonNEP" type="constant" value="0.467341717882" />
		<parameter constant_type="double" name="mean_enrichment_suburbs" type="constant" value="1.85689185487" />
		<parameter constant_type="double" name="mean_tie_lifetime" type="constant" value="708.28534834" />
		<parameter constant_type="double" name="net_inflow" type="constant" value="0.0" />
		<parameter constant_type="double" name="nonNEP_age_boost" type="constant" value="3.74384032723" />
		<parameter constant_type="double" name="nonNEP_age_started_boost" type="constant" value="1.07038155156" />
		<parameter constant_type="double" name="nonNEP_degree_boost" type="constant" value="0.217859405479" />
		<parameter constant_type="double" name="nonNEP_hcv_ab_boost" type="constant" value="0.00933426312293" />
		<parameter constant_type="double" name="nonNEP_injection_ratio" type="constant" value="0.862536682196" />
		<parameter constant_type="double" name="nonNEP_sharing_boost" type="constant" value="0.267038155156" />
		<parameter constant_type="string" name="output_directory" type="constant" value="output" />
		<parameter constant_type="double" name="prob_cessation" type="constant" value="0.21559982831" />
		<parameter constant_type="double" name="prob_infected_when_arrive" type="constant" value="0.0448520778851" />
		<parameter constant_type="double" name="prob_self_limiting_female" type="constant" value="0.359250673971" />
		<parameter constant_type="double" name="prob_self_limiting_male" type="constant" value="0.106951951889" />
		<parameter constant_type="double" name="prob_clearing" type="constant" value="0.916478513138" />
		<parameter constant_type="double" name="pwid_maturity_threshold" type="constant" value="5.97890668408" />
        <parameter comment="365*5 + 365 burnin" constant_type="number" name="run_length" shortvalue="4015" type="constant" value="4040" />
        <parameter constant_type="double" name="status_report_frequency" type="constant" value="365.0" />
        <parameter constant_type="double" name="transmissibility" type="constant" value="0.0224577643091" />
        <parameter constant_type="string" name="NEP_data" simulated_value="datagen/NEP_mock_2014.csv" type="constant" value="data/NEP_Risk_Base_Merge.csv" />
        <parameter constant_type="string" name="NHBS_data" simulated_value="datagen/NHBS_mock_2014.csv" type="constant" value="data/IDU2_HCV_model_012913_cleaned.csv" value2012="data/IDU3_2012-2014-04-17.csv" />
</sweep>