<sweep jobNum="191" runs="1">
		
		<parameter constant_type="double" name="ab_prob_acute" type="constant" value="0.0275279556103" />
		<parameter constant_type="double" name="ab_prob_chronic" type="constant" value="0.568200939158" />
		<parameter constant_type="double" name="attrition_rate" type="constant" value="0.0372872988958" />
		<parameter constant_type="double" name="burn_in_days" type="constant" value="365.0" value_nob="0" />
		<parameter constant_type="number" name="dump_network_distances" type="constant" value="-1" />
		<parameter constant_type="double" name="homophily_strength" type="constant" value="0.790569223748" />
		<parameter constant_type="number" name="initial_pwid_count" type="constant" value="32154" />
		<parameter constant_type="double" name="interaction_home_cutoff" type="constant" value="1.88279689033" />
		<parameter constant_type="double" name="interaction_rate_constant" type="constant" value="0.0204714658863" />
		<parameter constant_type="double" name="interaction_rate_at_drug_sites" type="constant" value="0.000135405225885" />
		<parameter constant_type="double" name="interaction_rate_exzone" type="constant" value="0.0941484215356" />
		<parameter constant_type="double" name="mean_career_duration" type="constant" value="31.0122010054" />
        <parameter constant_type="double" name="mean_days_acute_naive" type="constant" value="85.7344474969" />
		<parameter constant_type="double" name="mean_days_acute_rechallenged" type="constant" value="37.1509631711" />
		<parameter constant_type="double" name="mean_days_naive_to_infectious" type="constant" value="2.92291753916" />
		<parameter constant_type="double" name="mean_enrichment_ChicagoNonNEP" type="constant" value="0.63725676584" />
		<parameter constant_type="double" name="mean_enrichment_suburbs" type="constant" value="2.17612647403" />
		<parameter constant_type="double" name="mean_tie_lifetime" type="constant" value="764.837839398" />
		<parameter constant_type="double" name="net_inflow" type="constant" value="0.0" />
		<parameter constant_type="double" name="nonNEP_age_boost" type="constant" value="2.61506349097" />
		<parameter constant_type="double" name="nonNEP_age_started_boost" type="constant" value="2.22841230383" />
		<parameter constant_type="double" name="nonNEP_degree_boost" type="constant" value="0.215514836372" />
		<parameter constant_type="double" name="nonNEP_hcv_ab_boost" type="constant" value="0.0175027762045" />
		<parameter constant_type="double" name="nonNEP_injection_ratio" type="constant" value="0.830246398388" />
		<parameter constant_type="double" name="nonNEP_sharing_boost" type="constant" value="0.26064793653" />
		<parameter constant_type="string" name="output_directory" type="constant" value="output" />
		<parameter constant_type="double" name="prob_cessation" type="constant" value="0.277667495846" />
		<parameter constant_type="double" name="prob_infected_when_arrive" type="constant" value="0.0324548678818" />
		<parameter constant_type="double" name="prob_self_limiting_female" type="constant" value="0.383357852793" />
		<parameter constant_type="double" name="prob_self_limiting_male" type="constant" value="0.117584374248" />
		<parameter constant_type="double" name="prob_clearing" type="constant" value="0.8846190126" />
		<parameter constant_type="double" name="pwid_maturity_threshold" type="constant" value="5.1427251135" />
        <parameter comment="365*5 + 365 burnin" constant_type="number" name="run_length" shortvalue="4015" type="constant" value="4040" />
        <parameter constant_type="double" name="status_report_frequency" type="constant" value="365.0" />
        <parameter constant_type="double" name="transmissibility" type="constant" value="0.0108853120439" />
        <parameter constant_type="string" name="NEP_data" simulated_value="datagen/NEP_mock_2014.csv" type="constant" value="data/NEP_Risk_Base_Merge.csv" />
        <parameter constant_type="string" name="NHBS_data" simulated_value="datagen/NHBS_mock_2014.csv" type="constant" value="data/IDU2_HCV_model_012913_cleaned.csv" value2012="data/IDU3_2012-2014-04-17.csv" />
</sweep>