<sweep jobNum="288" runs="1">
		
		<parameter constant_type="double" name="ab_prob_acute" type="constant" value="0.0196862195735" />
		<parameter constant_type="double" name="ab_prob_chronic" type="constant" value="0.590713462791" />
		<parameter constant_type="double" name="attrition_rate" type="constant" value="0.0454460903632" />
		<parameter constant_type="double" name="burn_in_days" type="constant" value="365.0" value_nob="0" />
		<parameter constant_type="number" name="dump_network_distances" type="constant" value="-1" />
		<parameter constant_type="double" name="homophily_strength" type="constant" value="0.693435501348" />
		<parameter constant_type="number" name="initial_pwid_count" type="constant" value="31533" />
		<parameter constant_type="double" name="interaction_home_cutoff" type="constant" value="1.49116372365" />
		<parameter constant_type="double" name="interaction_rate_constant" type="constant" value="0.012138463583" />
		<parameter constant_type="double" name="interaction_rate_at_drug_sites" type="constant" value="7.45581861825e-05" />
		<parameter constant_type="double" name="interaction_rate_exzone" type="constant" value="0.0864279427789" />
		<parameter constant_type="double" name="mean_career_duration" type="constant" value="12.4765994006" />
        <parameter constant_type="double" name="mean_days_acute_naive" type="constant" value="119.886328315" />
		<parameter constant_type="double" name="mean_days_acute_rechallenged" type="constant" value="24.6185021433" />
		<parameter constant_type="double" name="mean_days_naive_to_infectious" type="constant" value="2.76688722756" />
		<parameter constant_type="double" name="mean_enrichment_ChicagoNonNEP" type="constant" value="0.391684812825" />
		<parameter constant_type="double" name="mean_enrichment_suburbs" type="constant" value="1.87168783032" />
		<parameter constant_type="double" name="mean_tie_lifetime" type="constant" value="774.376646565" />
		<parameter constant_type="double" name="net_inflow" type="constant" value="0.0" />
		<parameter constant_type="double" name="nonNEP_age_boost" type="constant" value="3.20167771909" />
		<parameter constant_type="double" name="nonNEP_age_started_boost" type="constant" value="2.33658839373" />
		<parameter constant_type="double" name="nonNEP_degree_boost" type="constant" value="0.240285208517" />
		<parameter constant_type="double" name="nonNEP_hcv_ab_boost" type="constant" value="0.00226597101055" />
		<parameter constant_type="double" name="nonNEP_injection_ratio" type="constant" value="0.850142604259" />
		<parameter constant_type="double" name="nonNEP_sharing_boost" type="constant" value="0.382841230383" />
		<parameter constant_type="string" name="output_directory" type="constant" value="output" />
		<parameter constant_type="double" name="prob_cessation" type="constant" value="0.305665964798" />
		<parameter constant_type="double" name="prob_infected_when_arrive" type="constant" value="0.0565316564235" />
		<parameter constant_type="double" name="prob_self_limiting_female" type="constant" value="0.348284634794" />
		<parameter constant_type="double" name="prob_self_limiting_male" type="constant" value="0.12102037154" />
		<parameter constant_type="double" name="prob_clearing" type="constant" value="0.827859405479" />
		<parameter constant_type="double" name="pwid_maturity_threshold" type="constant" value="4.05949483114" />
        <parameter comment="365*5 + 365 burnin" constant_type="number" name="run_length" shortvalue="4015" type="constant" value="4040" />
        <parameter constant_type="double" name="status_report_frequency" type="constant" value="365.0" />
        <parameter constant_type="double" name="transmissibility" type="constant" value="0.0169955665117" />
        <parameter constant_type="string" name="NEP_data" simulated_value="datagen/NEP_mock_2014.csv" type="constant" value="data/NEP_Risk_Base_Merge.csv" />
        <parameter constant_type="string" name="NHBS_data" simulated_value="datagen/NHBS_mock_2014.csv" type="constant" value="data/IDU2_HCV_model_012913_cleaned.csv" value2012="data/IDU3_2012-2014-04-17.csv" />
</sweep>