<sweep jobNum="24" runs="1">
		
		<parameter constant_type="double" name="ab_prob_acute" type="constant" value="0.0273026770521" />
		<parameter constant_type="double" name="ab_prob_chronic" type="constant" value="0.504680311143" />
		<parameter constant_type="double" name="attrition_rate" type="constant" value="0.0121626173662" />
		<parameter constant_type="double" name="burn_in_days" type="constant" value="365.0" value_nob="0" />
		<parameter constant_type="number" name="dump_network_distances" type="constant" value="-1" />
		<parameter constant_type="double" name="homophily_strength" type="constant" value="0.695720572211" />
		<parameter constant_type="number" name="initial_pwid_count" type="constant" value="31902" />
		<parameter constant_type="double" name="interaction_home_cutoff" type="constant" value="1.81934095443" />
		<parameter constant_type="double" name="interaction_rate_constant" type="constant" value="0.0145661314726" />
		<parameter constant_type="double" name="interaction_rate_at_drug_sites" type="constant" value="0.000104140244399" />
		<parameter constant_type="double" name="interaction_rate_exzone" type="constant" value="0.0933026770521" />
		<parameter constant_type="double" name="mean_career_duration" type="constant" value="17.2517496665" />
        <parameter constant_type="double" name="mean_days_acute_naive" type="constant" value="79.7842191361" />
		<parameter constant_type="double" name="mean_days_acute_rechallenged" type="constant" value="39.2299955123" />
		<parameter constant_type="double" name="mean_days_naive_to_infectious" type="constant" value="2.32091721177" />
		<parameter constant_type="double" name="mean_enrichment_ChicagoNonNEP" type="constant" value="0.453377445512" />
		<parameter constant_type="double" name="mean_enrichment_suburbs" type="constant" value="2.16705115212" />
		<parameter constant_type="double" name="mean_tie_lifetime" type="constant" value="846.342558706" />
		<parameter constant_type="double" name="net_inflow" type="constant" value="0.0" />
		<parameter constant_type="double" name="nonNEP_age_boost" type="constant" value="2.31367776217" />
		<parameter constant_type="double" name="nonNEP_age_started_boost" type="constant" value="1.77136255675" />
		<parameter constant_type="double" name="nonNEP_degree_boost" type="constant" value="0.311545313262" />
		<parameter constant_type="double" name="nonNEP_hcv_ab_boost" type="constant" value="0.0140494048165" />
		<parameter constant_type="double" name="nonNEP_injection_ratio" type="constant" value="0.850713044495" />
		<parameter constant_type="double" name="nonNEP_sharing_boost" type="constant" value="0.38218648075" />
		<parameter constant_type="string" name="output_directory" type="constant" value="output" />
		<parameter constant_type="double" name="prob_cessation" type="constant" value="0.162567413584" />
		<parameter constant_type="double" name="prob_infected_when_arrive" type="constant" value="0.0757435761131" />
		<parameter constant_type="double" name="prob_self_limiting_female" type="constant" value="0.366485664963" />
		<parameter constant_type="double" name="prob_self_limiting_male" type="constant" value="0.122961207617" />
		<parameter constant_type="double" name="prob_clearing" type="constant" value="0.845720572211" />
		<parameter constant_type="double" name="pwid_maturity_threshold" type="constant" value="5.85220430408" />
        <parameter comment="365*5 + 365 burnin" constant_type="number" name="run_length" shortvalue="4015" type="constant" value="4040" />
        <parameter constant_type="double" name="status_report_frequency" type="constant" value="365.0" />
        <parameter constant_type="double" name="transmissibility" type="constant" value="0.030451087496" />
        <parameter constant_type="string" name="NEP_data" simulated_value="datagen/NEP_mock_2014.csv" type="constant" value="data/NEP_Risk_Base_Merge.csv" />
        <parameter constant_type="string" name="NHBS_data" simulated_value="datagen/NHBS_mock_2014.csv" type="constant" value="data/IDU2_HCV_model_012913_cleaned.csv" value2012="data/IDU3_2012-2014-04-17.csv" />
</sweep>