<sweep jobNum="20" runs="1">
		
		<parameter constant_type="double" name="ab_prob_acute" type="constant" value="0.0192863744325" />
		<parameter constant_type="double" name="ab_prob_chronic" type="constant" value="0.572770215667" />
		<parameter constant_type="double" name="attrition_rate" type="constant" value="0.0588192307315" />
		<parameter constant_type="double" name="burn_in_days" type="constant" value="365.0" value_nob="0" />
		<parameter constant_type="number" name="dump_network_distances" type="constant" value="-1" />
		<parameter constant_type="double" name="homophily_strength" type="constant" value="0.719808134931" />
		<parameter constant_type="number" name="initial_pwid_count" type="constant" value="32978" />
		<parameter constant_type="double" name="interaction_home_cutoff" type="constant" value="1.12817494777" />
		<parameter constant_type="double" name="interaction_rate_constant" type="constant" value="0.0135553791888" />
		<parameter constant_type="double" name="interaction_rate_at_drug_sites" type="constant" value="0.000111655638622" />
		<parameter constant_type="double" name="interaction_rate_exzone" type="constant" value="0.0803180949779" />
		<parameter constant_type="double" name="mean_career_duration" type="constant" value="32.8291709084" />
        <parameter constant_type="double" name="mean_days_acute_naive" type="constant" value="106.082285265" />
		<parameter constant_type="double" name="mean_days_acute_rechallenged" type="constant" value="15.2682321254" />
		<parameter constant_type="double" name="mean_days_naive_to_infectious" type="constant" value="2.45180703162" />
		<parameter constant_type="double" name="mean_enrichment_ChicagoNonNEP" type="constant" value="0.600470878979" />
		<parameter constant_type="double" name="mean_enrichment_suburbs" type="constant" value="2.44856454697" />
		<parameter constant_type="double" name="mean_tie_lifetime" type="constant" value="496.856833183" />
		<parameter constant_type="double" name="net_inflow" type="constant" value="0.0" />
		<parameter constant_type="double" name="nonNEP_age_boost" type="constant" value="3.68632223783" />
		<parameter constant_type="double" name="nonNEP_age_started_boost" type="constant" value="1.53092510716" />
		<parameter constant_type="double" name="nonNEP_degree_boost" type="constant" value="0.178423067723" />
		<parameter constant_type="double" name="nonNEP_hcv_ab_boost" type="constant" value="0.0136350989929" />
		<parameter constant_type="double" name="nonNEP_injection_ratio" type="constant" value="0.829317874688" />
		<parameter constant_type="double" name="nonNEP_sharing_boost" type="constant" value="0.365225294806" />
		<parameter constant_type="string" name="output_directory" type="constant" value="output" />
		<parameter constant_type="double" name="prob_cessation" type="constant" value="0.140475031866" />
		<parameter constant_type="double" name="prob_infected_when_arrive" type="constant" value="0.0455415385955" />
		<parameter constant_type="double" name="prob_self_limiting_female" type="constant" value="0.308284428315" />
		<parameter constant_type="double" name="prob_self_limiting_male" type="constant" value="0.116771742691" />
		<parameter constant_type="double" name="prob_clearing" type="constant" value="0.866907489284" />
		<parameter constant_type="double" name="pwid_maturity_threshold" type="constant" value="5.46622554488" />
        <parameter comment="365*5 + 365 burnin" constant_type="number" name="run_length" shortvalue="4015" type="constant" value="4040" />
        <parameter constant_type="double" name="status_report_frequency" type="constant" value="365.0" />
        <parameter constant_type="double" name="transmissibility" type="constant" value="0.023932082347" />
        <parameter constant_type="string" name="NEP_data" simulated_value="datagen/NEP_mock_2014.csv" type="constant" value="data/NEP_Risk_Base_Merge.csv" />
        <parameter constant_type="string" name="NHBS_data" simulated_value="datagen/NHBS_mock_2014.csv" type="constant" value="data/IDU2_HCV_model_012913_cleaned.csv" value2012="data/IDU3_2012-2014-04-17.csv" />
</sweep>