<sweep jobNum="51" runs="1">
		
		<parameter constant_type="double" name="ab_prob_acute" type="constant" value="0.0260203730816" />
		<parameter constant_type="double" name="ab_prob_chronic" type="constant" value="0.674270505231" />
		<parameter constant_type="double" name="attrition_rate" type="constant" value="0.0429559808675" />
		<parameter constant_type="double" name="burn_in_days" type="constant" value="365.0" value_nob="0" />
		<parameter constant_type="number" name="dump_network_distances" type="constant" value="-1" />
		<parameter constant_type="double" name="homophily_strength" type="constant" value="0.708853002799" />
		<parameter constant_type="number" name="initial_pwid_count" type="constant" value="30930" />
		<parameter constant_type="double" name="interaction_home_cutoff" type="constant" value="1.33521486862" />
		<parameter constant_type="double" name="interaction_rate_constant" type="constant" value="0.0186695029504" />
		<parameter constant_type="double" name="interaction_rate_at_drug_sites" type="constant" value="0.000145716115689" />
		<parameter constant_type="double" name="interaction_rate_exzone" type="constant" value="0.0927191679025" />
		<parameter constant_type="double" name="mean_career_duration" type="constant" value="24.1277840283" />
        <parameter constant_type="double" name="mean_days_acute_naive" type="constant" value="83.9289852908" />
		<parameter constant_type="double" name="mean_days_acute_rechallenged" type="constant" value="13.2452934907" />
		<parameter constant_type="double" name="mean_days_naive_to_infectious" type="constant" value="3.73026770521" />
		<parameter constant_type="double" name="mean_enrichment_ChicagoNonNEP" type="constant" value="0.496006820882" />
		<parameter constant_type="double" name="mean_enrichment_suburbs" type="constant" value="1.78382162621" />
		<parameter constant_type="double" name="mean_tie_lifetime" type="constant" value="589.509157424" />
		<parameter constant_type="double" name="net_inflow" type="constant" value="0.0" />
		<parameter constant_type="double" name="nonNEP_age_boost" type="constant" value="2.78104065841" />
		<parameter constant_type="double" name="nonNEP_age_started_boost" type="constant" value="2.31576932277" />
		<parameter constant_type="double" name="nonNEP_degree_boost" type="constant" value="0.263311277244" />
		<parameter constant_type="double" name="nonNEP_hcv_ab_boost" type="constant" value="0.0118438854311" />
		<parameter constant_type="double" name="nonNEP_injection_ratio" type="constant" value="0.873194550613" />
		<parameter constant_type="double" name="nonNEP_sharing_boost" type="constant" value="0.331996589559" />
		<parameter constant_type="string" name="output_directory" type="constant" value="output" />
		<parameter constant_type="double" name="prob_cessation" type="constant" value="0.222502817867" />
		<parameter constant_type="double" name="prob_infected_when_arrive" type="constant" value="0.0539995683548" />
		<parameter constant_type="double" name="prob_self_limiting_female" type="constant" value="0.315813426859" />
		<parameter constant_type="double" name="prob_self_limiting_male" type="constant" value="0.135690989982" />
		<parameter constant_type="double" name="prob_clearing" type="constant" value="0.87389780879" />
		<parameter constant_type="double" name="pwid_maturity_threshold" type="constant" value="5.74104079407" />
        <parameter comment="365*5 + 365 burnin" constant_type="number" name="run_length" shortvalue="4015" type="constant" value="4040" />
        <parameter constant_type="double" name="status_report_frequency" type="constant" value="365.0" />
        <parameter constant_type="double" name="transmissibility" type="constant" value="0.00860856616187" />
        <parameter constant_type="string" name="NEP_data" simulated_value="datagen/NEP_mock_2014.csv" type="constant" value="data/NEP_Risk_Base_Merge.csv" />
        <parameter constant_type="string" name="NHBS_data" simulated_value="datagen/NHBS_mock_2014.csv" type="constant" value="data/IDU2_HCV_model_012913_cleaned.csv" value2012="data/IDU3_2012-2014-04-17.csv" />
</sweep>