<sweep jobNum="65" runs="1">
		
		<parameter constant_type="double" name="ab_prob_acute" type="constant" value="0.0168393892515" />
		<parameter constant_type="double" name="ab_prob_chronic" type="constant" value="0.65157130389" />
		<parameter constant_type="double" name="attrition_rate" type="constant" value="0.0709618830581" />
		<parameter constant_type="double" name="burn_in_days" type="constant" value="365.0" value_nob="0" />
		<parameter constant_type="number" name="dump_network_distances" type="constant" value="-1" />
		<parameter constant_type="double" name="homophily_strength" type="constant" value="0.62918954823" />
		<parameter constant_type="number" name="initial_pwid_count" type="constant" value="31510" />
		<parameter constant_type="double" name="interaction_home_cutoff" type="constant" value="2.08280488799" />
		<parameter constant_type="double" name="interaction_rate_constant" type="constant" value="0.0116183937687" />
		<parameter constant_type="double" name="interaction_rate_at_drug_sites" type="constant" value="0.000105573076756" />
		<parameter constant_type="double" name="interaction_rate_exzone" type="constant" value="0.0852863744325" />
		<parameter constant_type="double" name="mean_career_duration" type="constant" value="33.0195505135" />
        <parameter constant_type="double" name="mean_days_acute_naive" type="constant" value="125.515788202" />
		<parameter constant_type="double" name="mean_days_acute_rechallenged" type="constant" value="43.3605701707" />
		<parameter constant_type="double" name="mean_days_naive_to_infectious" type="constant" value="3.07708246084" />
		<parameter constant_type="double" name="mean_enrichment_ChicagoNonNEP" type="constant" value="0.597890668408" />
		<parameter constant_type="double" name="mean_enrichment_suburbs" type="constant" value="1.96145876958" />
		<parameter constant_type="double" name="mean_tie_lifetime" type="constant" value="628.8519733" />
		<parameter constant_type="double" name="net_inflow" type="constant" value="0.0" />
		<parameter constant_type="double" name="nonNEP_age_boost" type="constant" value="3.78279721125" />
		<parameter constant_type="double" name="nonNEP_age_started_boost" type="constant" value="2.42284058837" />
		<parameter constant_type="double" name="nonNEP_degree_boost" type="constant" value="0.175641059717" />
		<parameter constant_type="double" name="nonNEP_hcv_ab_boost" type="constant" value="0.00112681343837" />
		<parameter constant_type="double" name="nonNEP_injection_ratio" type="constant" value="0.804715388126" />
		<parameter constant_type="double" name="nonNEP_sharing_boost" type="constant" value="0.369507203223" />
		<parameter constant_type="string" name="output_directory" type="constant" value="output" />
		<parameter constant_type="double" name="prob_cessation" type="constant" value="0.179738661804" />
		<parameter constant_type="double" name="prob_infected_when_arrive" type="constant" value="0.0356668501603" />
		<parameter constant_type="double" name="prob_self_limiting_female" type="constant" value="0.319816896032" />
		<parameter constant_type="double" name="prob_self_limiting_male" type="constant" value="0.103529946139" />
		<parameter constant_type="double" name="prob_clearing" type="constant" value="0.917908278823" />
		<parameter constant_type="double" name="pwid_maturity_threshold" type="constant" value="5.87725660591" />
        <parameter comment="365*5 + 365 burnin" constant_type="number" name="run_length" shortvalue="4015" type="constant" value="4040" />
        <parameter constant_type="double" name="status_report_frequency" type="constant" value="365.0" />
        <parameter constant_type="double" name="transmissibility" type="constant" value="0.0234342837918" />
        <parameter constant_type="string" name="NEP_data" simulated_value="datagen/NEP_mock_2014.csv" type="constant" value="data/NEP_Risk_Base_Merge.csv" />
        <parameter constant_type="string" name="NHBS_data" simulated_value="datagen/NHBS_mock_2014.csv" type="constant" value="data/IDU2_HCV_model_012913_cleaned.csv" value2012="data/IDU3_2012-2014-04-17.csv" />
</sweep>