<sweep jobNum="196" runs="1">
		
		<parameter constant_type="double" name="ab_prob_acute" type="constant" value="0.0281484215356" />
		<parameter constant_type="double" name="ab_prob_chronic" type="constant" value="0.733474821625" />
		<parameter constant_type="double" name="attrition_rate" type="constant" value="0.0110404567752" />
		<parameter constant_type="double" name="burn_in_days" type="constant" value="365.0" value_nob="0" />
		<parameter constant_type="number" name="dump_network_distances" type="constant" value="-1" />
		<parameter constant_type="double" name="homophily_strength" type="constant" value="0.608567768623" />
		<parameter constant_type="number" name="initial_pwid_count" type="constant" value="31008" />
		<parameter constant_type="double" name="interaction_home_cutoff" type="constant" value="1.38423067723" />
		<parameter constant_type="double" name="interaction_rate_constant" type="constant" value="0.0156747034394" />
		<parameter constant_type="double" name="interaction_rate_at_drug_sites" type="constant" value="0.000137639778051" />
		<parameter constant_type="double" name="interaction_rate_exzone" type="constant" value="0.0871720310967" />
		<parameter constant_type="double" name="mean_career_duration" type="constant" value="14.3322345357" />
        <parameter constant_type="double" name="mean_days_acute_naive" type="constant" value="91.0342924261" />
		<parameter constant_type="double" name="mean_days_acute_rechallenged" type="constant" value="35.9014406446" />
		<parameter constant_type="double" name="mean_days_naive_to_infectious" type="constant" value="2.18515784644" />
		<parameter constant_type="double" name="mean_enrichment_ChicagoNonNEP" type="constant" value="0.320574181211" />
		<parameter constant_type="double" name="mean_enrichment_suburbs" type="constant" value="1.58859091745" />
		<parameter constant_type="double" name="mean_tie_lifetime" type="constant" value="893.624161568" />
		<parameter constant_type="double" name="net_inflow" type="constant" value="0.0" />
		<parameter constant_type="double" name="nonNEP_age_boost" type="constant" value="1.67970439963" />
		<parameter constant_type="double" name="nonNEP_age_started_boost" type="constant" value="0.785677686227" />
		<parameter constant_type="double" name="nonNEP_degree_boost" type="constant" value="0.184516590875" />
		<parameter constant_type="double" name="nonNEP_hcv_ab_boost" type="constant" value="0.0148948249058" />
		<parameter constant_type="double" name="nonNEP_injection_ratio" type="constant" value="0.81348661474" />
		<parameter constant_type="double" name="nonNEP_sharing_boost" type="constant" value="0.372610215204" />
		<parameter constant_type="string" name="output_directory" type="constant" value="output" />
		<parameter constant_type="double" name="prob_cessation" type="constant" value="0.193036478132" />
		<parameter constant_type="double" name="prob_infected_when_arrive" type="constant" value="0.0600293457571" />
		<parameter constant_type="double" name="prob_self_limiting_female" type="constant" value="0.362523250581" />
		<parameter constant_type="double" name="prob_self_limiting_male" type="constant" value="0.101974470663" />
		<parameter constant_type="double" name="prob_clearing" type="constant" value="0.902841230383" />
		<parameter constant_type="double" name="pwid_maturity_threshold" type="constant" value="4.35587378908" />
        <parameter comment="365*5 + 365 burnin" constant_type="number" name="run_length" shortvalue="4015" type="constant" value="4040" />
        <parameter constant_type="double" name="status_report_frequency" type="constant" value="365.0" />
        <parameter constant_type="double" name="transmissibility" type="constant" value="0.0474961555862" />
        <parameter constant_type="string" name="NEP_data" simulated_value="datagen/NEP_mock_2014.csv" type="constant" value="data/NEP_Risk_Base_Merge.csv" />
        <parameter constant_type="string" name="NHBS_data" simulated_value="datagen/NHBS_mock_2014.csv" type="constant" value="data/IDU2_HCV_model_012913_cleaned.csv" value2012="data/IDU3_2012-2014-04-17.csv" />
</sweep>