<sweep jobNum="57" runs="1">
		
		<parameter constant_type="double" name="ab_prob_acute" type="constant" value="0.0151054665796" />
		<parameter constant_type="double" name="ab_prob_chronic" type="constant" value="0.541765543472" />
		<parameter constant_type="double" name="attrition_rate" type="constant" value="0.0278490636694" />
		<parameter constant_type="double" name="burn_in_days" type="constant" value="365.0" value_nob="0" />
		<parameter constant_type="number" name="dump_network_distances" type="constant" value="-1" />
		<parameter constant_type="double" name="homophily_strength" type="constant" value="0.737663682354" />
		<parameter constant_type="number" name="initial_pwid_count" type="constant" value="30754" />
		<parameter constant_type="double" name="interaction_home_cutoff" type="constant" value="1.4250932383" />
		<parameter constant_type="double" name="interaction_rate_constant" type="constant" value="0.0212309503134" />
		<parameter constant_type="double" name="interaction_rate_at_drug_sites" type="constant" value="0.000114608202019" />
		<parameter constant_type="double" name="interaction_rate_exzone" type="constant" value="0.0867708246084" />
		<parameter constant_type="double" name="mean_career_duration" type="constant" value="27.1934973569" />
        <parameter constant_type="double" name="mean_days_acute_naive" type="constant" value="112.341062656" />
		<parameter constant_type="double" name="mean_days_acute_rechallenged" type="constant" value="12.175628648" />
		<parameter constant_type="double" name="mean_days_naive_to_infectious" type="constant" value="2.46501746805" />
		<parameter constant_type="double" name="mean_enrichment_ChicagoNonNEP" type="constant" value="0.386361899558" />
		<parameter constant_type="double" name="mean_enrichment_suburbs" type="constant" value="1.7775414208" />
		<parameter constant_type="double" name="mean_tie_lifetime" type="constant" value="341.747708645" />
		<parameter constant_type="double" name="net_inflow" type="constant" value="0.0" />
		<parameter constant_type="double" name="nonNEP_age_boost" type="constant" value="3.82228945257" />
		<parameter constant_type="double" name="nonNEP_age_started_boost" type="constant" value="2.15122365975" />
		<parameter constant_type="double" name="nonNEP_degree_boost" type="constant" value="0.211378370974" />
		<parameter constant_type="double" name="nonNEP_hcv_ab_boost" type="constant" value="0.00461323545338" />
		<parameter constant_type="double" name="nonNEP_injection_ratio" type="constant" value="0.886142029418" />
		<parameter constant_type="double" name="nonNEP_sharing_boost" type="constant" value="0.386819050221" />
		<parameter constant_type="string" name="output_directory" type="constant" value="output" />
		<parameter constant_type="double" name="prob_cessation" type="constant" value="0.276405070011" />
		<parameter constant_type="double" name="prob_infected_when_arrive" type="constant" value="0.0344435063145" />
		<parameter constant_type="double" name="prob_self_limiting_female" type="constant" value="0.368987987874" />
		<parameter constant_type="double" name="prob_self_limiting_male" type="constant" value="0.110004314692" />
		<parameter constant_type="double" name="prob_clearing" type="constant" value="0.946760850243" />
		<parameter constant_type="double" name="pwid_maturity_threshold" type="constant" value="3.4485757693" />
        <parameter comment="365*5 + 365 burnin" constant_type="number" name="run_length" shortvalue="4015" type="constant" value="4040" />
        <parameter constant_type="double" name="status_report_frequency" type="constant" value="365.0" />
        <parameter constant_type="double" name="transmissibility" type="constant" value="0.0119217955914" />
        <parameter constant_type="string" name="NEP_data" simulated_value="datagen/NEP_mock_2014.csv" type="constant" value="data/NEP_Risk_Base_Merge.csv" />
        <parameter constant_type="string" name="NHBS_data" simulated_value="datagen/NHBS_mock_2014.csv" type="constant" value="data/IDU2_HCV_model_012913_cleaned.csv" value2012="data/IDU3_2012-2014-04-17.csv" />
</sweep>