<sweep jobNum="29" runs="1">
		
		<parameter constant_type="double" name="ab_prob_acute" type="constant" value="0.0116107051089" />
		<parameter constant_type="double" name="ab_prob_chronic" type="constant" value="0.585766850103" />
		<parameter constant_type="double" name="attrition_rate" type="constant" value="0.0243284038704" />
		<parameter constant_type="double" name="burn_in_days" type="constant" value="365.0" value_nob="0" />
		<parameter constant_type="number" name="dump_network_distances" type="constant" value="-1" />
		<parameter constant_type="double" name="homophily_strength" type="constant" value="0.732206310546" />
		<parameter constant_type="number" name="initial_pwid_count" type="constant" value="30554" />
		<parameter constant_type="double" name="interaction_home_cutoff" type="constant" value="1.59256319814" />
		<parameter constant_type="double" name="interaction_rate_constant" type="constant" value="0.0192494556153" />
		<parameter constant_type="double" name="interaction_rate_at_drug_sites" type="constant" value="0.000100998294779" />
		<parameter constant_type="double" name="interaction_rate_exzone" type="constant" value="0.0925062210012" />
		<parameter constant_type="double" name="mean_career_duration" type="constant" value="15.0103705394" />
        <parameter constant_type="double" name="mean_days_acute_naive" type="constant" value="96.0255478025" />
		<parameter constant_type="double" name="mean_days_acute_rechallenged" type="constant" value="38.8315187175" />
		<parameter constant_type="double" name="mean_days_naive_to_infectious" type="constant" value="2.57389784796" />
		<parameter constant_type="double" name="mean_enrichment_ChicagoNonNEP" type="constant" value="0.456887201823" />
		<parameter constant_type="double" name="mean_enrichment_suburbs" type="constant" value="1.79006790927" />
		<parameter constant_type="double" name="mean_tie_lifetime" type="constant" value="678.568644456" />
		<parameter constant_type="double" name="net_inflow" type="constant" value="0.0" />
		<parameter constant_type="double" name="nonNEP_age_boost" type="constant" value="2.63272254558" />
		<parameter constant_type="double" name="nonNEP_age_started_boost" type="constant" value="2.35062210012" />
		<parameter constant_type="double" name="nonNEP_degree_boost" type="constant" value="0.192336675516" />
		<parameter constant_type="double" name="nonNEP_hcv_ab_boost" type="constant" value="0.00149044729529" />
		<parameter constant_type="double" name="nonNEP_injection_ratio" type="constant" value="0.838637226718" />
		<parameter constant_type="double" name="nonNEP_sharing_boost" type="constant" value="0.396478513138" />
		<parameter constant_type="string" name="output_directory" type="constant" value="output" />
		<parameter constant_type="double" name="prob_cessation" type="constant" value="0.203307116703" />
		<parameter constant_type="double" name="prob_infected_when_arrive" type="constant" value="0.0845405481137" />
		<parameter constant_type="double" name="prob_self_limiting_female" type="constant" value="0.357782528513" />
		<parameter constant_type="double" name="prob_self_limiting_male" type="constant" value="0.104188214442" />
		<parameter constant_type="double" name="prob_clearing" type="constant" value="0.882206310546" />
		<parameter constant_type="double" name="pwid_maturity_threshold" type="constant" value="6.91707737581" />
        <parameter comment="365*5 + 365 burnin" constant_type="number" name="run_length" shortvalue="4015" type="constant" value="4040" />
        <parameter constant_type="double" name="status_report_frequency" type="constant" value="365.0" />
        <parameter constant_type="double" name="transmissibility" type="constant" value="0.0159176168913" />
        <parameter constant_type="string" name="NEP_data" simulated_value="datagen/NEP_mock_2014.csv" type="constant" value="data/NEP_Risk_Base_Merge.csv" />
        <parameter constant_type="string" name="NHBS_data" simulated_value="datagen/NHBS_mock_2014.csv" type="constant" value="data/IDU2_HCV_model_012913_cleaned.csv" value2012="data/IDU3_2012-2014-04-17.csv" />
</sweep>