<sweep jobNum="206" runs="1">
		
		<parameter constant_type="double" name="ab_prob_acute" type="constant" value="0.0190574192875" />
		<parameter constant_type="double" name="ab_prob_chronic" type="constant" value="0.56539302101" />
		<parameter constant_type="double" name="attrition_rate" type="constant" value="0.0271429541105" />
		<parameter constant_type="double" name="burn_in_days" type="constant" value="365.0" value_nob="0" />
		<parameter constant_type="number" name="dump_network_distances" type="constant" value="-1" />
		<parameter constant_type="double" name="homophily_strength" type="constant" value="0.784706729122" />
		<parameter constant_type="number" name="initial_pwid_count" type="constant" value="30627" />
		<parameter constant_type="double" name="interaction_home_cutoff" type="constant" value="1.70187785588" />
		<parameter constant_type="double" name="interaction_rate_constant" type="constant" value="0.0157774866634" />
		<parameter constant_type="double" name="interaction_rate_at_drug_sites" type="constant" value="6.92115338615e-05" />
		<parameter constant_type="double" name="interaction_rate_exzone" type="constant" value="0.08253809874" />
		<parameter constant_type="double" name="mean_career_duration" type="constant" value="21.997359298" />
        <parameter constant_type="double" name="mean_days_acute_naive" type="constant" value="125.294753925" />
		<parameter constant_type="double" name="mean_days_acute_rechallenged" type="constant" value="25.4260389425" />
		<parameter constant_type="double" name="mean_days_naive_to_infectious" type="constant" value="3.60203730816" />
		<parameter constant_type="double" name="mean_enrichment_ChicagoNonNEP" type="constant" value="0.537292025695" />
		<parameter constant_type="double" name="mean_enrichment_suburbs" type="constant" value="2.37639778051" />
		<parameter constant_type="double" name="mean_tie_lifetime" type="constant" value="568.76142072" />
		<parameter constant_type="double" name="net_inflow" type="constant" value="0.0" />
		<parameter constant_type="double" name="nonNEP_age_boost" type="constant" value="2.16774886312" />
		<parameter constant_type="double" name="nonNEP_age_started_boost" type="constant" value="2.55526157991" />
		<parameter constant_type="double" name="nonNEP_degree_boost" type="constant" value="0.19550828416" />
		<parameter constant_type="double" name="nonNEP_hcv_ab_boost" type="constant" value="0.019138351115" />
		<parameter constant_type="double" name="nonNEP_injection_ratio" type="constant" value="0.808457656574" />
		<parameter constant_type="double" name="nonNEP_sharing_boost" type="constant" value="0.422302103043" />
		<parameter constant_type="string" name="output_directory" type="constant" value="output" />
		<parameter constant_type="double" name="prob_cessation" type="constant" value="0.273901057899" />
		<parameter constant_type="double" name="prob_infected_when_arrive" type="constant" value="0.0130791587829" />
		<parameter constant_type="double" name="prob_self_limiting_female" type="constant" value="0.346007345224" />
		<parameter constant_type="double" name="prob_self_limiting_male" type="constant" value="0.123534749436" />
		<parameter constant_type="double" name="prob_clearing" type="constant" value="0.948599125786" />
		<parameter constant_type="double" name="pwid_maturity_threshold" type="constant" value="6.9535172417" />
        <parameter comment="365*5 + 365 burnin" constant_type="number" name="run_length" shortvalue="4015" type="constant" value="4040" />
        <parameter constant_type="double" name="status_report_frequency" type="constant" value="365.0" />
        <parameter constant_type="double" name="transmissibility" type="constant" value="0.00808997208582" />
        <parameter constant_type="string" name="NEP_data" simulated_value="datagen/NEP_mock_2014.csv" type="constant" value="data/NEP_Risk_Base_Merge.csv" />
        <parameter constant_type="string" name="NHBS_data" simulated_value="datagen/NHBS_mock_2014.csv" type="constant" value="data/IDU2_HCV_model_012913_cleaned.csv" value2012="data/IDU3_2012-2014-04-17.csv" />
</sweep>