<sweep jobNum="73" runs="1">
		
		<parameter constant_type="double" name="ab_prob_acute" type="constant" value="0.0114473842009" />
		<parameter constant_type="double" name="ab_prob_chronic" type="constant" value="0.699845228206" />
		<parameter constant_type="double" name="attrition_rate" type="constant" value="0.0209874091053" />
		<parameter constant_type="double" name="burn_in_days" type="constant" value="365.0" value_nob="0" />
		<parameter constant_type="number" name="dump_network_distances" type="constant" value="-1" />
		<parameter constant_type="double" name="homophily_strength" type="constant" value="0.743862830295" />
		<parameter constant_type="number" name="initial_pwid_count" type="constant" value="32245" />
		<parameter constant_type="double" name="interaction_home_cutoff" type="constant" value="2.46389101227" />
		<parameter constant_type="double" name="interaction_rate_constant" type="constant" value="0.0107188175985" />
		<parameter constant_type="double" name="interaction_rate_at_drug_sites" type="constant" value="0.000121931415148" />
		<parameter constant_type="double" name="interaction_rate_exzone" type="constant" value="0.0810410644851" />
		<parameter constant_type="double" name="mean_career_duration" type="constant" value="21.8419212398" />
        <parameter constant_type="double" name="mean_days_acute_naive" type="constant" value="88.7896924044" />
		<parameter constant_type="double" name="mean_days_acute_rechallenged" type="constant" value="13.837909646" />
		<parameter constant_type="double" name="mean_days_naive_to_infectious" type="constant" value="3.4449171584" />
		<parameter constant_type="double" name="mean_enrichment_ChicagoNonNEP" type="constant" value="0.509700878937" />
		<parameter constant_type="double" name="mean_enrichment_suburbs" type="constant" value="1.81473980148" />
		<parameter constant_type="double" name="mean_tie_lifetime" type="constant" value="762.946895705" />
		<parameter constant_type="double" name="net_inflow" type="constant" value="0.0" />
		<parameter constant_type="double" name="nonNEP_age_boost" type="constant" value="1.57567942994" />
		<parameter constant_type="double" name="nonNEP_age_started_boost" type="constant" value="2.09507203223" />
		<parameter constant_type="double" name="nonNEP_degree_boost" type="constant" value="0.29023543949" />
		<parameter constant_type="double" name="nonNEP_hcv_ab_boost" type="constant" value="0.0147115144311" />
		<parameter constant_type="double" name="nonNEP_injection_ratio" type="constant" value="0.826487370778" />
		<parameter constant_type="double" name="nonNEP_sharing_boost" type="constant" value="0.406038997922" />
		<parameter constant_type="string" name="output_directory" type="constant" value="output" />
		<parameter constant_type="double" name="prob_cessation" type="constant" value="0.220782588751" />
		<parameter constant_type="double" name="prob_infected_when_arrive" type="constant" value="0.0280722812649" />
		<parameter constant_type="double" name="prob_self_limiting_female" type="constant" value="0.326455162021" />
		<parameter constant_type="double" name="prob_self_limiting_male" type="constant" value="0.105142870902" />
		<parameter constant_type="double" name="prob_clearing" type="constant" value="0.817192323922" />
		<parameter constant_type="double" name="pwid_maturity_threshold" type="constant" value="3.46394298293" />
        <parameter comment="365*5 + 365 burnin" constant_type="number" name="run_length" shortvalue="4015" type="constant" value="4040" />
        <parameter constant_type="double" name="status_report_frequency" type="constant" value="365.0" />
        <parameter constant_type="double" name="transmissibility" type="constant" value="0.0292303228046" />
        <parameter constant_type="string" name="NEP_data" simulated_value="datagen/NEP_mock_2014.csv" type="constant" value="data/NEP_Risk_Base_Merge.csv" />
        <parameter constant_type="string" name="NHBS_data" simulated_value="datagen/NHBS_mock_2014.csv" type="constant" value="data/IDU2_HCV_model_012913_cleaned.csv" value2012="data/IDU3_2012-2014-04-17.csv" />
</sweep>