<sweep jobNum="152" runs="1">
		
		<parameter constant_type="double" name="ab_prob_acute" type="constant" value="0.0140478619987" />
		<parameter constant_type="double" name="ab_prob_chronic" type="constant" value="0.668278842138" />
		<parameter constant_type="double" name="attrition_rate" type="constant" value="0.0339455207571" />
		<parameter constant_type="double" name="burn_in_days" type="constant" value="365.0" value_nob="0" />
		<parameter constant_type="number" name="dump_network_distances" type="constant" value="-1" />
		<parameter constant_type="double" name="homophily_strength" type="constant" value="0.62087814324" />
		<parameter constant_type="number" name="initial_pwid_count" type="constant" value="31072" />
		<parameter constant_type="double" name="interaction_home_cutoff" type="constant" value="1.3064793653" />
		<parameter constant_type="double" name="interaction_rate_constant" type="constant" value="0.0139953861745" />
		<parameter constant_type="double" name="interaction_rate_at_drug_sites" type="constant" value="6.31132337266e-05" />
		<parameter constant_type="double" name="interaction_rate_exzone" type="constant" value="0.0879226749308" />
		<parameter constant_type="double" name="mean_career_duration" type="constant" value="24.0575622072" />
        <parameter constant_type="double" name="mean_days_acute_naive" type="constant" value="78.2613238324" />
		<parameter constant_type="double" name="mean_days_acute_rechallenged" type="constant" value="28.2852177979" />
		<parameter constant_type="double" name="mean_days_naive_to_infectious" type="constant" value="2.03239149757" />
		<parameter constant_type="double" name="mean_enrichment_ChicagoNonNEP" type="constant" value="0.374076310312" />
		<parameter constant_type="double" name="mean_enrichment_suburbs" type="constant" value="1.85093892794" />
		<parameter constant_type="double" name="mean_tie_lifetime" type="constant" value="498.730839642" />
		<parameter constant_type="double" name="net_inflow" type="constant" value="0.0" />
		<parameter constant_type="double" name="nonNEP_age_boost" type="constant" value="4.46513793127" />
		<parameter constant_type="double" name="nonNEP_age_started_boost" type="constant" value="2.57182505223" />
		<parameter constant_type="double" name="nonNEP_degree_boost" type="constant" value="0.307908278823" />
		<parameter constant_type="double" name="nonNEP_hcv_ab_boost" type="constant" value="0.0111039695456" />
		<parameter constant_type="double" name="nonNEP_injection_ratio" type="constant" value="0.812737784281" />
		<parameter constant_type="double" name="nonNEP_sharing_boost" type="constant" value="0.355073364393" />
		<parameter constant_type="string" name="output_directory" type="constant" value="output" />
		<parameter constant_type="double" name="prob_cessation" type="constant" value="0.18617175163" />
		<parameter constant_type="double" name="prob_infected_when_arrive" type="constant" value="0.0299058242042" />
		<parameter constant_type="double" name="prob_self_limiting_female" type="constant" value="0.338005682871" />
		<parameter constant_type="double" name="prob_self_limiting_male" type="constant" value="0.105298469153" />
		<parameter constant_type="double" name="prob_clearing" type="constant" value="0.901533960744" />
		<parameter constant_type="double" name="pwid_maturity_threshold" type="constant" value="6.27317678746" />
        <parameter comment="365*5 + 365 burnin" constant_type="number" name="run_length" shortvalue="4015" type="constant" value="4040" />
        <parameter constant_type="double" name="status_report_frequency" type="constant" value="365.0" />
        <parameter constant_type="double" name="transmissibility" type="constant" value="0.0276386065111" />
        <parameter constant_type="string" name="NEP_data" simulated_value="datagen/NEP_mock_2014.csv" type="constant" value="data/NEP_Risk_Base_Merge.csv" />
        <parameter constant_type="string" name="NHBS_data" simulated_value="datagen/NHBS_mock_2014.csv" type="constant" value="data/IDU2_HCV_model_012913_cleaned.csv" value2012="data/IDU3_2012-2014-04-17.csv" />
</sweep>