<sweep jobNum="60" runs="1">
		
		<parameter constant_type="double" name="ab_prob_acute" type="constant" value="0.0164167125401" />
		<parameter constant_type="double" name="ab_prob_chronic" type="constant" value="0.714462615752" />
		<parameter constant_type="double" name="attrition_rate" type="constant" value="0.0576850925546" />
		<parameter constant_type="double" name="burn_in_days" type="constant" value="365.0" value_nob="0" />
		<parameter constant_type="number" name="dump_network_distances" type="constant" value="-1" />
		<parameter constant_type="double" name="homophily_strength" type="constant" value="0.678443600911" />
		<parameter constant_type="number" name="initial_pwid_count" type="constant" value="33217" />
		<parameter constant_type="double" name="interaction_home_cutoff" type="constant" value="1.93435501348" />
		<parameter constant_type="double" name="interaction_rate_constant" type="constant" value="0.0199037326007" />
		<parameter constant_type="double" name="interaction_rate_at_drug_sites" type="constant" value="0.000116705115212" />
		<parameter constant_type="double" name="interaction_rate_exzone" type="constant" value="0.081550828416" />
		<parameter constant_type="double" name="mean_career_duration" type="constant" value="25.1595389802" />
        <parameter constant_type="double" name="mean_days_acute_naive" type="constant" value="126.882717923" />
		<parameter constant_type="double" name="mean_days_acute_rechallenged" type="constant" value="13.5431882326" />
		<parameter constant_type="double" name="mean_days_naive_to_infectious" type="constant" value="2.27715941163" />
		<parameter constant_type="double" name="mean_enrichment_ChicagoNonNEP" type="constant" value="0.686358031397" />
		<parameter constant_type="double" name="mean_enrichment_suburbs" type="constant" value="1.52968423597" />
		<parameter constant_type="double" name="mean_tie_lifetime" type="constant" value="357.482617571" />
		<parameter constant_type="double" name="net_inflow" type="constant" value="0.0" />
		<parameter constant_type="double" name="nonNEP_age_boost" type="constant" value="3.9133334448" />
		<parameter constant_type="double" name="nonNEP_age_started_boost" type="constant" value="1.65720572211" />
		<parameter constant_type="double" name="nonNEP_degree_boost" type="constant" value="0.333179015699" />
		<parameter constant_type="double" name="nonNEP_hcv_ab_boost" type="constant" value="0.0108197589846" />
		<parameter constant_type="double" name="nonNEP_injection_ratio" type="constant" value="0.858164570529" />
		<parameter constant_type="double" name="nonNEP_sharing_boost" type="constant" value="0.311934095443" />
		<parameter constant_type="string" name="output_directory" type="constant" value="output" />
		<parameter constant_type="double" name="prob_cessation" type="constant" value="0.152010083479" />
		<parameter constant_type="double" name="prob_infected_when_arrive" type="constant" value="0.0780317577832" />
		<parameter constant_type="double" name="prob_self_limiting_female" type="constant" value="0.363730297044" />
		<parameter constant_type="double" name="prob_self_limiting_male" type="constant" value="0.131778563861" />
		<parameter constant_type="double" name="prob_clearing" type="constant" value="0.78423128752" />
		<parameter constant_type="double" name="pwid_maturity_threshold" type="constant" value="4.82293994402" />
        <parameter comment="365*5 + 365 burnin" constant_type="number" name="run_length" shortvalue="4015" type="constant" value="4040" />
        <parameter constant_type="double" name="status_report_frequency" type="constant" value="365.0" />
        <parameter constant_type="double" name="transmissibility" type="constant" value="0.0190912225712" />
        <parameter constant_type="string" name="NEP_data" simulated_value="datagen/NEP_mock_2014.csv" type="constant" value="data/NEP_Risk_Base_Merge.csv" />
        <parameter constant_type="string" name="NHBS_data" simulated_value="datagen/NHBS_mock_2014.csv" type="constant" value="data/IDU2_HCV_model_012913_cleaned.csv" value2012="data/IDU3_2012-2014-04-17.csv" />
</sweep>