<sweep jobNum="186" runs="1">
		
		<parameter constant_type="double" name="ab_prob_acute" type="constant" value="0.0216907489284" />
		<parameter constant_type="double" name="ab_prob_chronic" type="constant" value="0.547273993347" />
		<parameter constant_type="double" name="attrition_rate" type="constant" value="0.0544767521741" />
		<parameter constant_type="double" name="burn_in_days" type="constant" value="365.0" value_nob="0" />
		<parameter constant_type="number" name="dump_network_distances" type="constant" value="-1" />
		<parameter constant_type="double" name="homophily_strength" type="constant" value="0.798599125786" />
		<parameter constant_type="number" name="initial_pwid_count" type="constant" value="32765" />
		<parameter constant_type="double" name="interaction_home_cutoff" type="constant" value="2.24485163628" />
		<parameter constant_type="double" name="interaction_rate_constant" type="constant" value="0.0140676213672" />
		<parameter constant_type="double" name="interaction_rate_at_drug_sites" type="constant" value="9.61458769582e-05" />
		<parameter constant_type="double" name="interaction_rate_exzone" type="constant" value="0.0849427636737" />
		<parameter constant_type="double" name="mean_career_duration" type="constant" value="20.797180004" />
        <parameter constant_type="double" name="mean_days_acute_naive" type="constant" value="101.215548934" />
		<parameter constant_type="double" name="mean_days_acute_rechallenged" type="constant" value="11.2214102178" />
		<parameter constant_type="double" name="mean_days_naive_to_infectious" type="constant" value="2.59875325122" />
		<parameter constant_type="double" name="mean_enrichment_ChicagoNonNEP" type="constant" value="0.36129587306" />
		<parameter constant_type="double" name="mean_enrichment_suburbs" type="constant" value="1.61598574573" />
		<parameter constant_type="double" name="mean_tie_lifetime" type="constant" value="431.433964482" />
		<parameter constant_type="double" name="net_inflow" type="constant" value="0.0" />
		<parameter constant_type="double" name="nonNEP_age_boost" type="constant" value="1.77773676965" />
		<parameter constant_type="double" name="nonNEP_age_started_boost" type="constant" value="1.44337566065" />
		<parameter constant_type="double" name="nonNEP_degree_boost" type="constant" value="0.16009565101" />
		<parameter constant_type="double" name="nonNEP_hcv_ab_boost" type="constant" value="0.0145900004656" />
		<parameter constant_type="double" name="nonNEP_injection_ratio" type="constant" value="0.824882280255" />
		<parameter constant_type="double" name="nonNEP_sharing_boost" type="constant" value="0.426760850243" />
		<parameter constant_type="string" name="output_directory" type="constant" value="output" />
		<parameter constant_type="double" name="prob_cessation" type="constant" value="0.229931288046" />
		<parameter constant_type="double" name="prob_infected_when_arrive" type="constant" value="0.0640901179223" />
		<parameter constant_type="double" name="prob_self_limiting_female" type="constant" value="0.358956170165" />
		<parameter constant_type="double" name="prob_self_limiting_male" type="constant" value="0.132443593894" />
		<parameter constant_type="double" name="prob_clearing" type="constant" value="0.812947960296" />
		<parameter constant_type="double" name="pwid_maturity_threshold" type="constant" value="6.17683578734" />
        <parameter comment="365*5 + 365 burnin" constant_type="number" name="run_length" shortvalue="4015" type="constant" value="4040" />
        <parameter constant_type="double" name="status_report_frequency" type="constant" value="365.0" />
        <parameter constant_type="double" name="transmissibility" type="constant" value="0.0210351187066" />
        <parameter constant_type="string" name="NEP_data" simulated_value="datagen/NEP_mock_2014.csv" type="constant" value="data/NEP_Risk_Base_Merge.csv" />
        <parameter constant_type="string" name="NHBS_data" simulated_value="datagen/NHBS_mock_2014.csv" type="constant" value="data/IDU2_HCV_model_012913_cleaned.csv" value2012="data/IDU3_2012-2014-04-17.csv" />
</sweep>