<sweep jobNum="12" runs="1">
		
		<parameter constant_type="double" name="ab_prob_acute" type="constant" value="0.0273773532547" />
		<parameter constant_type="double" name="ab_prob_chronic" type="constant" value="0.726012149878" />
		<parameter constant_type="double" name="attrition_rate" type="constant" value="0.0269666376252" />
		<parameter constant_type="double" name="burn_in_days" type="constant" value="365.0" value_nob="0" />
		<parameter constant_type="number" name="dump_network_distances" type="constant" value="-1" />
		<parameter constant_type="double" name="homophily_strength" type="constant" value="0.639796269184" />
		<parameter constant_type="number" name="initial_pwid_count" type="constant" value="30118" />
		<parameter constant_type="double" name="interaction_home_cutoff" type="constant" value="1.52336675516" />
		<parameter constant_type="double" name="interaction_rate_constant" type="constant" value="0.0109664230653" />
		<parameter constant_type="double" name="interaction_rate_at_drug_sites" type="constant" value="8.05543828931e-05" />
		<parameter constant_type="double" name="interaction_rate_exzone" type="constant" value="0.0827793689454" />
		<parameter constant_type="double" name="mean_career_duration" type="constant" value="20.2063534749" />
        <parameter constant_type="double" name="mean_days_acute_naive" type="constant" value="109.30410101" />
		<parameter constant_type="double" name="mean_days_acute_rechallenged" type="constant" value="40.4535791376" />
		<parameter constant_type="double" name="mean_days_naive_to_infectious" type="constant" value="2.74337566065" />
		<parameter constant_type="double" name="mean_enrichment_ChicagoNonNEP" type="constant" value="0.595326648968" />
		<parameter constant_type="double" name="mean_enrichment_suburbs" type="constant" value="1.67820529859" />
		<parameter constant_type="double" name="mean_tie_lifetime" type="constant" value="857.620525831" />
		<parameter constant_type="double" name="net_inflow" type="constant" value="0.0" />
		<parameter constant_type="double" name="nonNEP_age_boost" type="constant" value="4.43780803186" />
		<parameter constant_type="double" name="nonNEP_age_started_boost" type="constant" value="2.6585386879" />
		<parameter constant_type="double" name="nonNEP_degree_boost" type="constant" value="0.245421609344" />
		<parameter constant_type="double" name="nonNEP_hcv_ab_boost" type="constant" value="0.0190594497624" />
		<parameter constant_type="double" name="nonNEP_injection_ratio" type="constant" value="0.824233019628" />
		<parameter constant_type="double" name="nonNEP_sharing_boost" type="constant" value="0.243648629716" />
		<parameter constant_type="string" name="output_directory" type="constant" value="output" />
		<parameter constant_type="double" name="prob_cessation" type="constant" value="0.202116451812" />
		<parameter constant_type="double" name="prob_infected_when_arrive" type="constant" value="0.0413774403646" />
		<parameter constant_type="double" name="prob_self_limiting_female" type="constant" value="0.354875148603" />
		<parameter constant_type="double" name="prob_self_limiting_male" type="constant" value="0.115834307765" />
		<parameter constant_type="double" name="prob_clearing" type="constant" value="0.885225294806" />
		<parameter constant_type="double" name="pwid_maturity_threshold" type="constant" value="5.39616269862" />
        <parameter comment="365*5 + 365 burnin" constant_type="number" name="run_length" shortvalue="4015" type="constant" value="4040" />
        <parameter constant_type="double" name="status_report_frequency" type="constant" value="365.0" />
        <parameter constant_type="double" name="transmissibility" type="constant" value="0.00943689599126" />
        <parameter constant_type="string" name="NEP_data" simulated_value="datagen/NEP_mock_2014.csv" type="constant" value="data/NEP_Risk_Base_Merge.csv" />
        <parameter constant_type="string" name="NHBS_data" simulated_value="datagen/NHBS_mock_2014.csv" type="constant" value="data/IDU2_HCV_model_012913_cleaned.csv" value2012="data/IDU3_2012-2014-04-17.csv" />
</sweep>