<sweep jobNum="36" runs="1">
		
		<parameter constant_type="double" name="ab_prob_acute" type="constant" value="0.0126226467453" />
		<parameter constant_type="double" name="ab_prob_chronic" type="constant" value="0.531166303936" />
		<parameter constant_type="double" name="attrition_rate" type="constant" value="0.021163669516" />
		<parameter constant_type="double" name="burn_in_days" type="constant" value="365.0" value_nob="0" />
		<parameter constant_type="number" name="dump_network_distances" type="constant" value="-1" />
		<parameter constant_type="double" name="homophily_strength" type="constant" value="0.745122365975" />
		<parameter constant_type="number" name="initial_pwid_count" type="constant" value="32692" />
		<parameter constant_type="double" name="interaction_home_cutoff" type="constant" value="1.87705144945" />
		<parameter constant_type="double" name="interaction_rate_constant" type="constant" value="0.0208890529214" />
		<parameter constant_type="double" name="interaction_rate_at_drug_sites" type="constant" value="0.000104426501399" />
		<parameter constant_type="double" name="interaction_rate_exzone" type="constant" value="0.0951432231377" />
		<parameter constant_type="double" name="mean_career_duration" type="constant" value="23.9871428246" />
        <parameter constant_type="double" name="mean_days_acute_naive" type="constant" value="93.0417813502" />
		<parameter constant_type="double" name="mean_days_acute_rechallenged" type="constant" value="47.7198251573" />
		<parameter constant_type="double" name="mean_days_naive_to_infectious" type="constant" value="3.8069176459" />
		<parameter constant_type="double" name="mean_enrichment_ChicagoNonNEP" type="constant" value="0.498288730336" />
		<parameter constant_type="double" name="mean_enrichment_suburbs" type="constant" value="2.26093240375" />
		<parameter constant_type="double" name="mean_tie_lifetime" type="constant" value="379.783263833" />
		<parameter constant_type="double" name="net_inflow" type="constant" value="0.0" />
		<parameter constant_type="double" name="nonNEP_age_boost" type="constant" value="2.71159876037" />
		<parameter constant_type="double" name="nonNEP_age_started_boost" type="constant" value="2.63179015699" />
		<parameter constant_type="double" name="nonNEP_degree_boost" type="constant" value="0.334063152807" />
		<parameter constant_type="double" name="nonNEP_hcv_ab_boost" type="constant" value="0.0176438709107" />
		<parameter constant_type="double" name="nonNEP_injection_ratio" type="constant" value="0.894431561728" />
		<parameter constant_type="double" name="nonNEP_sharing_boost" type="constant" value="0.368891234214" />
		<parameter constant_type="string" name="output_directory" type="constant" value="output" />
		<parameter constant_type="double" name="prob_cessation" type="constant" value="0.186804322879" />
		<parameter constant_type="double" name="prob_infected_when_arrive" type="constant" value="0.0170872733958" />
		<parameter constant_type="double" name="prob_self_limiting_female" type="constant" value="0.372855092064" />
		<parameter constant_type="double" name="prob_self_limiting_male" type="constant" value="0.110136652994" />
		<parameter constant_type="double" name="prob_clearing" type="constant" value="0.791158210633" />
		<parameter constant_type="double" name="pwid_maturity_threshold" type="constant" value="5.30348122715" />
        <parameter comment="365*5 + 365 burnin" constant_type="number" name="run_length" shortvalue="4015" type="constant" value="4040" />
        <parameter constant_type="double" name="status_report_frequency" type="constant" value="365.0" />
        <parameter constant_type="double" name="transmissibility" type="constant" value="0.0101610205869" />
        <parameter constant_type="string" name="NEP_data" simulated_value="datagen/NEP_mock_2014.csv" type="constant" value="data/NEP_Risk_Base_Merge.csv" />
        <parameter constant_type="string" name="NHBS_data" simulated_value="datagen/NHBS_mock_2014.csv" type="constant" value="data/IDU2_HCV_model_012913_cleaned.csv" value2012="data/IDU3_2012-2014-04-17.csv" />
</sweep>