<sweep jobNum="94" runs="1">
		
		<parameter constant_type="double" name="ab_prob_acute" type="constant" value="0.0190001079113" />
		<parameter constant_type="double" name="ab_prob_chronic" type="constant" value="0.582394753931" />
		<parameter constant_type="double" name="attrition_rate" type="constant" value="0.0784745961409" />
		<parameter constant_type="double" name="burn_in_days" type="constant" value="365.0" value_nob="0" />
		<parameter constant_type="number" name="dump_network_distances" type="constant" value="-1" />
		<parameter constant_type="double" name="homophily_strength" type="constant" value="0.629920605542" />
		<parameter constant_type="number" name="initial_pwid_count" type="constant" value="30322" />
		<parameter constant_type="double" name="interaction_home_cutoff" type="constant" value="2.54157593588" />
		<parameter constant_type="double" name="interaction_rate_constant" type="constant" value="0.0104618738174" />
		<parameter constant_type="double" name="interaction_rate_at_drug_sites" type="constant" value="0.000100142604259" />
		<parameter constant_type="double" name="interaction_rate_exzone" type="constant" value="0.0860855634832" />
		<parameter constant_type="double" name="mean_career_duration" type="constant" value="33.083148639" />
        <parameter constant_type="double" name="mean_days_acute_naive" type="constant" value="109.901526871" />
		<parameter constant_type="double" name="mean_days_acute_rechallenged" type="constant" value="35.2883560148" />
		<parameter constant_type="double" name="mean_days_naive_to_infectious" type="constant" value="3.11146153511" />
		<parameter constant_type="double" name="mean_enrichment_ChicagoNonNEP" type="constant" value="0.308292262419" />
		<parameter constant_type="double" name="mean_enrichment_suburbs" type="constant" value="2.35039697229" />
		<parameter constant_type="double" name="mean_tie_lifetime" type="constant" value="675.110636922" />
		<parameter constant_type="double" name="net_inflow" type="constant" value="0.0" />
		<parameter constant_type="double" name="nonNEP_age_boost" type="constant" value="3.64853512138" />
		<parameter constant_type="double" name="nonNEP_age_started_boost" type="constant" value="1.15842406412" />
		<parameter constant_type="double" name="nonNEP_degree_boost" type="constant" value="0.265662433935" />
		<parameter constant_type="double" name="nonNEP_hcv_ab_boost" type="constant" value="0.0170869916156" />
		<parameter constant_type="double" name="nonNEP_injection_ratio" type="constant" value="0.821925011219" />
		<parameter constant_type="double" name="nonNEP_sharing_boost" type="constant" value="0.346907489284" />
		<parameter constant_type="string" name="output_directory" type="constant" value="output" />
		<parameter constant_type="double" name="prob_cessation" type="constant" value="0.178426554879" />
		<parameter constant_type="double" name="prob_infected_when_arrive" type="constant" value="0.0700941757958" />
		<parameter constant_type="double" name="prob_self_limiting_female" type="constant" value="0.35661534391" />
		<parameter constant_type="double" name="prob_self_limiting_male" type="constant" value="0.131646999227" />
		<parameter constant_type="double" name="prob_clearing" type="constant" value="0.927571211535" />
		<parameter constant_type="double" name="pwid_maturity_threshold" type="constant" value="5.02852177979" />
        <parameter comment="365*5 + 365 burnin" constant_type="number" name="run_length" shortvalue="4015" type="constant" value="4040" />
        <parameter constant_type="double" name="status_report_frequency" type="constant" value="365.0" />
        <parameter constant_type="double" name="transmissibility" type="constant" value="0.0396675992192" />
        <parameter constant_type="string" name="NEP_data" simulated_value="datagen/NEP_mock_2014.csv" type="constant" value="data/NEP_Risk_Base_Merge.csv" />
        <parameter constant_type="string" name="NHBS_data" simulated_value="datagen/NHBS_mock_2014.csv" type="constant" value="data/IDU2_HCV_model_012913_cleaned.csv" value2012="data/IDU3_2012-2014-04-17.csv" />
</sweep>