<sweep jobNum="249" runs="1">
		
		<parameter constant_type="double" name="ab_prob_acute" type="constant" value="0.0173156728128" />
		<parameter constant_type="double" name="ab_prob_chronic" type="constant" value="0.682277088789" />
		<parameter constant_type="double" name="attrition_rate" type="constant" value="0.0463001999578" />
		<parameter constant_type="double" name="burn_in_days" type="constant" value="365.0" value_nob="0" />
		<parameter constant_type="number" name="dump_network_distances" type="constant" value="-1" />
		<parameter constant_type="double" name="homophily_strength" type="constant" value="0.610287090605" />
		<parameter constant_type="number" name="initial_pwid_count" type="constant" value="32864" />
		<parameter constant_type="double" name="interaction_home_cutoff" type="constant" value="2.93179015699" />
		<parameter constant_type="double" name="interaction_rate_constant" type="constant" value="0.0105658465751" />
		<parameter constant_type="double" name="interaction_rate_at_drug_sites" type="constant" value="0.000149299562893" />
		<parameter constant_type="double" name="interaction_rate_exzone" type="constant" value="0.0809116372365" />
		<parameter constant_type="double" name="mean_career_duration" type="constant" value="34.3727706872" />
        <parameter constant_type="double" name="mean_days_acute_naive" type="constant" value="110.201919019" />
		<parameter constant_type="double" name="mean_days_acute_rechallenged" type="constant" value="37.2778202454" />
		<parameter constant_type="double" name="mean_days_naive_to_infectious" type="constant" value="2.2009565101" />
		<parameter constant_type="double" name="mean_enrichment_ChicagoNonNEP" type="constant" value="0.592778202454" />
		<parameter constant_type="double" name="mean_enrichment_suburbs" type="constant" value="1.50700437107" />
		<parameter constant_type="double" name="mean_tie_lifetime" type="constant" value="384.554107628" />
		<parameter constant_type="double" name="net_inflow" type="constant" value="0.0" />
		<parameter constant_type="double" name="nonNEP_age_boost" type="constant" value="4.35853835622" />
		<parameter constant_type="double" name="nonNEP_age_started_boost" type="constant" value="2.36478513138" />
		<parameter constant_type="double" name="nonNEP_degree_boost" type="constant" value="0.232863744325" />
		<parameter constant_type="double" name="nonNEP_hcv_ab_boost" type="constant" value="0.0105354027287" />
		<parameter constant_type="double" name="nonNEP_injection_ratio" type="constant" value="0.847574780266" />
		<parameter constant_type="double" name="nonNEP_sharing_boost" type="constant" value="0.337708246084" />
		<parameter constant_type="string" name="output_directory" type="constant" value="output" />
		<parameter constant_type="double" name="prob_cessation" type="constant" value="0.318230543525" />
		<parameter constant_type="double" name="prob_infected_when_arrive" type="constant" value="0.0695781336817" />
		<parameter constant_type="double" name="prob_self_limiting_female" type="constant" value="0.375185858192" />
		<parameter constant_type="double" name="prob_self_limiting_male" type="constant" value="0.126090005796" />
		<parameter constant_type="double" name="prob_clearing" type="constant" value="0.759430776252" />
		<parameter constant_type="double" name="pwid_maturity_threshold" type="constant" value="4.80002158226" />
        <parameter comment="365*5 + 365 burnin" constant_type="number" name="run_length" shortvalue="4015" type="constant" value="4040" />
        <parameter constant_type="double" name="status_report_frequency" type="constant" value="365.0" />
        <parameter constant_type="double" name="transmissibility" type="constant" value="0.00819376328298" />
        <parameter constant_type="string" name="NEP_data" simulated_value="datagen/NEP_mock_2014.csv" type="constant" value="data/NEP_Risk_Base_Merge.csv" />
        <parameter constant_type="string" name="NHBS_data" simulated_value="datagen/NHBS_mock_2014.csv" type="constant" value="data/IDU2_HCV_model_012913_cleaned.csv" value2012="data/IDU3_2012-2014-04-17.csv" />
</sweep>