<sweep jobNum="250" runs="1">
		
		<parameter constant_type="double" name="ab_prob_acute" type="constant" value="0.0167192323922" />
		<parameter constant_type="double" name="ab_prob_chronic" type="constant" value="0.654258909221" />
		<parameter constant_type="double" name="attrition_rate" type="constant" value="0.0145544551905" />
		<parameter constant_type="double" name="burn_in_days" type="constant" value="365.0" value_nob="0" />
		<parameter constant_type="number" name="dump_network_distances" type="constant" value="-1" />
		<parameter constant_type="double" name="homophily_strength" type="constant" value="0.643850022438" />
		<parameter constant_type="number" name="initial_pwid_count" type="constant" value="32620" />
		<parameter constant_type="double" name="interaction_home_cutoff" type="constant" value="1.58013581854" />
		<parameter constant_type="double" name="interaction_rate_constant" type="constant" value="0.016462494765" />
		<parameter constant_type="double" name="interaction_rate_at_drug_sites" type="constant" value="6.19805010392e-05" />
		<parameter constant_type="double" name="interaction_rate_exzone" type="constant" value="0.0854578390656" />
		<parameter constant_type="double" name="mean_career_duration" type="constant" value="17.4639441802" />
        <parameter constant_type="double" name="mean_days_acute_naive" type="constant" value="111.263009926" />
		<parameter constant_type="double" name="mean_days_acute_rechallenged" type="constant" value="28.627560853" />
		<parameter constant_type="double" name="mean_days_naive_to_infectious" type="constant" value="3.42610215204" />
		<parameter constant_type="double" name="mean_enrichment_ChicagoNonNEP" type="constant" value="0.582728501247" />
		<parameter constant_type="double" name="mean_enrichment_suburbs" type="constant" value="1.55990146654" />
		<parameter constant_type="double" name="mean_tie_lifetime" type="constant" value="367.571430933" />
		<parameter constant_type="double" name="net_inflow" type="constant" value="0.0" />
		<parameter constant_type="double" name="nonNEP_age_boost" type="constant" value="2.737703946" />
		<parameter constant_type="double" name="nonNEP_age_started_boost" type="constant" value="1.57130194713" />
		<parameter constant_type="double" name="nonNEP_degree_boost" type="constant" value="0.255174061357" />
		<parameter constant_type="double" name="nonNEP_hcv_ab_boost" type="constant" value="0.0150177592299" />
		<parameter constant_type="double" name="nonNEP_injection_ratio" type="constant" value="0.810047825505" />
		<parameter constant_type="double" name="nonNEP_sharing_boost" type="constant" value="0.403026770521" />
		<parameter constant_type="string" name="output_directory" type="constant" value="output" />
		<parameter constant_type="double" name="prob_cessation" type="constant" value="0.198518131975" />
		<parameter constant_type="double" name="prob_infected_when_arrive" type="constant" value="0.0164428204355" />
		<parameter constant_type="double" name="prob_self_limiting_female" type="constant" value="0.366176577938" />
		<parameter constant_type="double" name="prob_self_limiting_male" type="constant" value="0.12411038381" />
		<parameter constant_type="double" name="prob_clearing" type="constant" value="0.787038155156" />
		<parameter constant_type="double" name="pwid_maturity_threshold" type="constant" value="4.17271498753" />
        <parameter comment="365*5 + 365 burnin" constant_type="number" name="run_length" shortvalue="4015" type="constant" value="4040" />
        <parameter constant_type="double" name="status_report_frequency" type="constant" value="365.0" />
        <parameter constant_type="double" name="transmissibility" type="constant" value="0.01474726959" />
        <parameter constant_type="string" name="NEP_data" simulated_value="datagen/NEP_mock_2014.csv" type="constant" value="data/NEP_Risk_Base_Merge.csv" />
        <parameter constant_type="string" name="NHBS_data" simulated_value="datagen/NHBS_mock_2014.csv" type="constant" value="data/IDU2_HCV_model_012913_cleaned.csv" value2012="data/IDU3_2012-2014-04-17.csv" />
</sweep>