<sweep jobNum="21" runs="1">
		
		<parameter constant_type="double" name="ab_prob_acute" type="constant" value="0.0274524431439" />
		<parameter constant_type="double" name="ab_prob_chronic" type="constant" value="0.617519533972" />
		<parameter constant_type="double" name="attrition_rate" type="constant" value="0.0415473149583" />
		<parameter constant_type="double" name="burn_in_days" type="constant" value="365.0" value_nob="0" />
		<parameter constant_type="number" name="dump_network_distances" type="constant" value="-1" />
		<parameter constant_type="double" name="homophily_strength" type="constant" value="0.614473842009" />
		<parameter constant_type="number" name="initial_pwid_count" type="constant" value="33828" />
		<parameter constant_type="double" name="interaction_home_cutoff" type="constant" value="2.88019706692" />
		<parameter constant_type="double" name="interaction_rate_constant" type="constant" value="0.0146013233654" />
		<parameter constant_type="double" name="interaction_rate_at_drug_sites" type="constant" value="0.000126420615191" />
		<parameter constant_type="double" name="interaction_rate_exzone" type="constant" value="0.0771136876544" />
		<parameter constant_type="double" name="mean_career_duration" type="constant" value="15.1407001695" />
        <parameter constant_type="double" name="mean_days_acute_naive" type="constant" value="79.357694063" />
		<parameter constant_type="double" name="mean_days_acute_rechallenged" type="constant" value="13.9841211084" />
		<parameter constant_type="double" name="mean_days_naive_to_infectious" type="constant" value="2.88853846489" />
		<parameter constant_type="double" name="mean_enrichment_ChicagoNonNEP" type="constant" value="0.404673351032" />
		<parameter constant_type="double" name="mean_enrichment_suburbs" type="constant" value="2.14906107206" />
		<parameter constant_type="double" name="mean_tie_lifetime" type="constant" value="377.374188939" />
		<parameter constant_type="double" name="net_inflow" type="constant" value="0.0" />
		<parameter constant_type="double" name="nonNEP_age_boost" type="constant" value="3.30585286297" />
		<parameter constant_type="double" name="nonNEP_age_started_boost" type="constant" value="1.41972135187" />
		<parameter constant_type="double" name="nonNEP_degree_boost" type="constant" value="0.230001079113" />
		<parameter constant_type="double" name="nonNEP_hcv_ab_boost" type="constant" value="0.00898739063907" />
		<parameter constant_type="double" name="nonNEP_injection_ratio" type="constant" value="0.819898134592" />
		<parameter constant_type="double" name="nonNEP_sharing_boost" type="constant" value="0.37449171584" />
		<parameter constant_type="string" name="output_directory" type="constant" value="output" />
		<parameter constant_type="double" name="prob_cessation" type="constant" value="0.197914301705" />
		<parameter constant_type="double" name="prob_infected_when_arrive" type="constant" value="0.054917942022" />
		<parameter constant_type="double" name="prob_self_limiting_female" type="constant" value="0.347999811258" />
		<parameter constant_type="double" name="prob_self_limiting_male" type="constant" value="0.103861401136" />
		<parameter constant_type="double" name="prob_clearing" type="constant" value="0.789796269184" />
		<parameter constant_type="double" name="pwid_maturity_threshold" type="constant" value="4.46313456256" />
        <parameter comment="365*5 + 365 burnin" constant_type="number" name="run_length" shortvalue="4015" type="constant" value="4040" />
        <parameter constant_type="double" name="status_report_frequency" type="constant" value="365.0" />
        <parameter constant_type="double" name="transmissibility" type="constant" value="0.0412173811364" />
        <parameter constant_type="string" name="NEP_data" simulated_value="datagen/NEP_mock_2014.csv" type="constant" value="data/NEP_Risk_Base_Merge.csv" />
        <parameter constant_type="string" name="NHBS_data" simulated_value="datagen/NHBS_mock_2014.csv" type="constant" value="data/IDU2_HCV_model_012913_cleaned.csv" value2012="data/IDU3_2012-2014-04-17.csv" />
</sweep>