<sweep jobNum="177" runs="1">
		
		<parameter constant_type="double" name="ab_prob_acute" type="constant" value="0.0202567155119" />
		<parameter constant_type="double" name="ab_prob_chronic" type="constant" value="0.578957660491" />
		<parameter constant_type="double" name="attrition_rate" type="constant" value="0.0114159352576" />
		<parameter constant_type="double" name="burn_in_days" type="constant" value="365.0" value_nob="0" />
		<parameter constant_type="number" name="dump_network_distances" type="constant" value="-1" />
		<parameter constant_type="double" name="homophily_strength" type="constant" value="0.656764325241" />
		<parameter constant_type="number" name="initial_pwid_count" type="constant" value="31880" />
		<parameter constant_type="double" name="interaction_home_cutoff" type="constant" value="2.54819296838" />
		<parameter constant_type="double" name="interaction_rate_constant" type="constant" value="0.0126709954525" />
		<parameter constant_type="double" name="interaction_rate_at_drug_sites" type="constant" value="7.15904748896e-05" />
		<parameter constant_type="double" name="interaction_rate_exzone" type="constant" value="0.092088889632" />
		<parameter constant_type="double" name="mean_career_duration" type="constant" value="10.115171619" />
        <parameter constant_type="double" name="mean_days_acute_naive" type="constant" value="106.516476139" />
		<parameter constant_type="double" name="mean_days_acute_rechallenged" type="constant" value="42.0158788916" />
		<parameter constant_type="double" name="mean_days_naive_to_infectious" type="constant" value="3.21556399089" />
		<parameter constant_type="double" name="mean_enrichment_ChicagoNonNEP" type="constant" value="0.605682460765" />
		<parameter constant_type="double" name="mean_enrichment_suburbs" type="constant" value="1.98145722195" />
		<parameter constant_type="double" name="mean_tie_lifetime" type="constant" value="766.734243335" />
		<parameter constant_type="double" name="net_inflow" type="constant" value="0.0" />
		<parameter constant_type="double" name="nonNEP_age_boost" type="constant" value="1.69226242166" />
		<parameter constant_type="double" name="nonNEP_age_started_boost" type="constant" value="2.00409084981" />
		<parameter constant_type="double" name="nonNEP_degree_boost" type="constant" value="0.277663682354" />
		<parameter constant_type="double" name="nonNEP_hcv_ab_boost" type="constant" value="0.00131023200879" />
		<parameter constant_type="double" name="nonNEP_injection_ratio" type="constant" value="0.899299562893" />
		<parameter constant_type="double" name="nonNEP_sharing_boost" type="constant" value="0.283610898773" />
		<parameter constant_type="string" name="output_directory" type="constant" value="output" />
		<parameter constant_type="double" name="prob_cessation" type="constant" value="0.290746368797" />
		<parameter constant_type="double" name="prob_infected_when_arrive" type="constant" value="0.0898123486765" />
		<parameter constant_type="double" name="prob_self_limiting_female" type="constant" value="0.368043195526" />
		<parameter constant_type="double" name="prob_self_limiting_male" type="constant" value="0.117120790098" />
		<parameter constant_type="double" name="prob_clearing" type="constant" value="0.79250932383" />
		<parameter constant_type="double" name="pwid_maturity_threshold" type="constant" value="5.69238025201" />
        <parameter comment="365*5 + 365 burnin" constant_type="number" name="run_length" shortvalue="4015" type="constant" value="4040" />
        <parameter constant_type="double" name="status_report_frequency" type="constant" value="365.0" />
        <parameter constant_type="double" name="transmissibility" type="constant" value="0.0201109675124" />
        <parameter constant_type="string" name="NEP_data" simulated_value="datagen/NEP_mock_2014.csv" type="constant" value="data/NEP_Risk_Base_Merge.csv" />
        <parameter constant_type="string" name="NHBS_data" simulated_value="datagen/NHBS_mock_2014.csv" type="constant" value="data/IDU2_HCV_model_012913_cleaned.csv" value2012="data/IDU3_2012-2014-04-17.csv" />
</sweep>