<sweep jobNum="85" runs="1">
		
		<parameter constant_type="double" name="ab_prob_acute" type="constant" value="0.0165985999739" />
		<parameter constant_type="double" name="ab_prob_chronic" type="constant" value="0.529926055763" />
		<parameter constant_type="double" name="attrition_rate" type="constant" value="0.0437747887348" />
		<parameter constant_type="double" name="burn_in_days" type="constant" value="365.0" value_nob="0" />
		<parameter constant_type="number" name="dump_network_distances" type="constant" value="-1" />
		<parameter constant_type="double" name="homophily_strength" type="constant" value="0.63137161708" />
		<parameter constant_type="number" name="initial_pwid_count" type="constant" value="33953" />
		<parameter constant_type="double" name="interaction_home_cutoff" type="constant" value="2.63658839373" />
		<parameter constant_type="double" name="interaction_rate_constant" type="constant" value="0.0173635327938" />
		<parameter constant_type="double" name="interaction_rate_at_drug_sites" type="constant" value="5.11620689576e-05" />
		<parameter constant_type="double" name="interaction_rate_exzone" type="constant" value="0.0875174061357" />
		<parameter constant_type="double" name="mean_career_duration" type="constant" value="23.2713151763" />
        <parameter constant_type="double" name="mean_days_acute_naive" type="constant" value="125.963467198" />
		<parameter constant_type="double" name="mean_days_acute_rechallenged" type="constant" value="22.867513213" />
		<parameter constant_type="double" name="mean_days_naive_to_infectious" type="constant" value="2.23197149147" />
		<parameter constant_type="double" name="mean_enrichment_ChicagoNonNEP" type="constant" value="0.418512639628" />
		<parameter constant_type="double" name="mean_enrichment_suburbs" type="constant" value="2.06722590636" />
		<parameter constant_type="double" name="mean_tie_lifetime" type="constant" value="307.641478434" />
		<parameter constant_type="double" name="net_inflow" type="constant" value="0.0" />
		<parameter constant_type="double" name="nonNEP_age_boost" type="constant" value="4.25839423367" />
		<parameter constant_type="double" name="nonNEP_age_started_boost" type="constant" value="0.869153131487" />
		<parameter constant_type="double" name="nonNEP_degree_boost" type="constant" value="0.278276737295" />
		<parameter constant_type="double" name="nonNEP_hcv_ab_boost" type="constant" value="0.00744987755693" />
		<parameter constant_type="double" name="nonNEP_injection_ratio" type="constant" value="0.816045860589" />
		<parameter constant_type="double" name="nonNEP_sharing_boost" type="constant" value="0.413084686851" />
		<parameter constant_type="string" name="output_directory" type="constant" value="output" />
		<parameter constant_type="double" name="prob_cessation" type="constant" value="0.14963128933" />
		<parameter constant_type="double" name="prob_infected_when_arrive" type="constant" value="0.0134271074491" />
		<parameter constant_type="double" name="prob_self_limiting_female" type="constant" value="0.327068015846" />
		<parameter constant_type="double" name="prob_self_limiting_male" type="constant" value="0.112069638688" />
		<parameter constant_type="double" name="prob_clearing" type="constant" value="0.94585386879" />
		<parameter constant_type="double" name="pwid_maturity_threshold" type="constant" value="4.13528650483" />
        <parameter comment="365*5 + 365 burnin" constant_type="number" name="run_length" shortvalue="4015" type="constant" value="4040" />
        <parameter constant_type="double" name="status_report_frequency" type="constant" value="365.0" />
        <parameter constant_type="double" name="transmissibility" type="constant" value="0.029833406464" />
        <parameter constant_type="string" name="NEP_data" simulated_value="datagen/NEP_mock_2014.csv" type="constant" value="data/NEP_Risk_Base_Merge.csv" />
        <parameter constant_type="string" name="NHBS_data" simulated_value="datagen/NHBS_mock_2014.csv" type="constant" value="data/IDU2_HCV_model_012913_cleaned.csv" value2012="data/IDU3_2012-2014-04-17.csv" />
</sweep>