<sweep jobNum="123" runs="1">
		
		<parameter constant_type="double" name="ab_prob_acute" type="constant" value="0.0122428788465" />
		<parameter constant_type="double" name="ab_prob_chronic" type="constant" value="0.666947309082" />
		<parameter constant_type="double" name="attrition_rate" type="constant" value="0.077892426514" />
		<parameter constant_type="double" name="burn_in_days" type="constant" value="365.0" value_nob="0" />
		<parameter constant_type="number" name="dump_network_distances" type="constant" value="-1" />
		<parameter constant_type="double" name="homophily_strength" type="constant" value="0.761576932277" />
		<parameter constant_type="number" name="initial_pwid_count" type="constant" value="32361" />
		<parameter constant_type="double" name="interaction_home_cutoff" type="constant" value="1.80773250692" />
		<parameter constant_type="double" name="interaction_rate_constant" type="constant" value="0.0171187607708" />
		<parameter constant_type="double" name="interaction_rate_at_drug_sites" type="constant" value="8.56891854868e-05" />
		<parameter constant_type="double" name="interaction_rate_exzone" type="constant" value="0.0824774705194" />
		<parameter constant_type="double" name="mean_career_duration" type="constant" value="26.0917273478" />
        <parameter constant_type="double" name="mean_days_acute_naive" type="constant" value="94.8445927434" />
		<parameter constant_type="double" name="mean_days_acute_rechallenged" type="constant" value="39.7683578734" />
		<parameter constant_type="double" name="mean_days_naive_to_infectious" type="constant" value="3.76038997922" />
		<parameter constant_type="double" name="mean_enrichment_ChicagoNonNEP" type="constant" value="0.62177779264" />
		<parameter constant_type="double" name="mean_enrichment_suburbs" type="constant" value="1.79628159907" />
		<parameter constant_type="double" name="mean_tie_lifetime" type="constant" value="878.78999374" />
		<parameter constant_type="double" name="net_inflow" type="constant" value="0.0" />
		<parameter constant_type="double" name="nonNEP_age_boost" type="constant" value="2.03461589576" />
		<parameter constant_type="double" name="nonNEP_age_started_boost" type="constant" value="0.750452953295" />
		<parameter constant_type="double" name="nonNEP_degree_boost" type="constant" value="0.286389101227" />
		<parameter constant_type="double" name="nonNEP_hcv_ab_boost" type="constant" value="0.0134004131294" />
		<parameter constant_type="double" name="nonNEP_injection_ratio" type="constant" value="0.813113233727" />
		<parameter constant_type="double" name="nonNEP_sharing_boost" type="constant" value="0.40990434899" />
		<parameter constant_type="string" name="output_directory" type="constant" value="output" />
		<parameter constant_type="double" name="prob_cessation" type="constant" value="0.224220240964" />
		<parameter constant_type="double" name="prob_infected_when_arrive" type="constant" value="0.0533121955195" />
		<parameter constant_type="double" name="prob_self_limiting_female" type="constant" value="0.334232575001" />
		<parameter constant_type="double" name="prob_self_limiting_male" type="constant" value="0.128120919523" />
		<parameter constant_type="double" name="prob_clearing" type="constant" value="0.935526157991" />
		<parameter constant_type="double" name="pwid_maturity_threshold" type="constant" value="3.87700044877" />
        <parameter comment="365*5 + 365 burnin" constant_type="number" name="run_length" shortvalue="4015" type="constant" value="4040" />
        <parameter constant_type="double" name="status_report_frequency" type="constant" value="365.0" />
        <parameter constant_type="double" name="transmissibility" type="constant" value="0.0223373698845" />
        <parameter constant_type="string" name="NEP_data" simulated_value="datagen/NEP_mock_2014.csv" type="constant" value="data/NEP_Risk_Base_Merge.csv" />
        <parameter constant_type="string" name="NHBS_data" simulated_value="datagen/NHBS_mock_2014.csv" type="constant" value="data/IDU2_HCV_model_012913_cleaned.csv" value2012="data/IDU3_2012-2014-04-17.csv" />
</sweep>