<sweep jobNum="225" runs="1">
		
		<parameter constant_type="double" name="ab_prob_acute" type="constant" value="0.0172564912893" />
		<parameter constant_type="double" name="ab_prob_chronic" type="constant" value="0.564445265777" />
		<parameter constant_type="double" name="attrition_rate" type="constant" value="0.0547341944886" />
		<parameter constant_type="double" name="burn_in_days" type="constant" value="365.0" value_nob="0" />
		<parameter constant_type="number" name="dump_network_distances" type="constant" value="-1" />
		<parameter constant_type="double" name="homophily_strength" type="constant" value="0.738891234214" />
		<parameter constant_type="number" name="initial_pwid_count" type="constant" value="30612" />
		<parameter constant_type="double" name="interaction_home_cutoff" type="constant" value="1.11136876544" />
		<parameter constant_type="double" name="interaction_rate_constant" type="constant" value="0.0205167733662" />
		<parameter constant_type="double" name="interaction_rate_at_drug_sites" type="constant" value="6.12143942324e-05" />
		<parameter constant_type="double" name="interaction_rate_exzone" type="constant" value="0.0857432844881" />
		<parameter constant_type="double" name="mean_career_duration" type="constant" value="19.1369812745" />
        <parameter constant_type="double" name="mean_days_acute_naive" type="constant" value="117.22222408" />
		<parameter constant_type="double" name="mean_days_acute_rechallenged" type="constant" value="20.4672635292" />
		<parameter constant_type="double" name="mean_days_naive_to_infectious" type="constant" value="2.33521486862" />
		<parameter constant_type="double" name="mean_enrichment_ChicagoNonNEP" type="constant" value="0.480002158226" />
		<parameter constant_type="double" name="mean_enrichment_suburbs" type="constant" value="1.74882280255" />
		<parameter constant_type="double" name="mean_tie_lifetime" type="constant" value="400.790828427" />
		<parameter constant_type="double" name="net_inflow" type="constant" value="0.0" />
		<parameter constant_type="double" name="nonNEP_age_boost" type="constant" value="2.81557717417" />
		<parameter constant_type="double" name="nonNEP_age_started_boost" type="constant" value="0.768209843015" />
		<parameter constant_type="double" name="nonNEP_degree_boost" type="constant" value="0.199256319814" />
		<parameter constant_type="double" name="nonNEP_hcv_ab_boost" type="constant" value="0.01945917476" />
		<parameter constant_type="double" name="nonNEP_injection_ratio" type="constant" value="0.808053525544" />
		<parameter constant_type="double" name="nonNEP_sharing_boost" type="constant" value="0.25009565101" />
		<parameter constant_type="string" name="output_directory" type="constant" value="output" />
		<parameter constant_type="double" name="prob_cessation" type="constant" value="0.171719122623" />
		<parameter constant_type="double" name="prob_infected_when_arrive" type="constant" value="0.0183512572959" />
		<parameter constant_type="double" name="prob_self_limiting_female" type="constant" value="0.330987587414" />
		<parameter constant_type="double" name="prob_self_limiting_male" type="constant" value="0.132984846148" />
		<parameter constant_type="double" name="prob_clearing" type="constant" value="0.876252395328" />
		<parameter constant_type="double" name="pwid_maturity_threshold" type="constant" value="5.23440621935" />
        <parameter comment="365*5 + 365 burnin" constant_type="number" name="run_length" shortvalue="4015" type="constant" value="4040" />
        <parameter constant_type="double" name="status_report_frequency" type="constant" value="365.0" />
        <parameter constant_type="double" name="transmissibility" type="constant" value="0.0173219933544" />
        <parameter constant_type="string" name="NEP_data" simulated_value="datagen/NEP_mock_2014.csv" type="constant" value="data/NEP_Risk_Base_Merge.csv" />
        <parameter constant_type="string" name="NHBS_data" simulated_value="datagen/NHBS_mock_2014.csv" type="constant" value="data/IDU2_HCV_model_012913_cleaned.csv" value2012="data/IDU3_2012-2014-04-17.csv" />
</sweep>