<sweep jobNum="299" runs="1">
		
		<parameter constant_type="double" name="ab_prob_acute" type="constant" value="0.014976456051" />
		<parameter constant_type="double" name="ab_prob_chronic" type="constant" value="0.557632086588" />
		<parameter constant_type="double" name="attrition_rate" type="constant" value="0.0524734413179" />
		<parameter constant_type="double" name="burn_in_days" type="constant" value="365.0" value_nob="0" />
		<parameter constant_type="number" name="dump_network_distances" type="constant" value="-1" />
		<parameter constant_type="double" name="homophily_strength" type="constant" value="0.77990434899" />
		<parameter constant_type="number" name="initial_pwid_count" type="constant" value="32525" />
		<parameter constant_type="double" name="interaction_home_cutoff" type="constant" value="2.94063152807" />
		<parameter constant_type="double" name="interaction_rate_constant" type="constant" value="0.0134433870878" />
		<parameter constant_type="double" name="interaction_rate_at_drug_sites" type="constant" value="9.75747802656e-05" />
		<parameter constant_type="double" name="interaction_rate_exzone" type="constant" value="0.0833747604672" />
		<parameter constant_type="double" name="mean_career_duration" type="constant" value="22.6068066804" />
        <parameter constant_type="double" name="mean_days_acute_naive" type="constant" value="118.977069706" />
		<parameter constant_type="double" name="mean_days_acute_rechallenged" type="constant" value="36.5220430408" />
		<parameter constant_type="double" name="mean_days_naive_to_infectious" type="constant" value="2.825135964" />
		<parameter constant_type="double" name="mean_enrichment_ChicagoNonNEP" type="constant" value="0.612299955123" />
		<parameter constant_type="double" name="mean_enrichment_suburbs" type="constant" value="1.50234564154" />
		<parameter constant_type="double" name="mean_tie_lifetime" type="constant" value="310.640571031" />
		<parameter constant_type="double" name="net_inflow" type="constant" value="0.0" />
		<parameter constant_type="double" name="nonNEP_age_boost" type="constant" value="3.93401843532" />
		<parameter constant_type="double" name="nonNEP_age_started_boost" type="constant" value="1.42564912893" />
		<parameter constant_type="double" name="nonNEP_degree_boost" type="constant" value="0.228853846489" />
		<parameter constant_type="double" name="nonNEP_hcv_ab_boost" type="constant" value="0.0144087122139" />
		<parameter constant_type="double" name="nonNEP_injection_ratio" type="constant" value="0.859904067466" />
		<parameter constant_type="double" name="nonNEP_sharing_boost" type="constant" value="0.297793689454" />
		<parameter constant_type="string" name="output_directory" type="constant" value="output" />
		<parameter constant_type="double" name="prob_cessation" type="constant" value="0.322443200793" />
		<parameter constant_type="double" name="prob_infected_when_arrive" type="constant" value="0.0189715153859" />
		<parameter constant_type="double" name="prob_self_limiting_female" type="constant" value="0.349424763529" />
		<parameter constant_type="double" name="prob_self_limiting_male" type="constant" value="0.106805704031" />
		<parameter constant_type="double" name="prob_clearing" type="constant" value="0.868646012847" />
		<parameter constant_type="double" name="pwid_maturity_threshold" type="constant" value="5.25739610575" />
        <parameter comment="365*5 + 365 burnin" constant_type="number" name="run_length" shortvalue="4015" type="constant" value="4040" />
        <parameter constant_type="double" name="status_report_frequency" type="constant" value="365.0" />
        <parameter constant_type="double" name="transmissibility" type="constant" value="0.0140093341163" />
        <parameter constant_type="string" name="NEP_data" simulated_value="datagen/NEP_mock_2014.csv" type="constant" value="data/NEP_Risk_Base_Merge.csv" />
        <parameter constant_type="string" name="NHBS_data" simulated_value="datagen/NHBS_mock_2014.csv" type="constant" value="data/IDU2_HCV_model_012913_cleaned.csv" value2012="data/IDU3_2012-2014-04-17.csv" />
</sweep>