<sweep jobNum="17" runs="1">
		
		<parameter constant_type="double" name="ab_prob_acute" type="constant" value="0.026935206347" />
		<parameter constant_type="double" name="ab_prob_chronic" type="constant" value="0.570958404657" />
		<parameter constant_type="double" name="attrition_rate" type="constant" value="0.0363481319549" />
		<parameter constant_type="double" name="burn_in_days" type="constant" value="365.0" value_nob="0" />
		<parameter constant_type="number" name="dump_network_distances" type="constant" value="-1" />
		<parameter constant_type="double" name="homophily_strength" type="constant" value="0.64781351925" />
		<parameter constant_type="number" name="initial_pwid_count" type="constant" value="30064" />
		<parameter constant_type="double" name="interaction_home_cutoff" type="constant" value="2.45754815855" />
		<parameter constant_type="double" name="interaction_rate_constant" type="constant" value="0.012387776151" />
		<parameter constant_type="double" name="interaction_rate_at_drug_sites" type="constant" value="6.27377842807e-05" />
		<parameter constant_type="double" name="interaction_rate_exzone" type="constant" value="0.0901986418146" />
		<parameter constant_type="double" name="mean_career_duration" type="constant" value="21.20649124" />
        <parameter constant_type="double" name="mean_days_acute_naive" type="constant" value="108.415608484" />
		<parameter constant_type="double" name="mean_days_acute_rechallenged" type="constant" value="33.132486787" />
		<parameter constant_type="double" name="mean_days_naive_to_infectious" type="constant" value="3.36441780074" />
		<parameter constant_type="double" name="mean_enrichment_ChicagoNonNEP" type="constant" value="0.677726246911" />
		<parameter constant_type="double" name="mean_enrichment_suburbs" type="constant" value="2.40345882295" />
		<parameter constant_type="double" name="mean_tie_lifetime" type="constant" value="577.434942641" />
		<parameter constant_type="double" name="net_inflow" type="constant" value="0.0" />
		<parameter constant_type="double" name="nonNEP_age_boost" type="constant" value="2.27544994539" />
		<parameter constant_type="double" name="nonNEP_age_started_boost" type="constant" value="1.47859405479" />
		<parameter constant_type="double" name="nonNEP_degree_boost" type="constant" value="0.247708246084" />
		<parameter constant_type="double" name="nonNEP_hcv_ab_boost" type="constant" value="0.0100795534731" />
		<parameter constant_type="double" name="nonNEP_injection_ratio" type="constant" value="0.862242581814" />
		<parameter constant_type="double" name="nonNEP_sharing_boost" type="constant" value="0.266341160627" />
		<parameter constant_type="string" name="output_directory" type="constant" value="output" />
		<parameter constant_type="double" name="prob_cessation" type="constant" value="0.19180285931" />
		<parameter constant_type="double" name="prob_infected_when_arrive" type="constant" value="0.0621636339925" />
		<parameter constant_type="double" name="prob_self_limiting_female" type="constant" value="0.30675382626" />
		<parameter constant_type="double" name="prob_self_limiting_male" type="constant" value="0.125503445916" />
		<parameter constant_type="double" name="prob_clearing" type="constant" value="0.898303336974" />
		<parameter constant_type="double" name="pwid_maturity_threshold" type="constant" value="4.30761974799" />
        <parameter comment="365*5 + 365 burnin" constant_type="number" name="run_length" shortvalue="4015" type="constant" value="4040" />
        <parameter constant_type="double" name="status_report_frequency" type="constant" value="365.0" />
        <parameter constant_type="double" name="transmissibility" type="constant" value="0.0389429064191" />
        <parameter constant_type="string" name="NEP_data" simulated_value="datagen/NEP_mock_2014.csv" type="constant" value="data/NEP_Risk_Base_Merge.csv" />
        <parameter constant_type="string" name="NHBS_data" simulated_value="datagen/NHBS_mock_2014.csv" type="constant" value="data/IDU2_HCV_model_012913_cleaned.csv" value2012="data/IDU3_2012-2014-04-17.csv" />
</sweep>