<sweep jobNum="192" runs="1">
		
		<parameter constant_type="double" name="ab_prob_acute" type="constant" value="0.0170187785588" />
		<parameter constant_type="double" name="ab_prob_chronic" type="constant" value="0.56059179621" />
		<parameter constant_type="double" name="attrition_rate" type="constant" value="0.0500931939548" />
		<parameter constant_type="double" name="burn_in_days" type="constant" value="365.0" value_nob="0" />
		<parameter constant_type="number" name="dump_network_distances" type="constant" value="-1" />
		<parameter constant_type="double" name="homophily_strength" type="constant" value="0.623197149147" />
		<parameter constant_type="number" name="initial_pwid_count" type="constant" value="31451" />
		<parameter constant_type="double" name="interaction_home_cutoff" type="constant" value="2.81484215356" />
		<parameter constant_type="double" name="interaction_rate_constant" type="constant" value="0.0182231223822" />
		<parameter constant_type="double" name="interaction_rate_at_drug_sites" type="constant" value="7.3906759625e-05" />
		<parameter constant_type="double" name="interaction_rate_exzone" type="constant" value="0.0836688722756" />
		<parameter constant_type="double" name="mean_career_duration" type="constant" value="32.4501193406" />
        <parameter constant_type="double" name="mean_days_acute_naive" type="constant" value="123.795626306" />
		<parameter constant_type="double" name="mean_days_acute_rechallenged" type="constant" value="38.6996506389" />
		<parameter constant_type="double" name="mean_days_naive_to_infectious" type="constant" value="2.54245184145" />
		<parameter constant_type="double" name="mean_enrichment_ChicagoNonNEP" type="constant" value="0.650559112206" />
		<parameter constant_type="double" name="mean_enrichment_suburbs" type="constant" value="1.6568580854" />
		<parameter constant_type="double" name="mean_tie_lifetime" type="constant" value="466.102075056" />
		<parameter constant_type="double" name="net_inflow" type="constant" value="0.0" />
		<parameter constant_type="double" name="nonNEP_age_boost" type="constant" value="4.28289236987" />
		<parameter constant_type="double" name="nonNEP_age_started_boost" type="constant" value="1.34774705194" />
		<parameter constant_type="double" name="nonNEP_degree_boost" type="constant" value="0.220191865069" />
		<parameter constant_type="double" name="nonNEP_hcv_ab_boost" type="constant" value="0.00708421215085" />
		<parameter constant_type="double" name="nonNEP_injection_ratio" type="constant" value="0.881133947844" />
		<parameter constant_type="double" name="nonNEP_sharing_boost" type="constant" value="0.251655820606" />
		<parameter constant_type="string" name="output_directory" type="constant" value="output" />
		<parameter constant_type="double" name="prob_cessation" type="constant" value="0.26412535024" />
		<parameter constant_type="double" name="prob_infected_when_arrive" type="constant" value="0.0579232539725" />
		<parameter constant_type="double" name="prob_self_limiting_female" type="constant" value="0.395852498351" />
		<parameter constant_type="double" name="prob_self_limiting_male" type="constant" value="0.124456974667" />
		<parameter constant_type="double" name="prob_clearing" type="constant" value="0.865751338511" />
		<parameter constant_type="double" name="pwid_maturity_threshold" type="constant" value="3.59841211084" />
        <parameter comment="365*5 + 365 burnin" constant_type="number" name="run_length" shortvalue="4015" type="constant" value="4040" />
        <parameter constant_type="double" name="status_report_frequency" type="constant" value="365.0" />
        <parameter constant_type="double" name="transmissibility" type="constant" value="0.0230652167223" />
        <parameter constant_type="string" name="NEP_data" simulated_value="datagen/NEP_mock_2014.csv" type="constant" value="data/NEP_Risk_Base_Merge.csv" />
        <parameter constant_type="string" name="NHBS_data" simulated_value="datagen/NHBS_mock_2014.csv" type="constant" value="data/IDU2_HCV_model_012913_cleaned.csv" value2012="data/IDU3_2012-2014-04-17.csv" />
</sweep>