<sweep jobNum="41" runs="1">
		
		<parameter constant_type="double" name="ab_prob_acute" type="constant" value="0.0167793689454" />
		<parameter constant_type="double" name="ab_prob_chronic" type="constant" value="0.72235599205" />
		<parameter constant_type="double" name="attrition_rate" type="constant" value="0.0732186848459" />
		<parameter constant_type="double" name="burn_in_days" type="constant" value="365.0" value_nob="0" />
		<parameter constant_type="number" name="dump_network_distances" type="constant" value="-1" />
		<parameter constant_type="double" name="homophily_strength" type="constant" value="0.668992959132" />
		<parameter constant_type="number" name="initial_pwid_count" type="constant" value="31742" />
		<parameter constant_type="double" name="interaction_home_cutoff" type="constant" value="2.84706729122" />
		<parameter constant_type="double" name="interaction_rate_constant" type="constant" value="0.0137401790588" />
		<parameter constant_type="double" name="interaction_rate_at_drug_sites" type="constant" value="5.80535255444e-05" />
		<parameter constant_type="double" name="interaction_rate_exzone" type="constant" value="0.0822336317646" />
		<parameter constant_type="double" name="mean_career_duration" type="constant" value="25.3615350844" />
        <parameter constant_type="double" name="mean_days_acute_naive" type="constant" value="106.226872321" />
		<parameter constant_type="double" name="mean_days_acute_rechallenged" type="constant" value="18.4673351032" />
		<parameter constant_type="double" name="mean_days_naive_to_infectious" type="constant" value="2.63558219926" />
		<parameter constant_type="double" name="mean_enrichment_ChicagoNonNEP" type="constant" value="0.58898343168" />
		<parameter constant_type="double" name="mean_enrichment_suburbs" type="constant" value="1.66760743431" />
		<parameter constant_type="double" name="mean_tie_lifetime" type="constant" value="695.969981693" />
		<parameter constant_type="double" name="net_inflow" type="constant" value="0.0" />
		<parameter constant_type="double" name="nonNEP_age_boost" type="constant" value="3.62046375935" />
		<parameter constant_type="double" name="nonNEP_age_started_boost" type="constant" value="2.34358940283" />
		<parameter constant_type="double" name="nonNEP_degree_boost" type="constant" value="0.243708555609" />
		<parameter constant_type="double" name="nonNEP_hcv_ab_boost" type="constant" value="0.0134589557304" />
		<parameter constant_type="double" name="nonNEP_injection_ratio" type="constant" value="0.896151051521" />
		<parameter constant_type="double" name="nonNEP_sharing_boost" type="constant" value="0.39862838292" />
		<parameter constant_type="string" name="output_directory" type="constant" value="output" />
		<parameter constant_type="double" name="prob_cessation" type="constant" value="0.242498065552" />
		<parameter constant_type="double" name="prob_infected_when_arrive" type="constant" value="0.0427736381771" />
		<parameter constant_type="double" name="prob_self_limiting_female" type="constant" value="0.366795536821" />
		<parameter constant_type="double" name="prob_self_limiting_male" type="constant" value="0.126207828724" />
		<parameter constant_type="double" name="prob_clearing" type="constant" value="0.944063152807" />
		<parameter constant_type="double" name="pwid_maturity_threshold" type="constant" value="4.29549410389" />
        <parameter comment="365*5 + 365 burnin" constant_type="number" name="run_length" shortvalue="4015" type="constant" value="4040" />
        <parameter constant_type="double" name="status_report_frequency" type="constant" value="365.0" />
        <parameter constant_type="double" name="transmissibility" type="constant" value="0.0325750749205" />
        <parameter constant_type="string" name="NEP_data" simulated_value="datagen/NEP_mock_2014.csv" type="constant" value="data/NEP_Risk_Base_Merge.csv" />
        <parameter constant_type="string" name="NHBS_data" simulated_value="datagen/NHBS_mock_2014.csv" type="constant" value="data/IDU2_HCV_model_012913_cleaned.csv" value2012="data/IDU3_2012-2014-04-17.csv" />
</sweep>