<sweep jobNum="184" runs="1">
		
		<parameter constant_type="double" name="ab_prob_acute" type="constant" value="0.020142608899" />
		<parameter constant_type="double" name="ab_prob_chronic" type="constant" value="0.676935799962" />
		<parameter constant_type="double" name="attrition_rate" type="constant" value="0.0227473175813" />
		<parameter constant_type="double" name="burn_in_days" type="constant" value="365.0" value_nob="0" />
		<parameter constant_type="number" name="dump_network_distances" type="constant" value="-1" />
		<parameter constant_type="double" name="homophily_strength" type="constant" value="0.700285208517" />
		<parameter constant_type="number" name="initial_pwid_count" type="constant" value="31580" />
		<parameter constant_type="double" name="interaction_home_cutoff" type="constant" value="1.51054665796" />
		<parameter constant_type="double" name="interaction_rate_constant" type="constant" value="0.0106172254363" />
		<parameter constant_type="double" name="interaction_rate_at_drug_sites" type="constant" value="9.92869555052e-05" />
		<parameter constant_type="double" name="interaction_rate_exzone" type="constant" value="0.080781351925" />
		<parameter constant_type="double" name="mean_career_duration" type="constant" value="28.710733018" />
        <parameter constant_type="double" name="mean_days_acute_naive" type="constant" value="99.3569091842" />
		<parameter constant_type="double" name="mean_days_acute_rechallenged" type="constant" value="34.0818169962" />
		<parameter constant_type="double" name="mean_days_naive_to_infectious" type="constant" value="2.26973229479" />
		<parameter constant_type="double" name="mean_enrichment_ChicagoNonNEP" type="constant" value="0.424672635292" />
		<parameter constant_type="double" name="mean_enrichment_suburbs" type="constant" value="2.08453744642" />
		<parameter constant_type="double" name="mean_tie_lifetime" type="constant" value="325.183628257" />
		<parameter constant_type="double" name="net_inflow" type="constant" value="0.0" />
		<parameter constant_type="double" name="nonNEP_age_boost" type="constant" value="3.46510561302" />
		<parameter constant_type="double" name="nonNEP_age_started_boost" type="constant" value="2.28164905501" />
		<parameter constant_type="double" name="nonNEP_degree_boost" type="constant" value="0.338599125786" />
		<parameter constant_type="double" name="nonNEP_hcv_ab_boost" type="constant" value="0.0112176644305" />
		<parameter constant_type="double" name="nonNEP_injection_ratio" type="constant" value="0.869753601612" />
		<parameter constant_type="double" name="nonNEP_sharing_boost" type="constant" value="0.375754815855" />
		<parameter constant_type="string" name="output_directory" type="constant" value="output" />
		<parameter constant_type="double" name="prob_cessation" type="constant" value="0.150429343855" />
		<parameter constant_type="double" name="prob_infected_when_arrive" type="constant" value="0.058156076346" />
		<parameter constant_type="double" name="prob_self_limiting_female" type="constant" value="0.363427592919" />
		<parameter constant_type="double" name="prob_self_limiting_male" type="constant" value="0.136447993608" />
		<parameter constant_type="double" name="prob_clearing" type="constant" value="0.775475568561" />
		<parameter constant_type="double" name="pwid_maturity_threshold" type="constant" value="4.99429582965" />
        <parameter comment="365*5 + 365 burnin" constant_type="number" name="run_length" shortvalue="4015" type="constant" value="4040" />
        <parameter constant_type="double" name="status_report_frequency" type="constant" value="365.0" />
        <parameter constant_type="double" name="transmissibility" type="constant" value="0.0142196985011" />
        <parameter constant_type="string" name="NEP_data" simulated_value="datagen/NEP_mock_2014.csv" type="constant" value="data/NEP_Risk_Base_Merge.csv" />
        <parameter constant_type="string" name="NHBS_data" simulated_value="datagen/NHBS_mock_2014.csv" type="constant" value="data/IDU2_HCV_model_012913_cleaned.csv" value2012="data/IDU3_2012-2014-04-17.csv" />
</sweep>