<sweep jobNum="38" runs="1">
		
		<parameter constant_type="double" name="ab_prob_acute" type="constant" value="0.0228027864813" />
		<parameter constant_type="double" name="ab_prob_chronic" type="constant" value="0.652243955731" />
		<parameter constant_type="double" name="attrition_rate" type="constant" value="0.0324906648432" />
		<parameter constant_type="double" name="burn_in_days" type="constant" value="365.0" value_nob="0" />
		<parameter constant_type="number" name="dump_network_distances" type="constant" value="-1" />
		<parameter constant_type="double" name="homophily_strength" type="constant" value="0.725073364393" />
		<parameter constant_type="number" name="initial_pwid_count" type="constant" value="31185" />
		<parameter constant_type="double" name="interaction_home_cutoff" type="constant" value="1.13648629716" />
		<parameter constant_type="double" name="interaction_rate_constant" type="constant" value="0.0184446208112" />
		<parameter constant_type="double" name="interaction_rate_at_drug_sites" type="constant" value="0.000123512629222" />
		<parameter constant_type="double" name="interaction_rate_exzone" type="constant" value="0.0888621629026" />
		<parameter constant_type="double" name="mean_career_duration" type="constant" value="28.2716055705" />
        <parameter constant_type="double" name="mean_days_acute_naive" type="constant" value="80.6184605022" />
		<parameter constant_type="double" name="mean_days_acute_rechallenged" type="constant" value="21.4384647844" />
		<parameter constant_type="double" name="mean_days_naive_to_infectious" type="constant" value="3.02567155119" />
		<parameter constant_type="double" name="mean_enrichment_ChicagoNonNEP" type="constant" value="0.400821289702" />
		<parameter constant_type="double" name="mean_enrichment_suburbs" type="constant" value="2.43591252611" />
		<parameter constant_type="double" name="mean_tie_lifetime" type="constant" value="664.772355653" />
		<parameter constant_type="double" name="net_inflow" type="constant" value="0.0" />
		<parameter constant_type="double" name="nonNEP_age_boost" type="constant" value="3.23627007767" />
		<parameter constant_type="double" name="nonNEP_age_started_boost" type="constant" value="1.20410644851" />
		<parameter constant_type="double" name="nonNEP_degree_boost" type="constant" value="0.206589769575" />
		<parameter constant_type="double" name="nonNEP_hcv_ab_boost" type="constant" value="0.00509386689356" />
		<parameter constant_type="double" name="nonNEP_injection_ratio" type="constant" value="0.849286955505" />
		<parameter constant_type="double" name="nonNEP_sharing_boost" type="constant" value="0.288635749377" />
		<parameter constant_type="string" name="output_directory" type="constant" value="output" />
		<parameter constant_type="double" name="prob_cessation" type="constant" value="0.171033733518" />
		<parameter constant_type="double" name="prob_infected_when_arrive" type="constant" value="0.0535412011195" />
		<parameter constant_type="double" name="prob_self_limiting_female" type="constant" value="0.327982024401" />
		<parameter constant_type="double" name="prob_self_limiting_male" type="constant" value="0.125036995456" />
		<parameter constant_type="double" name="prob_clearing" type="constant" value="0.882807676078" />
		<parameter constant_type="double" name="pwid_maturity_threshold" type="constant" value="6.99061743383" />
        <parameter comment="365*5 + 365 burnin" constant_type="number" name="run_length" shortvalue="4015" type="constant" value="4040" />
        <parameter constant_type="double" name="status_report_frequency" type="constant" value="365.0" />
        <parameter constant_type="double" name="transmissibility" type="constant" value="0.0250781114955" />
        <parameter constant_type="string" name="NEP_data" simulated_value="datagen/NEP_mock_2014.csv" type="constant" value="data/NEP_Risk_Base_Merge.csv" />
        <parameter constant_type="string" name="NHBS_data" simulated_value="datagen/NHBS_mock_2014.csv" type="constant" value="data/IDU2_HCV_model_012913_cleaned.csv" value2012="data/IDU3_2012-2014-04-17.csv" />
</sweep>