<sweep jobNum="210" runs="1">
		
		<parameter constant_type="double" name="ab_prob_acute" type="constant" value="0.0123197149147" />
		<parameter constant_type="double" name="ab_prob_chronic" type="constant" value="0.681608400964" />
		<parameter constant_type="double" name="attrition_rate" type="constant" value="0.0621454197145" />
		<parameter constant_type="double" name="burn_in_days" type="constant" value="365.0" value_nob="0" />
		<parameter constant_type="number" name="dump_network_distances" type="constant" value="-1" />
		<parameter constant_type="double" name="homophily_strength" type="constant" value="0.748945334204" />
		<parameter constant_type="number" name="initial_pwid_count" type="constant" value="31868" />
		<parameter constant_type="double" name="interaction_home_cutoff" type="constant" value="2.47663324484" />
		<parameter constant_type="double" name="interaction_rate_constant" type="constant" value="0.0199461227488" />
		<parameter constant_type="double" name="interaction_rate_at_drug_sites" type="constant" value="0.000100427817416" />
		<parameter constant_type="double" name="interaction_rate_exzone" type="constant" value="0.0859144365168" />
		<parameter constant_type="double" name="mean_career_duration" type="constant" value="33.46631625" />
        <parameter constant_type="double" name="mean_days_acute_naive" type="constant" value="98.6387046819" />
		<parameter constant_type="double" name="mean_days_acute_rechallenged" type="constant" value="44.138352918" />
		<parameter constant_type="double" name="mean_days_naive_to_infectious" type="constant" value="2.75514836372" />
		<parameter constant_type="double" name="mean_enrichment_ChicagoNonNEP" type="constant" value="0.61498135234" />
		<parameter constant_type="double" name="mean_enrichment_suburbs" type="constant" value="1.6711564376" />
		<parameter constant_type="double" name="mean_tie_lifetime" type="constant" value="370.047877461" />
		<parameter constant_type="double" name="net_inflow" type="constant" value="0.0" />
		<parameter constant_type="double" name="nonNEP_age_boost" type="constant" value="2.84141455105" />
		<parameter constant_type="double" name="nonNEP_age_started_boost" type="constant" value="0.732391497572" />
		<parameter constant_type="double" name="nonNEP_degree_boost" type="constant" value="0.227130194713" />
		<parameter constant_type="double" name="nonNEP_hcv_ab_boost" type="constant" value="0.00418922543003" />
		<parameter constant_type="double" name="nonNEP_injection_ratio" type="constant" value="0.846431872163" />
		<parameter constant_type="double" name="nonNEP_sharing_boost" type="constant" value="0.294167125401" />
		<parameter constant_type="string" name="output_directory" type="constant" value="output" />
		<parameter constant_type="double" name="prob_cessation" type="constant" value="0.147204945421" />
		<parameter constant_type="double" name="prob_infected_when_arrive" type="constant" value="0.0563005354045" />
		<parameter constant_type="double" name="prob_self_limiting_female" type="constant" value="0.345153619242" />
		<parameter constant_type="double" name="prob_self_limiting_male" type="constant" value="0.119308624523" />
		<parameter constant_type="double" name="prob_clearing" type="constant" value="0.774720443897" />
		<parameter constant_type="double" name="pwid_maturity_threshold" type="constant" value="6.16329811003" />
        <parameter comment="365*5 + 365 burnin" constant_type="number" name="run_length" shortvalue="4015" type="constant" value="4040" />
        <parameter constant_type="double" name="status_report_frequency" type="constant" value="365.0" />
        <parameter constant_type="double" name="transmissibility" type="constant" value="0.0183109081955" />
        <parameter constant_type="string" name="NEP_data" simulated_value="datagen/NEP_mock_2014.csv" type="constant" value="data/NEP_Risk_Base_Merge.csv" />
        <parameter constant_type="string" name="NHBS_data" simulated_value="datagen/NHBS_mock_2014.csv" type="constant" value="data/IDU2_HCV_model_012913_cleaned.csv" value2012="data/IDU3_2012-2014-04-17.csv" />
</sweep>