<sweep jobNum="181" runs="1">
		
		<parameter constant_type="double" name="ab_prob_acute" type="constant" value="0.0252841230383" />
		<parameter constant_type="double" name="ab_prob_chronic" type="constant" value="0.59394307123" />
		<parameter constant_type="double" name="attrition_rate" type="constant" value="0.0150998095768" />
		<parameter constant_type="double" name="burn_in_days" type="constant" value="365.0" value_nob="0" />
		<parameter constant_type="number" name="dump_network_distances" type="constant" value="-1" />
		<parameter constant_type="double" name="homophily_strength" type="constant" value="0.680773250692" />
		<parameter constant_type="number" name="initial_pwid_count" type="constant" value="30028" />
		<parameter constant_type="double" name="interaction_home_cutoff" type="constant" value="1.64167125401" />
		<parameter constant_type="double" name="interaction_rate_constant" type="constant" value="0.0207942609394" />
		<parameter constant_type="double" name="interaction_rate_at_drug_sites" type="constant" value="0.000109032952279" />
		<parameter constant_type="double" name="interaction_rate_exzone" type="constant" value="0.0771980293308" />
		<parameter constant_type="double" name="mean_career_duration" type="constant" value="22.0745980317" />
        <parameter constant_type="double" name="mean_days_acute_naive" type="constant" value="77.8097874393" />
		<parameter constant_type="double" name="mean_days_acute_rechallenged" type="constant" value="30.9194578879" />
		<parameter constant_type="double" name="mean_days_naive_to_infectious" type="constant" value="3.58841789367" />
		<parameter constant_type="double" name="mean_enrichment_ChicagoNonNEP" type="constant" value="0.375464208624" />
		<parameter constant_type="double" name="mean_enrichment_suburbs" type="constant" value="2.16403838039" />
		<parameter constant_type="double" name="mean_tie_lifetime" type="constant" value="477.817525675" />
		<parameter constant_type="double" name="net_inflow" type="constant" value="0.0" />
		<parameter constant_type="double" name="nonNEP_age_boost" type="constant" value="3.51928518901" />
		<parameter constant_type="double" name="nonNEP_age_started_boost" type="constant" value="1.79998920887" />
		<parameter constant_type="double" name="nonNEP_degree_boost" type="constant" value="0.177732104312" />
		<parameter constant_type="double" name="nonNEP_hcv_ab_boost" type="constant" value="0.00828586006947" />
		<parameter constant_type="double" name="nonNEP_injection_ratio" type="constant" value="0.887262215719" />
		<parameter constant_type="double" name="nonNEP_sharing_boost" type="constant" value="0.25087814324" />
		<parameter constant_type="string" name="output_directory" type="constant" value="output" />
		<parameter constant_type="double" name="prob_cessation" type="constant" value="0.20032241926" />
		<parameter constant_type="double" name="prob_infected_when_arrive" type="constant" value="0.0259185076736" />
		<parameter constant_type="double" name="prob_self_limiting_female" type="constant" value="0.384114506567" />
		<parameter constant_type="double" name="prob_self_limiting_male" type="constant" value="0.11559824633" />
		<parameter constant_type="double" name="prob_clearing" type="constant" value="0.829027061577" />
		<parameter constant_type="double" name="pwid_maturity_threshold" type="constant" value="4.86871002696" />
        <parameter comment="365*5 + 365 burnin" constant_type="number" name="run_length" shortvalue="4015" type="constant" value="4040" />
        <parameter constant_type="double" name="status_report_frequency" type="constant" value="365.0" />
        <parameter constant_type="double" name="transmissibility" type="constant" value="0.0137993196269" />
        <parameter constant_type="string" name="NEP_data" simulated_value="datagen/NEP_mock_2014.csv" type="constant" value="data/NEP_Risk_Base_Merge.csv" />
        <parameter constant_type="string" name="NHBS_data" simulated_value="datagen/NHBS_mock_2014.csv" type="constant" value="data/IDU2_HCV_model_012913_cleaned.csv" value2012="data/IDU3_2012-2014-04-17.csv" />
</sweep>