<sweep jobNum="188" runs="1">
		
		<parameter constant_type="double" name="ab_prob_acute" type="constant" value="0.0194578390656" />
		<parameter constant_type="double" name="ab_prob_chronic" type="constant" value="0.496336187608" />
		<parameter constant_type="double" name="attrition_rate" type="constant" value="0.0498618482978" />
		<parameter constant_type="double" name="burn_in_days" type="constant" value="365.0" value_nob="0" />
		<parameter constant_type="number" name="dump_network_distances" type="constant" value="-1" />
		<parameter constant_type="double" name="homophily_strength" type="constant" value="0.622428788465" />
		<parameter constant_type="number" name="initial_pwid_count" type="constant" value="31209" />
		<parameter constant_type="double" name="interaction_home_cutoff" type="constant" value="2.27435087107" />
		<parameter constant_type="double" name="interaction_rate_constant" type="constant" value="0.0133682301823" />
		<parameter constant_type="double" name="interaction_rate_at_drug_sites" type="constant" value="0.000103854123042" />
		<parameter constant_type="double" name="interaction_rate_exzone" type="constant" value="0.093912185676" />
		<parameter constant_type="double" name="mean_career_duration" type="constant" value="27.6397672151" />
        <parameter constant_type="double" name="mean_days_acute_naive" type="constant" value="115.870852281" />
		<parameter constant_type="double" name="mean_days_acute_rechallenged" type="constant" value="30.1144726527" />
		<parameter constant_type="double" name="mean_days_naive_to_infectious" type="constant" value="3.25073364393" />
		<parameter constant_type="double" name="mean_enrichment_ChicagoNonNEP" type="constant" value="0.372682321254" />
		<parameter constant_type="double" name="mean_enrichment_suburbs" type="constant" value="1.66404160488" />
		<parameter constant_type="double" name="mean_tie_lifetime" type="constant" value="519.034448159" />
		<parameter constant_type="double" name="net_inflow" type="constant" value="0.0" />
		<parameter constant_type="double" name="nonNEP_age_boost" type="constant" value="3.27969019271" />
		<parameter constant_type="double" name="nonNEP_age_started_boost" type="constant" value="2.07052039704" />
		<parameter constant_type="double" name="nonNEP_degree_boost" type="constant" value="0.240855634832" />
		<parameter constant_type="double" name="nonNEP_hcv_ab_boost" type="constant" value="0.0122439642378" />
		<parameter constant_type="double" name="nonNEP_injection_ratio" type="constant" value="0.814594774115" />
		<parameter constant_type="double" name="nonNEP_sharing_boost" type="constant" value="0.307859405479" />
		<parameter constant_type="string" name="output_directory" type="constant" value="output" />
		<parameter constant_type="double" name="prob_cessation" type="constant" value="0.314967610513" />
		<parameter constant_type="double" name="prob_infected_when_arrive" type="constant" value="0.059559123516" />
		<parameter constant_type="double" name="prob_self_limiting_female" type="constant" value="0.332469600721" />
		<parameter constant_type="double" name="prob_self_limiting_male" type="constant" value="0.117815464447" />
		<parameter constant_type="double" name="prob_clearing" type="constant" value="0.933892948911" />
		<parameter constant_type="double" name="pwid_maturity_threshold" type="constant" value="5.79014406446" />
        <parameter comment="365*5 + 365 burnin" constant_type="number" name="run_length" shortvalue="4015" type="constant" value="4040" />
        <parameter constant_type="double" name="status_report_frequency" type="constant" value="365.0" />
        <parameter constant_type="double" name="transmissibility" type="constant" value="0.0120256321992" />
        <parameter constant_type="string" name="NEP_data" simulated_value="datagen/NEP_mock_2014.csv" type="constant" value="data/NEP_Risk_Base_Merge.csv" />
        <parameter constant_type="string" name="NHBS_data" simulated_value="datagen/NHBS_mock_2014.csv" type="constant" value="data/IDU2_HCV_model_012913_cleaned.csv" value2012="data/IDU3_2012-2014-04-17.csv" />
</sweep>