<sweep jobNum="229" runs="1">
		
		<parameter constant_type="double" name="ab_prob_acute" type="constant" value="0.0208853002799" />
		<parameter constant_type="double" name="ab_prob_chronic" type="constant" value="0.642088644632" />
		<parameter constant_type="double" name="attrition_rate" type="constant" value="0.0705333188672" />
		<parameter constant_type="double" name="burn_in_days" type="constant" value="365.0" value_nob="0" />
		<parameter constant_type="number" name="dump_network_distances" type="constant" value="-1" />
		<parameter constant_type="double" name="homophily_strength" type="constant" value="0.76576871248" />
		<parameter constant_type="number" name="initial_pwid_count" type="constant" value="33777" />
		<parameter constant_type="double" name="interaction_home_cutoff" type="constant" value="2.03137804265" />
		<parameter constant_type="double" name="interaction_rate_constant" type="constant" value="0.0218605517251" />
		<parameter constant_type="double" name="interaction_rate_at_drug_sites" type="constant" value="5.84576565744e-05" />
		<parameter constant_type="double" name="interaction_rate_exzone" type="constant" value="0.083610219121" />
		<parameter constant_type="double" name="mean_career_duration" type="constant" value="29.0231673889" />
        <parameter constant_type="double" name="mean_days_acute_naive" type="constant" value="104.786538378" />
		<parameter constant_type="double" name="mean_days_acute_rechallenged" type="constant" value="30.2292307022" />
		<parameter constant_type="double" name="mean_days_naive_to_infectious" type="constant" value="2.87130194713" />
		<parameter constant_type="double" name="mean_enrichment_ChicagoNonNEP" type="constant" value="0.371282119435" />
		<parameter constant_type="double" name="mean_enrichment_suburbs" type="constant" value="1.61980501039" />
		<parameter constant_type="double" name="mean_tie_lifetime" type="constant" value="866.882004852" />
		<parameter constant_type="double" name="net_inflow" type="constant" value="0.0" />
		<parameter constant_type="double" name="nonNEP_age_boost" type="constant" value="3.39378592992" />
		<parameter constant_type="double" name="nonNEP_age_started_boost" type="constant" value="2.61432231377" />
		<parameter constant_type="double" name="nonNEP_degree_boost" type="constant" value="0.304358940283" />
		<parameter constant_type="double" name="nonNEP_hcv_ab_boost" type="constant" value="0.0121294807442" />
		<parameter constant_type="double" name="nonNEP_injection_ratio" type="constant" value="0.850427817416" />
		<parameter constant_type="double" name="nonNEP_sharing_boost" type="constant" value="0.295985999739" />
		<parameter constant_type="string" name="output_directory" type="constant" value="output" />
		<parameter constant_type="double" name="prob_cessation" type="constant" value="0.27830143595" />
		<parameter constant_type="double" name="prob_infected_when_arrive" type="constant" value="0.0174063138574" />
		<parameter constant_type="double" name="prob_self_limiting_female" type="constant" value="0.364337673078" />
		<parameter constant_type="double" name="prob_self_limiting_male" type="constant" value="0.124920735008" />
		<parameter constant_type="double" name="prob_clearing" type="constant" value="0.833092510716" />
		<parameter constant_type="double" name="pwid_maturity_threshold" type="constant" value="6.56688358788" />
        <parameter comment="365*5 + 365 burnin" constant_type="number" name="run_length" shortvalue="4015" type="constant" value="4040" />
        <parameter constant_type="double" name="status_report_frequency" type="constant" value="365.0" />
        <parameter constant_type="double" name="transmissibility" type="constant" value="0.0258642706482" />
        <parameter constant_type="string" name="NEP_data" simulated_value="datagen/NEP_mock_2014.csv" type="constant" value="data/NEP_Risk_Base_Merge.csv" />
        <parameter constant_type="string" name="NHBS_data" simulated_value="datagen/NHBS_mock_2014.csv" type="constant" value="data/IDU2_HCV_model_012913_cleaned.csv" value2012="data/IDU3_2012-2014-04-17.csv" />
</sweep>