<sweep jobNum="276" runs="1">
		
		<parameter constant_type="double" name="ab_prob_acute" type="constant" value="0.0255483409125" />
		<parameter constant_type="double" name="ab_prob_chronic" type="constant" value="0.662283219621" />
		<parameter constant_type="double" name="attrition_rate" type="constant" value="0.0117899709738" />
		<parameter constant_type="double" name="burn_in_days" type="constant" value="365.0" value_nob="0" />
		<parameter constant_type="number" name="dump_network_distances" type="constant" value="-1" />
		<parameter constant_type="double" name="homophily_strength" type="constant" value="0.673156728128" />
		<parameter constant_type="number" name="initial_pwid_count" type="constant" value="32644" />
		<parameter constant_type="double" name="interaction_home_cutoff" type="constant" value="2.47025258443" />
		<parameter constant_type="double" name="interaction_rate_constant" type="constant" value="0.0120112892117" />
		<parameter constant_type="double" name="interaction_rate_at_drug_sites" type="constant" value="6.38579705816e-05" />
		<parameter constant_type="double" name="interaction_rate_exzone" type="constant" value="0.0858003410441" />
		<parameter constant_type="double" name="mean_career_duration" type="constant" value="23.4883859211" />
        <parameter constant_type="double" name="mean_days_acute_naive" type="constant" value="95.7316589018" />
		<parameter constant_type="double" name="mean_days_acute_rechallenged" type="constant" value="16.2316421266" />
		<parameter constant_type="double" name="mean_days_naive_to_infectious" type="constant" value="2.16915313149" />
		<parameter constant_type="double" name="mean_enrichment_ChicagoNonNEP" type="constant" value="0.669413458244" />
		<parameter constant_type="double" name="mean_enrichment_suburbs" type="constant" value="2.14013932407" />
		<parameter constant_type="double" name="mean_tie_lifetime" type="constant" value="666.492025617" />
		<parameter constant_type="double" name="net_inflow" type="constant" value="0.0" />
		<parameter constant_type="double" name="nonNEP_age_boost" type="constant" value="3.09846747978" />
		<parameter constant_type="double" name="nonNEP_age_started_boost" type="constant" value="1.60574192875" />
		<parameter constant_type="double" name="nonNEP_degree_boost" type="constant" value="0.221353987153" />
		<parameter constant_type="double" name="nonNEP_hcv_ab_boost" type="constant" value="0.0198728962698" />
		<parameter constant_type="double" name="nonNEP_injection_ratio" type="constant" value="0.853568127837" />
		<parameter constant_type="double" name="nonNEP_sharing_boost" type="constant" value="0.309609809135" />
		<parameter constant_type="string" name="output_directory" type="constant" value="output" />
		<parameter constant_type="double" name="prob_cessation" type="constant" value="0.249989739076" />
		<parameter constant_type="double" name="prob_infected_when_arrive" type="constant" value="0.0464587988805" />
		<parameter constant_type="double" name="prob_self_limiting_female" type="constant" value="0.353145641093" />
		<parameter constant_type="double" name="prob_self_limiting_male" type="constant" value="0.138363046198" />
		<parameter constant_type="double" name="prob_clearing" type="constant" value="0.834825938643" />
		<parameter constant_type="double" name="pwid_maturity_threshold" type="constant" value="6.12299955123" />
        <parameter comment="365*5 + 365 burnin" constant_type="number" name="run_length" shortvalue="4015" type="constant" value="4040" />
        <parameter constant_type="double" name="status_report_frequency" type="constant" value="365.0" />
        <parameter constant_type="double" name="transmissibility" type="constant" value="0.0459303556261" />
        <parameter constant_type="string" name="NEP_data" simulated_value="datagen/NEP_mock_2014.csv" type="constant" value="data/NEP_Risk_Base_Merge.csv" />
        <parameter constant_type="string" name="NHBS_data" simulated_value="datagen/NHBS_mock_2014.csv" type="constant" value="data/IDU2_HCV_model_012913_cleaned.csv" value2012="data/IDU3_2012-2014-04-17.csv" />
</sweep>