<sweep jobNum="129" runs="1">
		
		<parameter constant_type="double" name="ab_prob_acute" type="constant" value="0.0250883627635" />
		<parameter constant_type="double" name="ab_prob_chronic" type="constant" value="0.664949312502" />
		<parameter constant_type="double" name="attrition_rate" type="constant" value="0.0276724005923" />
		<parameter constant_type="double" name="burn_in_days" type="constant" value="365.0" value_nob="0" />
		<parameter constant_type="number" name="dump_network_distances" type="constant" value="-1" />
		<parameter constant_type="double" name="homophily_strength" type="constant" value="0.616107051089" />
		<parameter constant_type="number" name="initial_pwid_count" type="constant" value="33245" />
		<parameter constant_type="double" name="interaction_home_cutoff" type="constant" value="1.74926635607" />
		<parameter constant_type="double" name="interaction_rate_constant" type="constant" value="0.0119255032706" />
		<parameter constant_type="double" name="interaction_rate_at_drug_sites" type="constant" value="0.000120371840093" />
		<parameter constant_type="double" name="interaction_rate_exzone" type="constant" value="0.0801835094499" />
		<parameter constant_type="double" name="mean_career_duration" type="constant" value="27.1294334254" />
        <parameter constant_type="double" name="mean_days_acute_naive" type="constant" value="102.071302129" />
		<parameter constant_type="double" name="mean_days_acute_rechallenged" type="constant" value="20.0985593554" />
		<parameter constant_type="double" name="mean_days_naive_to_infectious" type="constant" value="3.61576932277" />
		<parameter constant_type="double" name="mean_enrichment_ChicagoNonNEP" type="constant" value="0.311873694387" />
		<parameter constant_type="double" name="mean_enrichment_suburbs" type="constant" value="1.84496479566" />
		<parameter constant_type="double" name="mean_tie_lifetime" type="constant" value="520.854395673" />
		<parameter constant_type="double" name="net_inflow" type="constant" value="0.0" />
		<parameter constant_type="double" name="nonNEP_age_boost" type="constant" value="3.76325441452" />
		<parameter constant_type="double" name="nonNEP_age_started_boost" type="constant" value="1.96252395328" />
		<parameter constant_type="double" name="nonNEP_degree_boost" type="constant" value="0.315279556103" />
		<parameter constant_type="double" name="nonNEP_hcv_ab_boost" type="constant" value="0.0185205050402" />
		<parameter constant_type="double" name="nonNEP_injection_ratio" type="constant" value="0.883239256569" />
		<parameter constant_type="double" name="nonNEP_sharing_boost" type="constant" value="0.231400874214" />
		<parameter constant_type="string" name="output_directory" type="constant" value="output" />
		<parameter constant_type="double" name="prob_cessation" type="constant" value="0.212702264379" />
		<parameter constant_type="double" name="prob_infected_when_arrive" type="constant" value="0.0612111459254" />
		<parameter constant_type="double" name="prob_self_limiting_female" type="constant" value="0.373846561338" />
		<parameter constant_type="double" name="prob_self_limiting_male" type="constant" value="0.113557233187" />
		<parameter constant_type="double" name="prob_clearing" type="constant" value="0.91088889632" />
		<parameter constant_type="double" name="pwid_maturity_threshold" type="constant" value="3.08292262419" />
        <parameter comment="365*5 + 365 burnin" constant_type="number" name="run_length" shortvalue="4015" type="constant" value="4040" />
        <parameter constant_type="double" name="status_report_frequency" type="constant" value="365.0" />
        <parameter constant_type="double" name="transmissibility" type="constant" value="0.0167787679975" />
        <parameter constant_type="string" name="NEP_data" simulated_value="datagen/NEP_mock_2014.csv" type="constant" value="data/NEP_Risk_Base_Merge.csv" />
        <parameter constant_type="string" name="NHBS_data" simulated_value="datagen/NHBS_mock_2014.csv" type="constant" value="data/IDU2_HCV_model_012913_cleaned.csv" value2012="data/IDU3_2012-2014-04-17.csv" />
</sweep>