<sweep jobNum="92" runs="1">
		
		<parameter constant_type="double" name="ab_prob_acute" type="constant" value="0.0245122365975" />
		<parameter constant_type="double" name="ab_prob_chronic" type="constant" value="0.595538900712" />
		<parameter constant_type="double" name="attrition_rate" type="constant" value="0.0332161020998" />
		<parameter constant_type="double" name="burn_in_days" type="constant" value="365.0" value_nob="0" />
		<parameter constant_type="number" name="dump_network_distances" type="constant" value="-1" />
		<parameter constant_type="double" name="homophily_strength" type="constant" value="0.605936847193" />
		<parameter constant_type="number" name="initial_pwid_count" type="constant" value="32419" />
		<parameter constant_type="double" name="interaction_home_cutoff" type="constant" value="2.82281816511" />
		<parameter constant_type="double" name="interaction_rate_constant" type="constant" value="0.0207006507636" />
		<parameter constant_type="double" name="interaction_rate_at_drug_sites" type="constant" value="0.000101568902132" />
		<parameter constant_type="double" name="interaction_rate_exzone" type="constant" value="0.0827192323922" />
		<parameter constant_type="double" name="mean_career_duration" type="constant" value="28.5854916967" />
        <parameter constant_type="double" name="mean_days_acute_naive" type="constant" value="118.797919756" />
		<parameter constant_type="double" name="mean_days_acute_rechallenged" type="constant" value="25.0805421121" />
		<parameter constant_type="double" name="mean_days_naive_to_infectious" type="constant" value="3.174864036" />
		<parameter constant_type="double" name="mean_enrichment_ChicagoNonNEP" type="constant" value="0.33861647082" />
		<parameter constant_type="double" name="mean_enrichment_suburbs" type="constant" value="2.19138368648" />
		<parameter constant_type="double" name="mean_tie_lifetime" type="constant" value="850.815865669" />
		<parameter constant_type="double" name="net_inflow" type="constant" value="0.0" />
		<parameter constant_type="double" name="nonNEP_age_boost" type="constant" value="3.28840123963" />
		<parameter constant_type="double" name="nonNEP_age_started_boost" type="constant" value="2.46038997922" />
		<parameter constant_type="double" name="nonNEP_degree_boost" type="constant" value="0.272807676078" />
		<parameter constant_type="double" name="nonNEP_hcv_ab_boost" type="constant" value="0.00962178247448" />
		<parameter constant_type="double" name="nonNEP_injection_ratio" type="constant" value="0.854712903563" />
		<parameter constant_type="double" name="nonNEP_sharing_boost" type="constant" value="0.363410230425" />
		<parameter constant_type="string" name="output_directory" type="constant" value="output" />
		<parameter constant_type="double" name="prob_cessation" type="constant" value="0.219633953882" />
		<parameter constant_type="double" name="prob_infected_when_arrive" type="constant" value="0.0607373087488" />
		<parameter constant_type="double" name="prob_self_limiting_female" type="constant" value="0.367417699121" />
		<parameter constant_type="double" name="prob_self_limiting_male" type="constant" value="0.110530860388" />
		<parameter constant_type="double" name="prob_clearing" type="constant" value="0.839427636737" />
		<parameter constant_type="double" name="pwid_maturity_threshold" type="constant" value="6.53605701707" />
        <parameter comment="365*5 + 365 burnin" constant_type="number" name="run_length" shortvalue="4015" type="constant" value="4040" />
        <parameter constant_type="double" name="status_report_frequency" type="constant" value="365.0" />
        <parameter constant_type="double" name="transmissibility" type="constant" value="0.0161320443294" />
        <parameter constant_type="string" name="NEP_data" simulated_value="datagen/NEP_mock_2014.csv" type="constant" value="data/NEP_Risk_Base_Merge.csv" />
        <parameter constant_type="string" name="NHBS_data" simulated_value="datagen/NHBS_mock_2014.csv" type="constant" value="data/IDU2_HCV_model_012913_cleaned.csv" value2012="data/IDU3_2012-2014-04-17.csv" />
</sweep>