<sweep jobNum="164" runs="1">
		
		<parameter constant_type="double" name="ab_prob_acute" type="constant" value="0.0112817494777" />
		<parameter constant_type="double" name="ab_prob_chronic" type="constant" value="0.680272002007" />
		<parameter constant_type="double" name="attrition_rate" type="constant" value="0.0489475050368" />
		<parameter constant_type="double" name="burn_in_days" type="constant" value="365.0" value_nob="0" />
		<parameter constant_type="number" name="dump_network_distances" type="constant" value="-1" />
		<parameter constant_type="double" name="homophily_strength" type="constant" value="0.618515784644" />
		<parameter constant_type="number" name="initial_pwid_count" type="constant" value="31788" />
		<parameter constant_type="double" name="interaction_home_cutoff" type="constant" value="1.78443600911" />
		<parameter constant_type="double" name="interaction_rate_constant" type="constant" value="0.0133304970496" />
		<parameter constant_type="double" name="interaction_rate_at_drug_sites" type="constant" value="0.000103568127837" />
		<parameter constant_type="double" name="interaction_rate_exzone" type="constant" value="0.0854007043853" />
		<parameter constant_type="double" name="mean_career_duration" type="constant" value="34.5696631388" />
        <parameter constant_type="double" name="mean_days_acute_naive" type="constant" value="113.438703964" />
		<parameter constant_type="double" name="mean_days_acute_rechallenged" type="constant" value="37.024473195" />
		<parameter constant_type="double" name="mean_days_naive_to_infectious" type="constant" value="2.96291444391" />
		<parameter constant_type="double" name="mean_enrichment_ChicagoNonNEP" type="constant" value="0.576553474591" />
		<parameter constant_type="double" name="mean_enrichment_suburbs" type="constant" value="1.93277409364" />
		<parameter constant_type="double" name="mean_tie_lifetime" type="constant" value="733.352780199" />
		<parameter constant_type="double" name="net_inflow" type="constant" value="0.0" />
		<parameter constant_type="double" name="nonNEP_age_boost" type="constant" value="3.71494986726" />
		<parameter constant_type="double" name="nonNEP_age_started_boost" type="constant" value="1.80572363263" />
		<parameter constant_type="double" name="nonNEP_degree_boost" type="constant" value="0.174937789988" />
		<parameter constant_type="double" name="nonNEP_hcv_ab_boost" type="constant" value="0.0068375239856" />
		<parameter constant_type="double" name="nonNEP_injection_ratio" type="constant" value="0.817820529859" />
		<parameter constant_type="double" name="nonNEP_sharing_boost" type="constant" value="0.330855634832" />
		<parameter constant_type="string" name="output_directory" type="constant" value="output" />
		<parameter constant_type="double" name="prob_cessation" type="constant" value="0.155113203027" />
		<parameter constant_type="double" name="prob_infected_when_arrive" type="constant" value="0.0876252611227" />
		<parameter constant_type="double" name="prob_self_limiting_female" type="constant" value="0.377235232826" />
		<parameter constant_type="double" name="prob_self_limiting_male" type="constant" value="0.1115630078" />
		<parameter constant_type="double" name="prob_clearing" type="constant" value="0.815985999739" />
		<parameter constant_type="double" name="pwid_maturity_threshold" type="constant" value="3.90361406324" />
        <parameter comment="365*5 + 365 burnin" constant_type="number" name="run_length" shortvalue="4015" type="constant" value="4040" />
        <parameter constant_type="double" name="status_report_frequency" type="constant" value="365.0" />
        <parameter constant_type="double" name="transmissibility" type="constant" value="0.0483523514935" />
        <parameter constant_type="string" name="NEP_data" simulated_value="datagen/NEP_mock_2014.csv" type="constant" value="data/NEP_Risk_Base_Merge.csv" />
        <parameter constant_type="string" name="NHBS_data" simulated_value="datagen/NHBS_mock_2014.csv" type="constant" value="data/IDU2_HCV_model_012913_cleaned.csv" value2012="data/IDU3_2012-2014-04-17.csv" />
</sweep>