<sweep jobNum="122" runs="1">
		
		<parameter constant_type="double" name="ab_prob_acute" type="constant" value="0.0132091721177" />
		<parameter constant_type="double" name="ab_prob_chronic" type="constant" value="0.587430034764" />
		<parameter constant_type="double" name="attrition_rate" type="constant" value="0.0484966782217" />
		<parameter constant_type="double" name="burn_in_days" type="constant" value="365.0" value_nob="0" />
		<parameter constant_type="number" name="dump_network_distances" type="constant" value="-1" />
		<parameter constant_type="double" name="homophily_strength" type="constant" value="0.670187785588" />
		<parameter constant_type="number" name="initial_pwid_count" type="constant" value="33460" />
		<parameter constant_type="double" name="interaction_home_cutoff" type="constant" value="1.06820984301" />
		<parameter constant_type="double" name="interaction_rate_constant" type="constant" value="0.0143894036877" />
		<parameter constant_type="double" name="interaction_rate_at_drug_sites" type="constant" value="0.000128074988781" />
		<parameter constant_type="double" name="interaction_rate_exzone" type="constant" value="0.0944706729122" />
		<parameter constant_type="double" name="mean_career_duration" type="constant" value="31.697557895" />
        <parameter constant_type="double" name="mean_days_acute_naive" type="constant" value="115.210307596" />
		<parameter constant_type="double" name="mean_days_acute_rechallenged" type="constant" value="29.0843218688" />
		<parameter constant_type="double" name="mean_days_naive_to_infectious" type="constant" value="2.65985999739" />
		<parameter constant_type="double" name="mean_enrichment_ChicagoNonNEP" type="constant" value="0.662968430713" />
		<parameter constant_type="double" name="mean_enrichment_suburbs" type="constant" value="1.89221800456" />
		<parameter constant_type="double" name="mean_tie_lifetime" type="constant" value="549.493585076" />
		<parameter constant_type="double" name="net_inflow" type="constant" value="0.0" />
		<parameter constant_type="double" name="nonNEP_age_boost" type="constant" value="3.52837942209" />
		<parameter constant_type="double" name="nonNEP_age_started_boost" type="constant" value="2.58863123456" />
		<parameter constant_type="double" name="nonNEP_degree_boost" type="constant" value="0.220773250692" />
		<parameter constant_type="double" name="nonNEP_hcv_ab_boost" type="constant" value="0.00502606040208" />
		<parameter constant_type="double" name="nonNEP_injection_ratio" type="constant" value="0.875117719745" />
		<parameter constant_type="double" name="nonNEP_sharing_boost" type="constant" value="0.325149560531" />
		<parameter constant_type="string" name="output_directory" type="constant" value="output" />
		<parameter constant_type="double" name="prob_cessation" type="constant" value="0.205085573344" />
		<parameter constant_type="double" name="prob_infected_when_arrive" type="constant" value="0.0624028163471" />
		<parameter constant_type="double" name="prob_self_limiting_female" type="constant" value="0.380412420406" />
		<parameter constant_type="double" name="prob_self_limiting_male" type="constant" value="0.102679469331" />
		<parameter constant_type="double" name="prob_clearing" type="constant" value="0.826688722756" />
		<parameter constant_type="double" name="pwid_maturity_threshold" type="constant" value="3.28947684018" />
        <parameter comment="365*5 + 365 burnin" constant_type="number" name="run_length" shortvalue="4015" type="constant" value="4040" />
        <parameter constant_type="double" name="status_report_frequency" type="constant" value="365.0" />
        <parameter constant_type="double" name="transmissibility" type="constant" value="0.027498302584" />
        <parameter constant_type="string" name="NEP_data" simulated_value="datagen/NEP_mock_2014.csv" type="constant" value="data/NEP_Risk_Base_Merge.csv" />
        <parameter constant_type="string" name="NHBS_data" simulated_value="datagen/NHBS_mock_2014.csv" type="constant" value="data/IDU2_HCV_model_012913_cleaned.csv" value2012="data/IDU3_2012-2014-04-17.csv" />
</sweep>