<sweep jobNum="7" runs="1">
		
		<parameter constant_type="double" name="ab_prob_acute" type="constant" value="0.0241364250623" />
		<parameter constant_type="double" name="ab_prob_chronic" type="constant" value="0.735757219431" />
		<parameter constant_type="double" name="attrition_rate" type="constant" value="0.0152811087287" />
		<parameter constant_type="double" name="burn_in_days" type="constant" value="365.0" value_nob="0" />
		<parameter constant_type="number" name="dump_network_distances" type="constant" value="-1" />
		<parameter constant_type="double" name="homophily_strength" type="constant" value="0.609430776252" />
		<parameter constant_type="number" name="initial_pwid_count" type="constant" value="30354" />
		<parameter constant_type="double" name="interaction_home_cutoff" type="constant" value="2.58841789367" />
		<parameter constant_type="double" name="interaction_rate_constant" type="constant" value="0.0132926580415" />
		<parameter constant_type="double" name="interaction_rate_at_drug_sites" type="constant" value="5.92578923218e-05" />
		<parameter constant_type="double" name="interaction_rate_exzone" type="constant" value="0.0839609809135" />
		<parameter constant_type="double" name="mean_career_duration" type="constant" value="31.8225601996" />
        <parameter constant_type="double" name="mean_days_acute_naive" type="constant" value="83.5566168633" />
		<parameter constant_type="double" name="mean_days_acute_rechallenged" type="constant" value="25.3109637455" />
		<parameter constant_type="double" name="mean_days_naive_to_infectious" type="constant" value="3.48945334204" />
		<parameter constant_type="double" name="mean_enrichment_ChicagoNonNEP" type="constant" value="0.515416492167" />
		<parameter constant_type="double" name="mean_enrichment_suburbs" type="constant" value="2.0128357756" />
		<parameter constant_type="double" name="mean_tie_lifetime" type="constant" value="826.780073038" />
		<parameter constant_type="double" name="net_inflow" type="constant" value="0.0" />
		<parameter constant_type="double" name="nonNEP_age_boost" type="constant" value="3.62979627218" />
		<parameter constant_type="double" name="nonNEP_age_started_boost" type="constant" value="2.29521380013" />
		<parameter constant_type="double" name="nonNEP_degree_boost" type="constant" value="0.188466039256" />
		<parameter constant_type="double" name="nonNEP_hcv_ab_boost" type="constant" value="0.0155788854877" />
		<parameter constant_type="double" name="nonNEP_injection_ratio" type="constant" value="0.819211533861" />
		<parameter constant_type="double" name="nonNEP_sharing_boost" type="constant" value="0.400079394458" />
		<parameter constant_type="string" name="output_directory" type="constant" value="output" />
		<parameter constant_type="double" name="prob_cessation" type="constant" value="0.273279199213" />
		<parameter constant_type="double" name="prob_infected_when_arrive" type="constant" value="0.0517117711157" />
		<parameter constant_type="double" name="prob_self_limiting_female" type="constant" value="0.317168245784" />
		<parameter constant_type="double" name="prob_self_limiting_male" type="constant" value="0.131910596582" />
		<parameter constant_type="double" name="prob_clearing" type="constant" value="0.838853846489" />
		<parameter constant_type="double" name="pwid_maturity_threshold" type="constant" value="5.65615352156" />
        <parameter comment="365*5 + 365 burnin" constant_type="number" name="run_length" shortvalue="4015" type="constant" value="4040" />
        <parameter constant_type="double" name="status_report_frequency" type="constant" value="365.0" />
        <parameter constant_type="double" name="transmissibility" type="constant" value="0.0099541436253" />
        <parameter constant_type="string" name="NEP_data" simulated_value="datagen/NEP_mock_2014.csv" type="constant" value="data/NEP_Risk_Base_Merge.csv" />
        <parameter constant_type="string" name="NHBS_data" simulated_value="datagen/NHBS_mock_2014.csv" type="constant" value="data/IDU2_HCV_model_012913_cleaned.csv" value2012="data/IDU3_2012-2014-04-17.csv" />
</sweep>