<sweep jobNum="156" runs="1">
		
		<parameter constant_type="double" name="ab_prob_acute" type="constant" value="0.0283084686851" />
		<parameter constant_type="double" name="ab_prob_chronic" type="constant" value="0.532393033032" />
		<parameter constant_type="double" name="attrition_rate" type="constant" value="0.0106634807975" />
		<parameter constant_type="double" name="burn_in_days" type="constant" value="365.0" value_nob="0" />
		<parameter constant_type="number" name="dump_network_distances" type="constant" value="-1" />
		<parameter constant_type="double" name="homophily_strength" type="constant" value="0.685978997281" />
		<parameter constant_type="number" name="initial_pwid_count" type="constant" value="31522" />
		<parameter constant_type="double" name="interaction_home_cutoff" type="constant" value="2.92302103043" />
		<parameter constant_type="double" name="interaction_rate_constant" type="constant" value="0.0194898943301" />
		<parameter constant_type="double" name="interaction_rate_at_drug_sites" type="constant" value="8.1779109963e-05" />
		<parameter constant_type="double" name="interaction_rate_exzone" type="constant" value="0.0785475568561" />
		<parameter constant_type="double" name="mean_career_duration" type="constant" value="34.6355276439" />
        <parameter constant_type="double" name="mean_days_acute_naive" type="constant" value="120.63110786" />
		<parameter constant_type="double" name="mean_days_acute_rechallenged" type="constant" value="46.6358031397" />
		<parameter constant_type="double" name="mean_days_naive_to_infectious" type="constant" value="2.37038155156" />
		<parameter constant_type="double" name="mean_enrichment_ChicagoNonNEP" type="constant" value="0.337031569287" />
		<parameter constant_type="double" name="mean_enrichment_suburbs" type="constant" value="2.26749126597" />
		<parameter constant_type="double" name="mean_tie_lifetime" type="constant" value="513.550192514" />
		<parameter constant_type="double" name="net_inflow" type="constant" value="0.0" />
		<parameter constant_type="double" name="nonNEP_age_boost" type="constant" value="3.17580466451" />
		<parameter constant_type="double" name="nonNEP_age_started_boost" type="constant" value="1.6857391101" />
		<parameter constant_type="double" name="nonNEP_degree_boost" type="constant" value="0.303658839373" />
		<parameter constant_type="double" name="nonNEP_hcv_ab_boost" type="constant" value="0.000154812543032" />
		<parameter constant_type="double" name="nonNEP_injection_ratio" type="constant" value="0.805143545303" />
		<parameter constant_type="double" name="nonNEP_sharing_boost" type="constant" value="0.380883627635" />
		<parameter constant_type="string" name="output_directory" type="constant" value="output" />
		<parameter constant_type="double" name="prob_cessation" type="constant" value="0.180391342544" />
		<parameter constant_type="double" name="prob_infected_when_arrive" type="constant" value="0.0713993012779" />
		<parameter constant_type="double" name="prob_self_limiting_female" type="constant" value="0.320791110452" />
		<parameter constant_type="double" name="prob_self_limiting_male" type="constant" value="0.107814264656" />
		<parameter constant_type="double" name="prob_clearing" type="constant" value="0.876843271872" />
		<parameter constant_type="double" name="pwid_maturity_threshold" type="constant" value="3.80957239973" />
        <parameter comment="365*5 + 365 burnin" constant_type="number" name="run_length" shortvalue="4015" type="constant" value="4040" />
        <parameter constant_type="double" name="status_report_frequency" type="constant" value="365.0" />
        <parameter constant_type="double" name="transmissibility" type="constant" value="0.0401683641381" />
        <parameter constant_type="string" name="NEP_data" simulated_value="datagen/NEP_mock_2014.csv" type="constant" value="data/NEP_Risk_Base_Merge.csv" />
        <parameter constant_type="string" name="NHBS_data" simulated_value="datagen/NHBS_mock_2014.csv" type="constant" value="data/IDU2_HCV_model_012913_cleaned.csv" value2012="data/IDU3_2012-2014-04-17.csv" />
</sweep>