<sweep jobNum="271" runs="1">
		
		<parameter constant_type="double" name="ab_prob_acute" type="constant" value="0.0266478513138" />
		<parameter constant_type="double" name="ab_prob_chronic" type="constant" value="0.624705841503" />
		<parameter constant_type="double" name="attrition_rate" type="constant" value="0.038810452103" />
		<parameter constant_type="double" name="burn_in_days" type="constant" value="365.0" value_nob="0" />
		<parameter constant_type="number" name="dump_network_distances" type="constant" value="-1" />
		<parameter constant_type="double" name="homophily_strength" type="constant" value="0.707136255675" />
		<parameter constant_type="number" name="initial_pwid_count" type="constant" value="33475" />
		<parameter constant_type="double" name="interaction_home_cutoff" type="constant" value="2.19226749308" />
		<parameter constant_type="double" name="interaction_rate_constant" type="constant" value="0.0102487678726" />
		<parameter constant_type="double" name="interaction_rate_at_drug_sites" type="constant" value="7.83821626207e-05" />
		<parameter constant_type="double" name="interaction_rate_exzone" type="constant" value="0.0924358940283" />
		<parameter constant_type="double" name="mean_career_duration" type="constant" value="31.6351098945" />
        <parameter constant_type="double" name="mean_days_acute_naive" type="constant" value="100.358875337" />
		<parameter constant_type="double" name="mean_days_acute_rechallenged" type="constant" value="40.7317678746" />
		<parameter constant_type="double" name="mean_days_naive_to_infectious" type="constant" value="2.91146997201" />
		<parameter constant_type="double" name="mean_enrichment_ChicagoNonNEP" type="constant" value="0.470805421121" />
		<parameter constant_type="double" name="mean_enrichment_suburbs" type="constant" value="1.99286955505" />
		<parameter constant_type="double" name="mean_tie_lifetime" type="constant" value="776.302007281" />
		<parameter constant_type="double" name="net_inflow" type="constant" value="0.0" />
		<parameter constant_type="double" name="nonNEP_age_boost" type="constant" value="2.45337329889" />
		<parameter constant_type="double" name="nonNEP_age_started_boost" type="constant" value="2.25483409125" />
		<parameter constant_type="double" name="nonNEP_degree_boost" type="constant" value="0.141400874214" />
		<parameter constant_type="double" name="nonNEP_hcv_ab_boost" type="constant" value="0.0115589769152" />
		<parameter constant_type="double" name="nonNEP_injection_ratio" type="constant" value="0.833896844727" />
		<parameter constant_type="double" name="nonNEP_sharing_boost" type="constant" value="0.245293270878" />
		<parameter constant_type="string" name="output_directory" type="constant" value="output" />
		<parameter constant_type="double" name="prob_cessation" type="constant" value="0.260542050691" />
		<parameter constant_type="double" name="prob_infected_when_arrive" type="constant" value="0.0662974720745" />
		<parameter constant_type="double" name="prob_self_limiting_female" type="constant" value="0.341448075635" />
		<parameter constant_type="double" name="prob_self_limiting_male" type="constant" value="0.128854496272" />
		<parameter constant_type="double" name="prob_clearing" type="constant" value="0.804877634025" />
		<parameter constant_type="double" name="pwid_maturity_threshold" type="constant" value="4.97147822021" />
        <parameter comment="365*5 + 365 burnin" constant_type="number" name="run_length" shortvalue="4015" type="constant" value="4040" />
        <parameter constant_type="double" name="status_report_frequency" type="constant" value="365.0" />
        <parameter constant_type="double" name="transmissibility" type="constant" value="0.0283507172508" />
        <parameter constant_type="string" name="NEP_data" simulated_value="datagen/NEP_mock_2014.csv" type="constant" value="data/NEP_Risk_Base_Merge.csv" />
        <parameter constant_type="string" name="NHBS_data" simulated_value="datagen/NHBS_mock_2014.csv" type="constant" value="data/IDU2_HCV_model_012913_cleaned.csv" value2012="data/IDU3_2012-2014-04-17.csv" />
</sweep>