<sweep jobNum="49" runs="1">
		
		<parameter constant_type="double" name="ab_prob_acute" type="constant" value="0.0297675862085" />
		<parameter constant_type="double" name="ab_prob_chronic" type="constant" value="0.526119832948" />
		<parameter constant_type="double" name="attrition_rate" type="constant" value="0.0239771070331" />
		<parameter constant_type="double" name="burn_in_days" type="constant" value="365.0" value_nob="0" />
		<parameter constant_type="number" name="dump_network_distances" type="constant" value="-1" />
		<parameter constant_type="double" name="homophily_strength" type="constant" value="0.694578390656" />
		<parameter constant_type="number" name="initial_pwid_count" type="constant" value="31696" />
		<parameter constant_type="double" name="interaction_home_cutoff" type="constant" value="1.53610898773" />
		<parameter constant_type="double" name="interaction_rate_constant" type="constant" value="0.0130632799477" />
		<parameter constant_type="double" name="interaction_rate_at_drug_sites" type="constant" value="0.000139952174495" />
		<parameter constant_type="double" name="interaction_rate_exzone" type="constant" value="0.0825985999739" />
		<parameter constant_type="double" name="mean_career_duration" type="constant" value="33.1468188918" />
        <parameter constant_type="double" name="mean_days_acute_naive" type="constant" value="101.786091292" />
		<parameter constant_type="double" name="mean_days_acute_rechallenged" type="constant" value="14.7042973723" />
		<parameter constant_type="double" name="mean_days_naive_to_infectious" type="constant" value="2.2087814324" />
		<parameter constant_type="double" name="mean_enrichment_ChicagoNonNEP" type="constant" value="0.405949483114" />
		<parameter constant_type="double" name="mean_enrichment_suburbs" type="constant" value="2.21931415148" />
		<parameter constant_type="double" name="mean_tie_lifetime" type="constant" value="485.501561525" />
		<parameter constant_type="double" name="net_inflow" type="constant" value="0.0" />
		<parameter constant_type="double" name="nonNEP_age_boost" type="constant" value="2.85861289312" />
		<parameter constant_type="double" name="nonNEP_age_started_boost" type="constant" value="1.32947960296" />
		<parameter constant_type="double" name="nonNEP_degree_boost" type="constant" value="0.207192323922" />
		<parameter constant_type="double" name="nonNEP_hcv_ab_boost" type="constant" value="0.0172243853952" />
		<parameter constant_type="double" name="nonNEP_injection_ratio" type="constant" value="0.874151668487" />
		<parameter constant_type="double" name="nonNEP_sharing_boost" type="constant" value="0.244473842009" />
		<parameter constant_type="string" name="output_directory" type="constant" value="output" />
		<parameter constant_type="double" name="prob_cessation" type="constant" value="0.247098669174" />
		<parameter constant_type="double" name="prob_infected_when_arrive" type="constant" value="0.0628825242185" />
		<parameter constant_type="double" name="prob_self_limiting_female" type="constant" value="0.328285345817" />
		<parameter constant_type="double" name="prob_self_limiting_male" type="constant" value="0.120792403396" />
		<parameter constant_type="double" name="prob_clearing" type="constant" value="0.915062210012" />
		<parameter constant_type="double" name="pwid_maturity_threshold" type="constant" value="3.72682321254" />
        <parameter comment="365*5 + 365 burnin" constant_type="number" name="run_length" shortvalue="4015" type="constant" value="4040" />
        <parameter constant_type="double" name="status_report_frequency" type="constant" value="365.0" />
        <parameter constant_type="double" name="transmissibility" type="constant" value="0.0153838460066" />
        <parameter constant_type="string" name="NEP_data" simulated_value="datagen/NEP_mock_2014.csv" type="constant" value="data/NEP_Risk_Base_Merge.csv" />
        <parameter constant_type="string" name="NHBS_data" simulated_value="datagen/NHBS_mock_2014.csv" type="constant" value="data/IDU2_HCV_model_012913_cleaned.csv" value2012="data/IDU3_2012-2014-04-17.csv" />
</sweep>