<sweep jobNum="32" runs="1">
		
		<parameter constant_type="double" name="ab_prob_acute" type="constant" value="0.0195149560531" />
		<parameter constant_type="double" name="ab_prob_chronic" type="constant" value="0.515252837918" />
		<parameter constant_type="double" name="attrition_rate" type="constant" value="0.0285567434913" />
		<parameter constant_type="double" name="burn_in_days" type="constant" value="365.0" value_nob="0" />
		<parameter constant_type="number" name="dump_network_distances" type="constant" value="-1" />
		<parameter constant_type="double" name="homophily_strength" type="constant" value="0.781484215356" />
		<parameter constant_type="number" name="initial_pwid_count" type="constant" value="33727" />
		<parameter constant_type="double" name="interaction_home_cutoff" type="constant" value="2.62961844844" />
		<parameter constant_type="double" name="interaction_rate_constant" type="constant" value="0.0161540293072" />
		<parameter constant_type="double" name="interaction_rate_at_drug_sites" type="constant" value="8.23873525972e-05" />
		<parameter constant_type="double" name="interaction_rate_exzone" type="constant" value="0.0958599125786" />
		<parameter constant_type="double" name="mean_career_duration" type="constant" value="21.5270403626" />
        <parameter constant_type="double" name="mean_days_acute_naive" type="constant" value="105.073713764" />
		<parameter constant_type="double" name="mean_days_acute_rechallenged" type="constant" value="29.3128997304" />
		<parameter constant_type="double" name="mean_days_naive_to_infectious" type="constant" value="2.96862195735" />
		<parameter constant_type="double" name="mean_enrichment_ChicagoNonNEP" type="constant" value="0.349440887794" />
		<parameter constant_type="double" name="mean_enrichment_suburbs" type="constant" value="2.26420615191" />
		<parameter constant_type="double" name="mean_tie_lifetime" type="constant" value="435.641956462" />
		<parameter constant_type="double" name="net_inflow" type="constant" value="0.0" />
		<parameter constant_type="double" name="nonNEP_age_boost" type="constant" value="3.02994884338" />
		<parameter constant_type="double" name="nonNEP_age_started_boost" type="constant" value="1.44926635607" />
		<parameter constant_type="double" name="nonNEP_degree_boost" type="constant" value="0.291533960744" />
		<parameter constant_type="double" name="nonNEP_hcv_ab_boost" type="constant" value="0.00367848935895" />
		<parameter constant_type="double" name="nonNEP_injection_ratio" type="constant" value="0.822258295437" />
		<parameter constant_type="double" name="nonNEP_sharing_boost" type="constant" value="0.342294855055" />
		<parameter constant_type="string" name="output_directory" type="constant" value="output" />
		<parameter constant_type="double" name="prob_cessation" type="constant" value="0.282145581617" />
		<parameter constant_type="double" name="prob_infected_when_arrive" type="constant" value="0.0510268620477" />
		<parameter constant_type="double" name="prob_self_limiting_female" type="constant" value="0.322394004132" />
		<parameter constant_type="double" name="prob_self_limiting_male" type="constant" value="0.122046688988" />
		<parameter constant_type="double" name="prob_clearing" type="constant" value="0.850285208517" />
		<parameter constant_type="double" name="pwid_maturity_threshold" type="constant" value="3.15395793915" />
        <parameter comment="365*5 + 365 burnin" constant_type="number" name="run_length" shortvalue="4015" type="constant" value="4040" />
        <parameter constant_type="double" name="status_report_frequency" type="constant" value="365.0" />
        <parameter constant_type="double" name="transmissibility" type="constant" value="0.0361024063661" />
        <parameter constant_type="string" name="NEP_data" simulated_value="datagen/NEP_mock_2014.csv" type="constant" value="data/NEP_Risk_Base_Merge.csv" />
        <parameter constant_type="string" name="NHBS_data" simulated_value="datagen/NHBS_mock_2014.csv" type="constant" value="data/IDU2_HCV_model_012913_cleaned.csv" value2012="data/IDU3_2012-2014-04-17.csv" />
</sweep>