<sweep jobNum="278" runs="1">
		
		<parameter constant_type="double" name="ab_prob_acute" type="constant" value="0.0209425807125" />
		<parameter constant_type="double" name="ab_prob_chronic" type="constant" value="0.734994019349" />
		<parameter constant_type="double" name="attrition_rate" type="constant" value="0.0374762639943" />
		<parameter constant_type="double" name="burn_in_days" type="constant" value="365.0" value_nob="0" />
		<parameter constant_type="number" name="dump_network_distances" type="constant" value="-1" />
		<parameter constant_type="double" name="homophily_strength" type="constant" value="0.680191865069" />
		<parameter constant_type="number" name="initial_pwid_count" type="constant" value="31379" />
		<parameter constant_type="double" name="interaction_home_cutoff" type="constant" value="2.36441780074" />
		<parameter constant_type="double" name="interaction_rate_constant" type="constant" value="0.0203370435302" />
		<parameter constant_type="double" name="interaction_rate_at_drug_sites" type="constant" value="0.000109904067466" />
		<parameter constant_type="double" name="interaction_rate_exzone" type="constant" value="0.0866564498652" />
		<parameter constant_type="double" name="mean_career_duration" type="constant" value="26.6137572523" />
        <parameter constant_type="double" name="mean_days_acute_naive" type="constant" value="79.1419421557" />
		<parameter constant_type="double" name="mean_days_acute_rechallenged" type="constant" value="12.3311641212" />
		<parameter constant_type="double" name="mean_days_naive_to_infectious" type="constant" value="2.36341160627" />
		<parameter constant_type="double" name="mean_enrichment_ChicagoNonNEP" type="constant" value="0.389033181749" />
		<parameter constant_type="double" name="mean_enrichment_suburbs" type="constant" value="2.07587030679" />
		<parameter constant_type="double" name="mean_tie_lifetime" type="constant" value="831.051895129" />
		<parameter constant_type="double" name="net_inflow" type="constant" value="0.0" />
		<parameter constant_type="double" name="nonNEP_age_boost" type="constant" value="1.91573911745" />
		<parameter constant_type="double" name="nonNEP_age_started_boost" type="constant" value="1.24245184145" />
		<parameter constant_type="double" name="nonNEP_degree_boost" type="constant" value="0.242567155119" />
		<parameter constant_type="double" name="nonNEP_hcv_ab_boost" type="constant" value="0.0109902880993" />
		<parameter constant_type="double" name="nonNEP_injection_ratio" type="constant" value="0.867612647403" />
		<parameter constant_type="double" name="nonNEP_sharing_boost" type="constant" value="0.320001079113" />
		<parameter constant_type="string" name="output_directory" type="constant" value="output" />
		<parameter constant_type="double" name="prob_cessation" type="constant" value="0.203900916693" />
		<parameter constant_type="double" name="prob_infected_when_arrive" type="constant" value="0.0375971836529" />
		<parameter constant_type="double" name="prob_self_limiting_female" type="constant" value="0.31088153533" />
		<parameter constant_type="double" name="prob_self_limiting_male" type="constant" value="0.124341334135" />
		<parameter constant_type="double" name="prob_clearing" type="constant" value="0.813558219926" />
		<parameter constant_type="double" name="pwid_maturity_threshold" type="constant" value="6.43090626524" />
        <parameter comment="365*5 + 365 burnin" constant_type="number" name="run_length" shortvalue="4015" type="constant" value="4040" />
        <parameter constant_type="double" name="status_report_frequency" type="constant" value="365.0" />
        <parameter constant_type="double" name="transmissibility" type="constant" value="0.0317352435507" />
        <parameter constant_type="string" name="NEP_data" simulated_value="datagen/NEP_mock_2014.csv" type="constant" value="data/NEP_Risk_Base_Merge.csv" />
        <parameter constant_type="string" name="NHBS_data" simulated_value="datagen/NHBS_mock_2014.csv" type="constant" value="data/IDU2_HCV_model_012913_cleaned.csv" value2012="data/IDU3_2012-2014-04-17.csv" />
</sweep>