<sweep jobNum="155" runs="1">
		
		<parameter constant_type="double" name="ab_prob_acute" type="constant" value="0.0146501746805" />
		<parameter constant_type="double" name="ab_prob_chronic" type="constant" value="0.695071671653" />
		<parameter constant_type="double" name="attrition_rate" type="constant" value="0.0294440055714" />
		<parameter constant_type="double" name="burn_in_days" type="constant" value="365.0" value_nob="0" />
		<parameter constant_type="number" name="dump_network_distances" type="constant" value="-1" />
		<parameter constant_type="double" name="homophily_strength" type="constant" value="0.675514836372" />
		<parameter constant_type="number" name="initial_pwid_count" type="constant" value="32596" />
		<parameter constant_type="double" name="interaction_home_cutoff" type="constant" value="1.653809874" />
		<parameter constant_type="double" name="interaction_rate_constant" type="constant" value="0.0112993492364" />
		<parameter constant_type="double" name="interaction_rate_at_drug_sites" type="constant" value="7.68054493865e-05" />
		<parameter constant_type="double" name="interaction_rate_exzone" type="constant" value="0.0823558219926" />
		<parameter constant_type="double" name="mean_career_duration" type="constant" value="31.8851177143" />
        <parameter constant_type="double" name="mean_days_acute_naive" type="constant" value="95.4369011681" />
		<parameter constant_type="double" name="mean_days_acute_rechallenged" type="constant" value="23.3377445512" />
		<parameter constant_type="double" name="mean_days_naive_to_infectious" type="constant" value="3.08853002799" />
		<parameter constant_type="double" name="mean_enrichment_ChicagoNonNEP" type="constant" value="0.413528650483" />
		<parameter constant_type="double" name="mean_enrichment_suburbs" type="constant" value="2.21617837379" />
		<parameter constant_type="double" name="mean_tie_lifetime" type="constant" value="561.787241568" />
		<parameter constant_type="double" name="net_inflow" type="constant" value="0.0" />
		<parameter constant_type="double" name="nonNEP_age_boost" type="constant" value="3.53749311899" />
		<parameter constant_type="double" name="nonNEP_age_started_boost" type="constant" value="1.84597289439" />
		<parameter constant_type="double" name="nonNEP_degree_boost" type="constant" value="0.243137804265" />
		<parameter constant_type="double" name="nonNEP_hcv_ab_boost" type="constant" value="0.00562700592045" />
		<parameter constant_type="double" name="nonNEP_injection_ratio" type="constant" value="0.812360221949" />
		<parameter constant_type="double" name="nonNEP_sharing_boost" type="constant" value="0.310773250692" />
		<parameter constant_type="string" name="output_directory" type="constant" value="output" />
		<parameter constant_type="double" name="prob_cessation" type="constant" value="0.325049564482" />
		<parameter constant_type="double" name="prob_infected_when_arrive" type="constant" value="0.0195844008313" />
		<parameter constant_type="double" name="prob_self_limiting_female" type="constant" value="0.324598401728" />
		<parameter constant_type="double" name="prob_self_limiting_male" type="constant" value="0.121134354752" />
		<parameter constant_type="double" name="prob_clearing" type="constant" value="0.872140594521" />
		<parameter constant_type="double" name="pwid_maturity_threshold" type="constant" value="4.18512639628" />
        <parameter comment="365*5 + 365 burnin" constant_type="number" name="run_length" shortvalue="4015" type="constant" value="4040" />
        <parameter constant_type="double" name="status_report_frequency" type="constant" value="365.0" />
        <parameter constant_type="double" name="transmissibility" type="constant" value="0.0186440508469" />
        <parameter constant_type="string" name="NEP_data" simulated_value="datagen/NEP_mock_2014.csv" type="constant" value="data/NEP_Risk_Base_Merge.csv" />
        <parameter constant_type="string" name="NHBS_data" simulated_value="datagen/NHBS_mock_2014.csv" type="constant" value="data/IDU2_HCV_model_012913_cleaned.csv" value2012="data/IDU3_2012-2014-04-17.csv" />
</sweep>