<sweep jobNum="182" runs="1">
		
		<parameter constant_type="double" name="ab_prob_acute" type="constant" value="0.0254157593588" />
		<parameter constant_type="double" name="ab_prob_chronic" type="constant" value="0.611644041185" />
		<parameter constant_type="double" name="attrition_rate" type="constant" value="0.0579652825986" />
		<parameter constant_type="double" name="burn_in_days" type="constant" value="365.0" value_nob="0" />
		<parameter constant_type="number" name="dump_network_distances" type="constant" value="-1" />
		<parameter constant_type="double" name="homophily_strength" type="constant" value="0.698003410441" />
		<parameter constant_type="number" name="initial_pwid_count" type="constant" value="32548" />
		<parameter constant_type="double" name="interaction_home_cutoff" type="constant" value="1.37732104312" />
		<parameter constant_type="double" name="interaction_rate_constant" type="constant" value="0.0215381261826" />
		<parameter constant_type="double" name="interaction_rate_at_drug_sites" type="constant" value="5.4715388126e-05" />
		<parameter constant_type="double" name="interaction_rate_exzone" type="constant" value="0.0783961002078" />
		<parameter constant_type="double" name="mean_career_duration" type="constant" value="23.9165225182" />
        <parameter constant_type="double" name="mean_days_acute_naive" type="constant" value="104.2132507" />
		<parameter constant_type="double" name="mean_days_acute_rechallenged" type="constant" value="47.3521700486" />
		<parameter constant_type="double" name="mean_days_naive_to_infectious" type="constant" value="3.53498253195" />
		<parameter constant_type="double" name="mean_enrichment_ChicagoNonNEP" type="constant" value="0.368462575039" />
		<parameter constant_type="double" name="mean_enrichment_suburbs" type="constant" value="2.44009853346" />
		<parameter constant_type="double" name="mean_tie_lifetime" type="constant" value="727.924847149" />
		<parameter constant_type="double" name="net_inflow" type="constant" value="0.0" />
		<parameter constant_type="double" name="nonNEP_age_boost" type="constant" value="2.82419533549" />
		<parameter constant_type="double" name="nonNEP_age_started_boost" type="constant" value="2.54706729122" />
		<parameter constant_type="double" name="nonNEP_degree_boost" type="constant" value="0.186501746805" />
		<parameter constant_type="double" name="nonNEP_hcv_ab_boost" type="constant" value="0.00702276898916" />
		<parameter constant_type="double" name="nonNEP_injection_ratio" type="constant" value="0.818519077578" />
		<parameter constant_type="double" name="nonNEP_sharing_boost" type="constant" value="0.281696663026" />
		<parameter constant_type="string" name="output_directory" type="constant" value="output" />
		<parameter constant_type="double" name="prob_cessation" type="constant" value="0.194264195557" />
		<parameter constant_type="double" name="prob_infected_when_arrive" type="constant" value="0.0683019263422" />
		<parameter constant_type="double" name="prob_self_limiting_female" type="constant" value="0.339730594986" />
		<parameter constant_type="double" name="prob_self_limiting_male" type="constant" value="0.139209396164" />
		<parameter constant_type="double" name="prob_clearing" type="constant" value="0.910203730816" />
		<parameter constant_type="double" name="pwid_maturity_threshold" type="constant" value="6.89909409341" />
        <parameter comment="365*5 + 365 burnin" constant_type="number" name="run_length" shortvalue="4015" type="constant" value="4040" />
        <parameter constant_type="double" name="status_report_frequency" type="constant" value="365.0" />
        <parameter constant_type="double" name="transmissibility" type="constant" value="0.00547602103675" />
        <parameter constant_type="string" name="NEP_data" simulated_value="datagen/NEP_mock_2014.csv" type="constant" value="data/NEP_Risk_Base_Merge.csv" />
        <parameter constant_type="string" name="NHBS_data" simulated_value="datagen/NHBS_mock_2014.csv" type="constant" value="data/IDU2_HCV_model_012913_cleaned.csv" value2012="data/IDU3_2012-2014-04-17.csv" />
</sweep>