<sweep jobNum="15" runs="1">
		
		<parameter constant_type="double" name="ab_prob_acute" type="constant" value="0.0238891234214" />
		<parameter constant_type="double" name="ab_prob_chronic" type="constant" value="0.581541770807" />
		<parameter constant_type="double" name="attrition_rate" type="constant" value="0.0367226947166" />
		<parameter constant_type="double" name="burn_in_days" type="constant" value="365.0" value_nob="0" />
		<parameter constant_type="number" name="dump_network_distances" type="constant" value="-1" />
		<parameter constant_type="double" name="homophily_strength" type="constant" value="0.735832874599" />
		<parameter constant_type="number" name="initial_pwid_count" type="constant" value="33401" />
		<parameter constant_type="double" name="interaction_home_cutoff" type="constant" value="2.04850439469" />
		<parameter constant_type="double" name="interaction_rate_constant" type="constant" value="0.0171536049585" />
		<parameter constant_type="double" name="interaction_rate_at_drug_sites" type="constant" value="8.14739801482e-05" />
		<parameter constant_type="double" name="interaction_rate_exzone" type="constant" value="0.0895832874599" />
		<parameter constant_type="double" name="mean_career_duration" type="constant" value="30.6394016438" />
        <parameter constant_type="double" name="mean_days_acute_naive" type="constant" value="113.12292896" />
		<parameter constant_type="double" name="mean_days_acute_rechallenged" type="constant" value="13.3946458958" />
		<parameter constant_type="double" name="mean_days_naive_to_infectious" type="constant" value="3.09998920887" />
		<parameter constant_type="double" name="mean_enrichment_ChicagoNonNEP" type="constant" value="0.644568117674" />
		<parameter constant_type="double" name="mean_enrichment_suburbs" type="constant" value="1.51619574879" />
		<parameter constant_type="double" name="mean_tie_lifetime" type="constant" value="844.124057243" />
		<parameter constant_type="double" name="net_inflow" type="constant" value="0.0" />
		<parameter constant_type="double" name="nonNEP_age_boost" type="constant" value="2.68540592366" />
		<parameter constant_type="double" name="nonNEP_age_started_boost" type="constant" value="2.08276737295" />
		<parameter constant_type="double" name="nonNEP_degree_boost" type="constant" value="0.247136255675" />
		<parameter constant_type="double" name="nonNEP_hcv_ab_boost" type="constant" value="0.00852101933537" />
		<parameter constant_type="double" name="nonNEP_injection_ratio" type="constant" value="0.831473980148" />
		<parameter constant_type="double" name="nonNEP_sharing_boost" type="constant" value="0.271835094499" />
		<parameter constant_type="string" name="output_directory" type="constant" value="output" />
		<parameter constant_type="double" name="prob_cessation" type="constant" value="0.26958038473" />
		<parameter constant_type="double" name="prob_infected_when_arrive" type="constant" value="0.0248152620623" />
		<parameter constant_type="double" name="prob_self_limiting_female" type="constant" value="0.318502217584" />
		<parameter constant_type="double" name="prob_self_limiting_male" type="constant" value="0.122275038967" />
		<parameter constant_type="double" name="prob_clearing" type="constant" value="0.814167125401" />
		<parameter constant_type="double" name="pwid_maturity_threshold" type="constant" value="4.1101656832" />
        <parameter comment="365*5 + 365 burnin" constant_type="number" name="run_length" shortvalue="4015" type="constant" value="4040" />
        <parameter constant_type="double" name="status_report_frequency" type="constant" value="365.0" />
        <parameter constant_type="double" name="transmissibility" type="constant" value="0.0100575814976" />
        <parameter constant_type="string" name="NEP_data" simulated_value="datagen/NEP_mock_2014.csv" type="constant" value="data/NEP_Risk_Base_Merge.csv" />
        <parameter constant_type="string" name="NHBS_data" simulated_value="datagen/NHBS_mock_2014.csv" type="constant" value="data/IDU2_HCV_model_012913_cleaned.csv" value2012="data/IDU3_2012-2014-04-17.csv" />
</sweep>