<sweep jobNum="64" runs="1">
		
		<parameter constant_type="double" name="ab_prob_acute" type="constant" value="0.0162947960296" />
		<parameter constant_type="double" name="ab_prob_chronic" type="constant" value="0.631745378445" />
		<parameter constant_type="double" name="attrition_rate" type="constant" value="0.0431596948632" />
		<parameter constant_type="double" name="burn_in_days" type="constant" value="365.0" value_nob="0" />
		<parameter constant_type="number" name="dump_network_distances" type="constant" value="-1" />
		<parameter constant_type="double" name="homophily_strength" type="constant" value="0.61930823541" />
		<parameter constant_type="number" name="initial_pwid_count" type="constant" value="30943" />
		<parameter constant_type="double" name="interaction_home_cutoff" type="constant" value="1.77859405479" />
		<parameter constant_type="double" name="interaction_rate_constant" type="constant" value="0.017014449357" />
		<parameter constant_type="double" name="interaction_rate_at_drug_sites" type="constant" value="6.955555184e-05" />
		<parameter constant_type="double" name="interaction_rate_exzone" type="constant" value="0.0937571211535" />
		<parameter constant_type="double" name="mean_career_duration" type="constant" value="21.9198022491" />
        <parameter constant_type="double" name="mean_days_acute_naive" type="constant" value="81.6289461609" />
		<parameter constant_type="double" name="mean_days_acute_rechallenged" type="constant" value="10.5634989554" />
		<parameter constant_type="double" name="mean_days_naive_to_infectious" type="constant" value="3.43235674759" />
		<parameter constant_type="double" name="mean_enrichment_ChicagoNonNEP" type="constant" value="0.306478299514" />
		<parameter constant_type="double" name="mean_enrichment_suburbs" type="constant" value="1.77438817012" />
		<parameter constant_type="double" name="mean_tie_lifetime" type="constant" value="396.221263325" />
		<parameter constant_type="double" name="net_inflow" type="constant" value="0.0" />
		<parameter constant_type="double" name="nonNEP_age_boost" type="constant" value="2.42584894057" />
		<parameter constant_type="double" name="nonNEP_age_started_boost" type="constant" value="1.14516590875" />
		<parameter constant_type="double" name="nonNEP_degree_boost" type="constant" value="0.321484215356" />
		<parameter constant_type="double" name="nonNEP_hcv_ab_boost" type="constant" value="0.0158968513749" />
		<parameter constant_type="double" name="nonNEP_injection_ratio" type="constant" value="0.847003521926" />
		<parameter constant_type="double" name="nonNEP_sharing_boost" type="constant" value="0.38749067617" />
		<parameter constant_type="string" name="output_directory" type="constant" value="output" />
		<parameter constant_type="double" name="prob_cessation" type="constant" value="0.225935372281" />
		<parameter constant_type="double" name="prob_infected_when_arrive" type="constant" value="0.0749071582752" />
		<parameter constant_type="double" name="prob_self_limiting_female" type="constant" value="0.322711640105" />
		<parameter constant_type="double" name="prob_self_limiting_male" type="constant" value="0.114765832761" />
		<parameter constant_type="double" name="prob_clearing" type="constant" value="0.861146153511" />
		<parameter constant_type="double" name="pwid_maturity_threshold" type="constant" value="6.74365010446" />
        <parameter comment="365*5 + 365 burnin" constant_type="number" name="run_length" shortvalue="4015" type="constant" value="4040" />
        <parameter constant_type="double" name="status_report_frequency" type="constant" value="365.0" />
        <parameter constant_type="double" name="transmissibility" type="constant" value="0.0406845355297" />
        <parameter constant_type="string" name="NEP_data" simulated_value="datagen/NEP_mock_2014.csv" type="constant" value="data/NEP_Risk_Base_Merge.csv" />
        <parameter constant_type="string" name="NHBS_data" simulated_value="datagen/NHBS_mock_2014.csv" type="constant" value="data/IDU2_HCV_model_012913_cleaned.csv" value2012="data/IDU3_2012-2014-04-17.csv" />
</sweep>