<sweep jobNum="256" runs="1">
		
		<parameter constant_type="double" name="ab_prob_acute" type="constant" value="0.0158635749377" />
		<parameter constant_type="double" name="ab_prob_chronic" type="constant" value="0.685626193043" />
		<parameter constant_type="double" name="attrition_rate" type="constant" value="0.0143721661588" />
		<parameter constant_type="double" name="burn_in_days" type="constant" value="365.0" value_nob="0" />
		<parameter constant_type="number" name="dump_network_distances" type="constant" value="-1" />
		<parameter constant_type="double" name="homophily_strength" type="constant" value="0.760203730816" />
		<parameter constant_type="number" name="initial_pwid_count" type="constant" value="32753" />
		<parameter constant_type="double" name="interaction_home_cutoff" type="constant" value="2.6088889632" />
		<parameter constant_type="double" name="interaction_rate_constant" type="constant" value="0.0117513728938" />
		<parameter constant_type="double" name="interaction_rate_at_drug_sites" type="constant" value="0.00013288435624" />
		<parameter constant_type="double" name="interaction_rate_exzone" type="constant" value="0.0804516590875" />
		<parameter constant_type="double" name="mean_career_duration" type="constant" value="31.2610658289" />
        <parameter constant_type="double" name="mean_days_acute_naive" type="constant" value="82.2195358099" />
		<parameter constant_type="double" name="mean_days_acute_rechallenged" type="constant" value="37.6606673948" />
		<parameter constant_type="double" name="mean_days_naive_to_infectious" type="constant" value="3.88863123456" />
		<parameter constant_type="double" name="mean_enrichment_ChicagoNonNEP" type="constant" value="0.581487360372" />
		<parameter constant_type="double" name="mean_enrichment_suburbs" type="constant" value="2.38401425427" />
		<parameter constant_type="double" name="mean_tie_lifetime" type="constant" value="886.128119114" />
		<parameter constant_type="double" name="net_inflow" type="constant" value="0.0" />
		<parameter constant_type="double" name="nonNEP_age_boost" type="constant" value="4.01862418234" />
		<parameter constant_type="double" name="nonNEP_age_started_boost" type="constant" value="1.61719511201" />
		<parameter constant_type="double" name="nonNEP_degree_boost" type="constant" value="0.252869805287" />
		<parameter constant_type="double" name="nonNEP_hcv_ab_boost" type="constant" value="0.0117298527691" />
		<parameter constant_type="double" name="nonNEP_injection_ratio" type="constant" value="0.838929702739" />
		<parameter constant_type="double" name="nonNEP_sharing_boost" type="constant" value="0.309027061577" />
		<parameter constant_type="string" name="output_directory" type="constant" value="output" />
		<parameter constant_type="double" name="prob_cessation" type="constant" value="0.164011789066" />
		<parameter constant_type="double" name="prob_infected_when_arrive" type="constant" value="0.0542289453054" />
		<parameter constant_type="double" name="prob_self_limiting_female" type="constant" value="0.339443682584" />
		<parameter constant_type="double" name="prob_self_limiting_male" type="constant" value="0.113800994399" />
		<parameter constant_type="double" name="prob_clearing" type="constant" value="0.802336675516" />
		<parameter constant_type="double" name="pwid_maturity_threshold" type="constant" value="3.83670188997" />
        <parameter comment="365*5 + 365 burnin" constant_type="number" name="run_length" shortvalue="4015" type="constant" value="4040" />
        <parameter constant_type="double" name="status_report_frequency" type="constant" value="365.0" />
        <parameter constant_type="double" name="transmissibility" type="constant" value="0.00974726278685" />
        <parameter constant_type="string" name="NEP_data" simulated_value="datagen/NEP_mock_2014.csv" type="constant" value="data/NEP_Risk_Base_Merge.csv" />
        <parameter constant_type="string" name="NHBS_data" simulated_value="datagen/NHBS_mock_2014.csv" type="constant" value="data/IDU2_HCV_model_012913_cleaned.csv" value2012="data/IDU3_2012-2014-04-17.csv" />
</sweep>