<sweep jobNum="239" runs="1">
		
		<parameter constant_type="double" name="ab_prob_acute" type="constant" value="0.0169590915019" />
		<parameter constant_type="double" name="ab_prob_chronic" type="constant" value="0.644132334849" />
		<parameter constant_type="double" name="attrition_rate" type="constant" value="0.022043983225" />
		<parameter constant_type="double" name="burn_in_days" type="constant" value="365.0" value_nob="0" />
		<parameter constant_type="number" name="dump_network_distances" type="constant" value="-1" />
		<parameter constant_type="double" name="homophily_strength" type="constant" value="0.715174061357" />
		<parameter constant_type="number" name="initial_pwid_count" type="constant" value="33935" />
		<parameter constant_type="double" name="interaction_home_cutoff" type="constant" value="2.05992956147" />
		<parameter constant_type="double" name="interaction_rate_constant" type="constant" value="0.018859799469" />
		<parameter constant_type="double" name="interaction_rate_at_drug_sites" type="constant" value="9.7289195328e-05" />
		<parameter constant_type="double" name="interaction_rate_exzone" type="constant" value="0.0927908278823" />
		<parameter constant_type="double" name="mean_career_duration" type="constant" value="32.7025790465" />
        <parameter constant_type="double" name="mean_days_acute_naive" type="constant" value="103.212609867" />
		<parameter constant_type="double" name="mean_days_acute_rechallenged" type="constant" value="14.9875579975" />
		<parameter constant_type="double" name="mean_days_naive_to_infectious" type="constant" value="3.43862830295" />
		<parameter constant_type="double" name="mean_enrichment_ChicagoNonNEP" type="constant" value="0.508558855578" />
		<parameter constant_type="double" name="mean_enrichment_suburbs" type="constant" value="2.07875669256" />
		<parameter constant_type="double" name="mean_tie_lifetime" type="constant" value="524.482591705" />
		<parameter constant_type="double" name="net_inflow" type="constant" value="0.0" />
		<parameter constant_type="double" name="nonNEP_age_boost" type="constant" value="1.87080665846" />
		<parameter constant_type="double" name="nonNEP_age_started_boost" type="constant" value="1.33558219926" />
		<parameter constant_type="double" name="nonNEP_degree_boost" type="constant" value="0.299521380013" />
		<parameter constant_type="double" name="nonNEP_hcv_ab_boost" type="constant" value="0.0159610325651" />
		<parameter constant_type="double" name="nonNEP_injection_ratio" type="constant" value="0.854426501399" />
		<parameter constant_type="double" name="nonNEP_sharing_boost" type="constant" value="0.241980293308" />
		<parameter constant_type="string" name="output_directory" type="constant" value="output" />
		<parameter constant_type="double" name="prob_cessation" type="constant" value="0.161839776334" />
		<parameter constant_type="double" name="prob_infected_when_arrive" type="constant" value="0.0544584614045" />
		<parameter constant_type="double" name="prob_self_limiting_female" type="constant" value="0.304386161208" />
		<parameter constant_type="double" name="prob_self_limiting_male" type="constant" value="0.134954472062" />
		<parameter constant_type="double" name="prob_clearing" type="constant" value="0.835978997281" />
		<parameter constant_type="double" name="pwid_maturity_threshold" type="constant" value="3.89033181749" />
        <parameter comment="365*5 + 365 burnin" constant_type="number" name="run_length" shortvalue="4015" type="constant" value="4040" />
        <parameter constant_type="double" name="status_report_frequency" type="constant" value="365.0" />
        <parameter constant_type="double" name="transmissibility" type="constant" value="0.0121295119667" />
        <parameter constant_type="string" name="NEP_data" simulated_value="datagen/NEP_mock_2014.csv" type="constant" value="data/NEP_Risk_Base_Merge.csv" />
        <parameter constant_type="string" name="NHBS_data" simulated_value="datagen/NHBS_mock_2014.csv" type="constant" value="data/IDU2_HCV_model_012913_cleaned.csv" value2012="data/IDU3_2012-2014-04-17.csv" />
</sweep>