<sweep jobNum="160" runs="1">
		
		<parameter constant_type="double" name="ab_prob_acute" type="constant" value="0.017610219121" />
		<parameter constant_type="double" name="ab_prob_chronic" type="constant" value="0.723812910033" />
		<parameter constant_type="double" name="attrition_rate" type="constant" value="0.0296218602753" />
		<parameter constant_type="double" name="burn_in_days" type="constant" value="365.0" value_nob="0" />
		<parameter constant_type="number" name="dump_network_distances" type="constant" value="-1" />
		<parameter constant_type="double" name="homophily_strength" type="constant" value="0.729216404039" />
		<parameter constant_type="number" name="initial_pwid_count" type="constant" value="31110" />
		<parameter constant_type="double" name="interaction_home_cutoff" type="constant" value="1.45842406412" />
		<parameter constant_type="double" name="interaction_rate_constant" type="constant" value="0.0142470157577" />
		<parameter constant_type="double" name="interaction_rate_at_drug_sites" type="constant" value="0.000107587030679" />
		<parameter constant_type="double" name="interaction_rate_exzone" type="constant" value="0.0816137169705" />
		<parameter constant_type="double" name="mean_career_duration" type="constant" value="11.946040767" />
        <parameter constant_type="double" name="mean_days_acute_naive" type="constant" value="91.9688312806" />
		<parameter constant_type="double" name="mean_days_acute_rechallenged" type="constant" value="36.2728501247" />
		<parameter constant_type="double" name="mean_days_naive_to_infectious" type="constant" value="2.61723262705" />
		<parameter constant_type="double" name="mean_enrichment_ChicagoNonNEP" type="constant" value="0.300938256617" />
		<parameter constant_type="double" name="mean_enrichment_suburbs" type="constant" value="1.68519077578" />
		<parameter constant_type="double" name="mean_tie_lifetime" type="constant" value="558.286964465" />
		<parameter constant_type="double" name="net_inflow" type="constant" value="0.0" />
		<parameter constant_type="double" name="nonNEP_age_boost" type="constant" value="1.78962353115" />
		<parameter constant_type="double" name="nonNEP_age_started_boost" type="constant" value="0.704691283087" />
		<parameter constant_type="double" name="nonNEP_degree_boost" type="constant" value="0.152817494777" />
		<parameter constant_type="double" name="nonNEP_hcv_ab_boost" type="constant" value="0.00283456968934" />
		<parameter constant_type="double" name="nonNEP_injection_ratio" type="constant" value="0.843852572472" />
		<parameter constant_type="double" name="nonNEP_sharing_boost" type="constant" value="0.239430776252" />
		<parameter constant_type="string" name="output_directory" type="constant" value="output" />
		<parameter constant_type="double" name="prob_cessation" type="constant" value="0.234494377397" />
		<parameter constant_type="double" name="prob_infected_when_arrive" type="constant" value="0.0667945672583" />
		<parameter constant_type="double" name="prob_self_limiting_female" type="constant" value="0.34913958753" />
		<parameter constant_type="double" name="prob_self_limiting_male" type="constant" value="0.120108218472" />
		<parameter constant_type="double" name="prob_clearing" type="constant" value="0.793180949779" />
		<parameter constant_type="double" name="pwid_maturity_threshold" type="constant" value="5.33814978567" />
        <parameter comment="365*5 + 365 burnin" constant_type="number" name="run_length" shortvalue="4015" type="constant" value="4040" />
        <parameter constant_type="double" name="status_report_frequency" type="constant" value="365.0" />
        <parameter constant_type="double" name="transmissibility" type="constant" value="0.0357010975884" />
        <parameter constant_type="string" name="NEP_data" simulated_value="datagen/NEP_mock_2014.csv" type="constant" value="data/NEP_Risk_Base_Merge.csv" />
        <parameter constant_type="string" name="NHBS_data" simulated_value="datagen/NHBS_mock_2014.csv" type="constant" value="data/IDU2_HCV_model_012913_cleaned.csv" value2012="data/IDU3_2012-2014-04-17.csv" />
</sweep>