<sweep jobNum="280" runs="1">
		
		<parameter constant_type="double" name="ab_prob_acute" type="constant" value="0.0237052039704" />
		<parameter constant_type="double" name="ab_prob_chronic" type="constant" value="0.513810236729" />
		<parameter constant_type="double" name="attrition_rate" type="constant" value="0.0306922102784" />
		<parameter constant_type="double" name="burn_in_days" type="constant" value="365.0" value_nob="0" />
		<parameter constant_type="number" name="dump_network_distances" type="constant" value="-1" />
		<parameter constant_type="double" name="homophily_strength" type="constant" value="0.674337566065" />
		<parameter constant_type="number" name="initial_pwid_count" type="constant" value="31960" />
		<parameter constant_type="double" name="interaction_home_cutoff" type="constant" value="1.39796269184" />
		<parameter constant_type="double" name="interaction_rate_constant" type="constant" value="0.0124287171992" />
		<parameter constant_type="double" name="interaction_rate_at_drug_sites" type="constant" value="6.5323968265e-05" />
		<parameter constant_type="double" name="interaction_rate_exzone" type="constant" value="0.0824167125401" />
		<parameter constant_type="double" name="mean_career_duration" type="constant" value="31.0743868996" />
        <parameter constant_type="double" name="mean_days_acute_naive" type="constant" value="89.6026612128" />
		<parameter constant_type="double" name="mean_days_acute_rechallenged" type="constant" value="16.9033181749" />
		<parameter constant_type="double" name="mean_days_naive_to_infectious" type="constant" value="3.6088889632" />
		<parameter constant_type="double" name="mean_enrichment_ChicagoNonNEP" type="constant" value="0.617683578734" />
		<parameter constant_type="double" name="mean_enrichment_suburbs" type="constant" value="1.69898134592" />
		<parameter constant_type="double" name="mean_tie_lifetime" type="constant" value="651.053858491" />
		<parameter constant_type="double" name="net_inflow" type="constant" value="0.0" />
		<parameter constant_type="double" name="nonNEP_age_boost" type="constant" value="2.89295616488" />
		<parameter constant_type="double" name="nonNEP_age_started_boost" type="constant" value="1.2550828416" />
		<parameter constant_type="double" name="nonNEP_degree_boost" type="constant" value="0.267435087107" />
		<parameter constant_type="double" name="nonNEP_hcv_ab_boost" type="constant" value="0.0178580336109" />
		<parameter constant_type="double" name="nonNEP_injection_ratio" type="constant" value="0.837757418186" />
		<parameter constant_type="double" name="nonNEP_sharing_boost" type="constant" value="0.238567768623" />
		<parameter constant_type="string" name="output_directory" type="constant" value="output" />
		<parameter constant_type="double" name="prob_cessation" type="constant" value="0.170345468417" />
		<parameter constant_type="double" name="prob_infected_when_arrive" type="constant" value="0.0789136235347" />
		<parameter constant_type="double" name="prob_self_limiting_female" type="constant" value="0.315127677513" />
		<parameter constant_type="double" name="prob_self_limiting_male" type="constant" value="0.13852979944" />
		<parameter constant_type="double" name="prob_clearing" type="constant" value="0.849714791483" />
		<parameter constant_type="double" name="pwid_maturity_threshold" type="constant" value="3.43311641212" />
        <parameter comment="365*5 + 365 burnin" constant_type="number" name="run_length" shortvalue="4015" type="constant" value="4040" />
        <parameter constant_type="double" name="status_report_frequency" type="constant" value="365.0" />
        <parameter constant_type="double" name="transmissibility" type="constant" value="0.0112995569589" />
        <parameter constant_type="string" name="NEP_data" simulated_value="datagen/NEP_mock_2014.csv" type="constant" value="data/NEP_Risk_Base_Merge.csv" />
        <parameter constant_type="string" name="NHBS_data" simulated_value="datagen/NHBS_mock_2014.csv" type="constant" value="data/IDU2_HCV_model_012913_cleaned.csv" value2012="data/IDU3_2012-2014-04-17.csv" />
</sweep>