<sweep jobNum="87" runs="1">
		
		<parameter constant_type="double" name="ab_prob_acute" type="constant" value="0.0299530871691" />
		<parameter constant_type="double" name="ab_prob_chronic" type="constant" value="0.695751212205" />
		<parameter constant_type="double" name="attrition_rate" type="constant" value="0.022571542501" />
		<parameter constant_type="double" name="burn_in_days" type="constant" value="365.0" value_nob="0" />
		<parameter constant_type="number" name="dump_network_distances" type="constant" value="-1" />
		<parameter constant_type="double" name="homophily_strength" type="constant" value="0.766478513138" />
		<parameter constant_type="number" name="initial_pwid_count" type="constant" value="30205" />
		<parameter constant_type="double" name="interaction_home_cutoff" type="constant" value="1.21655820606" />
		<parameter constant_type="double" name="interaction_rate_constant" type="constant" value="0.0210824037473" />
		<parameter constant_type="double" name="interaction_rate_at_drug_sites" type="constant" value="0.000143175685142" />
		<parameter constant_type="double" name="interaction_rate_exzone" type="constant" value="0.088389780879" />
		<parameter constant_type="double" name="mean_career_duration" type="constant" value="26.1573650565" />
        <parameter constant_type="double" name="mean_days_acute_naive" type="constant" value="122.172941148" />
		<parameter constant_type="double" name="mean_days_acute_rechallenged" type="constant" value="25.6559378065" />
		<parameter constant_type="double" name="mean_days_naive_to_infectious" type="constant" value="3.39507203223" />
		<parameter constant_type="double" name="mean_enrichment_ChicagoNonNEP" type="constant" value="0.315395793915" />
		<parameter constant_type="double" name="mean_enrichment_suburbs" type="constant" value="2.42763078996" />
		<parameter constant_type="double" name="mean_tie_lifetime" type="constant" value="797.913478383" />
		<parameter constant_type="double" name="net_inflow" type="constant" value="0.0" />
		<parameter constant_type="double" name="nonNEP_age_boost" type="constant" value="2.18763609619" />
		<parameter constant_type="double" name="nonNEP_age_started_boost" type="constant" value="2.60569223748" />
		<parameter constant_type="double" name="nonNEP_degree_boost" type="constant" value="0.233435501348" />
		<parameter constant_type="double" name="nonNEP_hcv_ab_boost" type="constant" value="0.00475202162984" />
		<parameter constant_type="double" name="nonNEP_injection_ratio" type="constant" value="0.811214394232" />
		<parameter constant_type="double" name="nonNEP_sharing_boost" type="constant" value="0.402284058837" />
		<parameter constant_type="string" name="output_directory" type="constant" value="output" />
		<parameter constant_type="double" name="prob_cessation" type="constant" value="0.280856230968" />
		<parameter constant_type="double" name="prob_infected_when_arrive" type="constant" value="0.0609740348426" />
		<parameter constant_type="double" name="prob_self_limiting_female" type="constant" value="0.387233474219" />
		<parameter constant_type="double" name="prob_self_limiting_male" type="constant" value="0.11331236128" />
		<parameter constant_type="double" name="prob_clearing" type="constant" value="0.938019706692" />
		<parameter constant_type="double" name="pwid_maturity_threshold" type="constant" value="5.8898343168" />
        <parameter comment="365*5 + 365 burnin" constant_type="number" name="run_length" shortvalue="4015" type="constant" value="4040" />
        <parameter constant_type="double" name="status_report_frequency" type="constant" value="365.0" />
        <parameter constant_type="double" name="transmissibility" type="constant" value="0.0145359441146" />
        <parameter constant_type="string" name="NEP_data" simulated_value="datagen/NEP_mock_2014.csv" type="constant" value="data/NEP_Risk_Base_Merge.csv" />
        <parameter constant_type="string" name="NHBS_data" simulated_value="datagen/NHBS_mock_2014.csv" type="constant" value="data/IDU2_HCV_model_012913_cleaned.csv" value2012="data/IDU3_2012-2014-04-17.csv" />
</sweep>