<sweep jobNum="67" runs="1">
		
		<parameter constant_type="double" name="ab_prob_acute" type="constant" value="0.0264358940283" />
		<parameter constant_type="double" name="ab_prob_chronic" type="constant" value="0.540633684056" />
		<parameter constant_type="double" name="attrition_rate" type="constant" value="0.0411501030449" />
		<parameter constant_type="double" name="burn_in_days" type="constant" value="365.0" value_nob="0" />
		<parameter constant_type="number" name="dump_network_distances" type="constant" value="-1" />
		<parameter constant_type="double" name="homophily_strength" type="constant" value="0.720390190865" />
		<parameter constant_type="number" name="initial_pwid_count" type="constant" value="33917" />
		<parameter constant_type="double" name="interaction_home_cutoff" type="constant" value="2.35832874599" />
		<parameter constant_type="double" name="interaction_rate_constant" type="constant" value="0.0136295678066" />
		<parameter constant_type="double" name="interaction_rate_at_drug_sites" type="constant" value="0.0001179164373" />
		<parameter constant_type="double" name="interaction_rate_exzone" type="constant" value="0.0830783595961" />
		<parameter constant_type="double" name="mean_career_duration" type="constant" value="30.8257428674" />
        <parameter constant_type="double" name="mean_days_acute_naive" type="constant" value="87.9625056096" />
		<parameter constant_type="double" name="mean_days_acute_rechallenged" type="constant" value="9.0090590659" />
		<parameter constant_type="double" name="mean_days_naive_to_infectious" type="constant" value="3.55483409125" />
		<parameter constant_type="double" name="mean_enrichment_ChicagoNonNEP" type="constant" value="0.379592538368" />
		<parameter constant_type="double" name="mean_enrichment_suburbs" type="constant" value="2.06147427528" />
		<parameter constant_type="double" name="mean_tie_lifetime" type="constant" value="881.219172847" />
		<parameter constant_type="double" name="net_inflow" type="constant" value="0.0" />
		<parameter constant_type="double" name="nonNEP_age_boost" type="constant" value="4.39768523548" />
		<parameter constant_type="double" name="nonNEP_age_started_boost" type="constant" value="1.22336675516" />
		<parameter constant_type="double" name="nonNEP_degree_boost" type="constant" value="0.198635749377" />
		<parameter constant_type="double" name="nonNEP_hcv_ab_boost" type="constant" value="0.00973645869829" />
		<parameter constant_type="double" name="nonNEP_injection_ratio" type="constant" value="0.861948904395" />
		<parameter constant_type="double" name="nonNEP_sharing_boost" type="constant" value="0.395062210012" />
		<parameter constant_type="string" name="output_directory" type="constant" value="output" />
		<parameter constant_type="double" name="prob_cessation" type="constant" value="0.285406397111" />
		<parameter constant_type="double" name="prob_infected_when_arrive" type="constant" value="0.0616865616156" />
		<parameter constant_type="double" name="prob_self_limiting_female" type="constant" value="0.376890099874" />
		<parameter constant_type="double" name="prob_self_limiting_male" type="constant" value="0.11488537833" />
		<parameter constant_type="double" name="prob_clearing" type="constant" value="0.841146997201" />
		<parameter constant_type="double" name="pwid_maturity_threshold" type="constant" value="4.55718810957" />
        <parameter comment="365*5 + 365 burnin" constant_type="number" name="run_length" shortvalue="4015" type="constant" value="4040" />
        <parameter constant_type="double" name="status_report_frequency" type="constant" value="365.0" />
        <parameter constant_type="double" name="transmissibility" type="constant" value="0.026534490739" />
        <parameter constant_type="string" name="NEP_data" simulated_value="datagen/NEP_mock_2014.csv" type="constant" value="data/NEP_Risk_Base_Merge.csv" />
        <parameter constant_type="string" name="NHBS_data" simulated_value="datagen/NHBS_mock_2014.csv" type="constant" value="data/IDU2_HCV_model_012913_cleaned.csv" value2012="data/IDU3_2012-2014-04-17.csv" />
</sweep>