<sweep jobNum="245" runs="1">
		
		<parameter constant_type="double" name="ab_prob_acute" type="constant" value="0.0186554818728" />
		<parameter constant_type="double" name="ab_prob_chronic" type="constant" value="0.640037465669" />
		<parameter constant_type="double" name="attrition_rate" type="constant" value="0.0651478654756" />
		<parameter constant_type="double" name="burn_in_days" type="constant" value="365.0" value_nob="0" />
		<parameter constant_type="number" name="dump_network_distances" type="constant" value="-1" />
		<parameter constant_type="double" name="homophily_strength" type="constant" value="0.788863123456" />
		<parameter constant_type="number" name="initial_pwid_count" type="constant" value="30698" />
		<parameter constant_type="double" name="interaction_home_cutoff" type="constant" value="2.90569223748" />
		<parameter constant_type="double" name="interaction_rate_constant" type="constant" value="0.0105140661174" />
		<parameter constant_type="double" name="interaction_rate_at_drug_sites" type="constant" value="9.81457221953e-05" />
		<parameter constant_type="double" name="interaction_rate_exzone" type="constant" value="0.0828992959132" />
		<parameter constant_type="double" name="mean_career_duration" type="constant" value="32.1985337425" />
        <parameter constant_type="double" name="mean_days_acute_naive" type="constant" value="77.1172820772" />
		<parameter constant_type="double" name="mean_days_acute_rechallenged" type="constant" value="20.3446525409" />
		<parameter constant_type="double" name="mean_days_naive_to_infectious" type="constant" value="3.25662433935" />
		<parameter constant_type="double" name="mean_enrichment_ChicagoNonNEP" type="constant" value="0.454548906874" />
		<parameter constant_type="double" name="mean_enrichment_suburbs" type="constant" value="2.2840952511" />
		<parameter constant_type="double" name="mean_tie_lifetime" type="constant" value="740.644515761" />
		<parameter constant_type="double" name="net_inflow" type="constant" value="0.0" />
		<parameter constant_type="double" name="nonNEP_age_boost" type="constant" value="3.4293244354" />
		<parameter constant_type="double" name="nonNEP_age_started_boost" type="constant" value="1.51934095443" />
		<parameter constant_type="double" name="nonNEP_degree_boost" type="constant" value="0.300203730816" />
		<parameter constant_type="double" name="nonNEP_hcv_ab_boost" type="constant" value="0.0172935237964" />
		<parameter constant_type="double" name="nonNEP_injection_ratio" type="constant" value="0.890742107678" />
		<parameter constant_type="double" name="nonNEP_sharing_boost" type="constant" value="0.378303336974" />
		<parameter constant_type="string" name="output_directory" type="constant" value="output" />
		<parameter constant_type="double" name="prob_cessation" type="constant" value="0.244220166944" />
		<parameter constant_type="double" name="prob_infected_when_arrive" type="constant" value="0.054688124387" />
		<parameter constant_type="double" name="prob_self_limiting_female" type="constant" value="0.319489954835" />
		<parameter constant_type="double" name="prob_self_limiting_male" type="constant" value="0.113679249731" />
		<parameter constant_type="double" name="prob_clearing" type="constant" value="0.891364250623" />
		<parameter constant_type="double" name="pwid_maturity_threshold" type="constant" value="6.49048862877" />
        <parameter comment="365*5 + 365 burnin" constant_type="number" name="run_length" shortvalue="4015" type="constant" value="4040" />
        <parameter constant_type="double" name="status_report_frequency" type="constant" value="365.0" />
        <parameter constant_type="double" name="transmissibility" type="constant" value="0.0176499687112" />
        <parameter constant_type="string" name="NEP_data" simulated_value="datagen/NEP_mock_2014.csv" type="constant" value="data/NEP_Risk_Base_Merge.csv" />
        <parameter constant_type="string" name="NHBS_data" simulated_value="datagen/NHBS_mock_2014.csv" type="constant" value="data/IDU2_HCV_model_012913_cleaned.csv" value2012="data/IDU3_2012-2014-04-17.csv" />
</sweep>