<sweep jobNum="110" runs="1">
		
		<parameter constant_type="double" name="ab_prob_acute" type="constant" value="0.0164774705194" />
		<parameter constant_type="double" name="ab_prob_chronic" type="constant" value="0.610155316806" />
		<parameter constant_type="double" name="attrition_rate" type="constant" value="0.0473869237726" />
		<parameter constant_type="double" name="burn_in_days" type="constant" value="365.0" value_nob="0" />
		<parameter constant_type="number" name="dump_network_distances" type="constant" value="-1" />
		<parameter constant_type="double" name="homophily_strength" type="constant" value="0.792302103043" />
		<parameter constant_type="number" name="initial_pwid_count" type="constant" value="33677" />
		<parameter constant_type="double" name="interaction_home_cutoff" type="constant" value="2.10572363263" />
		<parameter constant_type="double" name="interaction_rate_constant" type="constant" value="0.0212811824015" />
		<parameter constant_type="double" name="interaction_rate_at_drug_sites" type="constant" value="5.38489484787e-05" />
		<parameter constant_type="double" name="interaction_rate_exzone" type="constant" value="0.0889216404039" />
		<parameter constant_type="double" name="mean_career_duration" type="constant" value="24.5451479356" />
        <parameter constant_type="double" name="mean_days_acute_naive" type="constant" value="117.566973922" />
		<parameter constant_type="double" name="mean_days_acute_rechallenged" type="constant" value="15.9592538368" />
		<parameter constant_type="double" name="mean_days_naive_to_infectious" type="constant" value="3.87182505223" />
		<parameter constant_type="double" name="mean_enrichment_ChicagoNonNEP" type="constant" value="0.317135537245" />
		<parameter constant_type="double" name="mean_enrichment_suburbs" type="constant" value="1.52522647665" />
		<parameter constant_type="double" name="mean_tie_lifetime" type="constant" value="820.446791093" />
		<parameter constant_type="double" name="net_inflow" type="constant" value="0.0" />
		<parameter constant_type="double" name="nonNEP_age_boost" type="constant" value="3.87247358252" />
		<parameter constant_type="double" name="nonNEP_age_started_boost" type="constant" value="1.94485163628" />
		<parameter constant_type="double" name="nonNEP_degree_boost" type="constant" value="0.289589355149" />
		<parameter constant_type="double" name="nonNEP_hcv_ab_boost" type="constant" value="0.0162198478138" />
		<parameter constant_type="double" name="nonNEP_injection_ratio" type="constant" value="0.8326904937" />
		<parameter constant_type="double" name="nonNEP_sharing_boost" type="constant" value="0.301972135187" />
		<parameter constant_type="string" name="output_directory" type="constant" value="output" />
		<parameter constant_type="double" name="prob_cessation" type="constant" value="0.158143990974" />
		<parameter constant_type="double" name="prob_infected_when_arrive" type="constant" value="0.0887043400971" />
		<parameter constant_type="double" name="prob_self_limiting_female" type="constant" value="0.376546432503" />
		<parameter constant_type="double" name="prob_self_limiting_male" type="constant" value="0.135840682125" />
		<parameter constant_type="double" name="prob_clearing" type="constant" value="0.853137804265" />
		<parameter constant_type="double" name="pwid_maturity_threshold" type="constant" value="5.05134310238" />
        <parameter comment="365*5 + 365 burnin" constant_type="number" name="run_length" shortvalue="4015" type="constant" value="4040" />
        <parameter constant_type="double" name="status_report_frequency" type="constant" value="365.0" />
        <parameter constant_type="double" name="transmissibility" type="constant" value="0.0287869308171" />
        <parameter constant_type="string" name="NEP_data" simulated_value="datagen/NEP_mock_2014.csv" type="constant" value="data/NEP_Risk_Base_Merge.csv" />
        <parameter constant_type="string" name="NHBS_data" simulated_value="datagen/NHBS_mock_2014.csv" type="constant" value="data/IDU2_HCV_model_012913_cleaned.csv" value2012="data/IDU3_2012-2014-04-17.csv" />
</sweep>