<sweep jobNum="209" runs="1">
		
		<parameter constant_type="double" name="ab_prob_acute" type="constant" value="0.0177859405479" />
		<parameter constant_type="double" name="ab_prob_chronic" type="constant" value="0.660948931481" />
		<parameter constant_type="double" name="attrition_rate" type="constant" value="0.0267903963942" />
		<parameter constant_type="double" name="burn_in_days" type="constant" value="365.0" value_nob="0" />
		<parameter constant_type="number" name="dump_network_distances" type="constant" value="-1" />
		<parameter constant_type="double" name="homophily_strength" type="constant" value="0.762267895688" />
		<parameter constant_type="number" name="initial_pwid_count" type="constant" value="30305" />
		<parameter constant_type="double" name="interaction_home_cutoff" type="constant" value="1.73747604672" />
		<parameter constant_type="double" name="interaction_rate_constant" type="constant" value="0.0181865068044" />
		<parameter constant_type="double" name="interaction_rate_at_drug_sites" type="constant" value="9.90017052206e-05" />
		<parameter constant_type="double" name="interaction_rate_exzone" type="constant" value="0.0911533960744" />
		<parameter constant_type="double" name="mean_career_duration" type="constant" value="14.0473695833" />
        <parameter constant_type="double" name="mean_days_acute_naive" type="constant" value="100.072938479" />
		<parameter constant_type="double" name="mean_days_acute_rechallenged" type="constant" value="33.9624428823" />
		<parameter constant_type="double" name="mean_days_naive_to_infectious" type="constant" value="3.06564498652" />
		<parameter constant_type="double" name="mean_enrichment_ChicagoNonNEP" type="constant" value="0.647547065093" />
		<parameter constant_type="double" name="mean_enrichment_suburbs" type="constant" value="1.94426923244" />
		<parameter constant_type="double" name="mean_tie_lifetime" type="constant" value="301.54524366" />
		<parameter constant_type="double" name="net_inflow" type="constant" value="0.0" />
		<parameter constant_type="double" name="nonNEP_age_boost" type="constant" value="4.4109472921" />
		<parameter constant_type="double" name="nonNEP_age_started_boost" type="constant" value="2.53084686851" />
		<parameter constant_type="double" name="nonNEP_degree_boost" type="constant" value="0.314524431439" />
		<parameter constant_type="double" name="nonNEP_hcv_ab_boost" type="constant" value="0.0189810469837" />
		<parameter constant_type="double" name="nonNEP_injection_ratio" type="constant" value="0.827122592072" />
		<parameter constant_type="double" name="nonNEP_sharing_boost" type="constant" value="0.291108765786" />
		<parameter constant_type="string" name="output_directory" type="constant" value="output" />
		<parameter constant_type="double" name="prob_cessation" type="constant" value="0.302705576486" />
		<parameter constant_type="double" name="prob_infected_when_arrive" type="constant" value="0.0869208412171" />
		<parameter constant_type="double" name="prob_self_limiting_female" type="constant" value="0.343160200656" />
		<parameter constant_type="double" name="prob_self_limiting_male" type="constant" value="0.13048255744" />
		<parameter constant_type="double" name="prob_clearing" type="constant" value="0.82610219121" />
		<parameter constant_type="double" name="pwid_maturity_threshold" type="constant" value="3.40191302021" />
        <parameter comment="365*5 + 365 burnin" constant_type="number" name="run_length" shortvalue="4015" type="constant" value="4040" />
        <parameter constant_type="double" name="status_report_frequency" type="constant" value="365.0" />
        <parameter constant_type="double" name="transmissibility" type="constant" value="0.0105748328501" />
        <parameter constant_type="string" name="NEP_data" simulated_value="datagen/NEP_mock_2014.csv" type="constant" value="data/NEP_Risk_Base_Merge.csv" />
        <parameter constant_type="string" name="NHBS_data" simulated_value="datagen/NHBS_mock_2014.csv" type="constant" value="data/IDU2_HCV_model_012913_cleaned.csv" value2012="data/IDU3_2012-2014-04-17.csv" />
</sweep>